run_id,design_point,rqs,mode,arm,interpreter,throughput_mean_mbps,throughput_p5_mbps,delay_p50_ms,delay_p95_ms,delay_p99_ms,jitter_iqr_ms,outage_share,prb_util_mean,prb_util_per_cell,handover_rate_per_ue_s,handover_total_time_p50_ms,handover_total_time_p95_ms,rlf_count,stale_exposure_ue_s_per_intent,stale_delay_median_s
rq1_e_r0p3_s30_fixed_0_1,dp_r0p3_s30_u5,RQ1,E,fixed-0.1,control,1.4149990650964726,0.1568307602679879,16.918,163.626,511.749,30.488,0.14935708043776788,0.8701601695032806,"{""1"": 0.663817448295951, ""2"": 0.6157762015729682, ""3"": 0.9970700553451791, ""4"": 0.2227777745412176, ""5"": 0.9944674628604719, ""6"": 0.955315438392077, ""7"": 0.9972538304689775, ""8"": 0.6104496650160209, ""9"": 0.9879084765511215, ""10"": 0.7993572094378095, ""11"": 0.9906561316632683, ""12"": 0.9774168948441597, ""13"": 0.9803755898630935, ""14"": 0.821391814739295, ""15"": 0.9912459947567726, ""16"": 0.9006004660646665, ""17"": 0.9954068453247887, ""18"": 0.9234609670841829, ""19"": 0.8618397028837752, ""20"": 0.996660879697058, ""21"": 0.9901147101660355}",0.002102781706742103,65.001,104.50009999999989,27,0.7320063829787262,0.11430000000000007
rq1_e_r0p3_s30_fixed_1,dp_r0p3_s30_u5,RQ1,E,fixed-1,control,1.4999618603747933,0.12738188173609083,17.135,147.278,487.508,29.319,0.16500908548680177,0.8718735175398444,"{""1"": 0.6486314593649869, ""2"": 0.42069496067579376, ""3"": 0.9971886105447131, ""4"": 0.22207483250801047, ""5"": 0.9943780658316341, ""6"": 0.9404390911739003, ""7"": 0.9950229828138655, ""8"": 0.9065492863384795, ""9"": 0.9809326827847364, ""10"": 0.7898773084765511, ""11"": 0.8880956889018351, ""12"": 0.9909708709583455, ""13"": 0.9800703757646373, ""14"": 0.8918656277308477, ""15"": 0.9921912030294203, ""16"": 0.8933824643169239, ""17"": 0.9938437809496067, ""18"": 0.9849926012234198, ""19"": 0.8404462277891058, ""20"": 0.9675898339644626, ""21"": 0.9901059131954558}",0.0020744931636020743,65.001,150.25094999999993,22,6.460743617021269,1.0142999999999986
rq1_e_r0p3_s30_fixed_5,dp_r0p3_s30_u5,RQ1,E,fixed-5,control,1.3888227095557122,0.1416055927759977,16.333,173.798,536.496,28.115,0.13988598060838084,0.8614448795306064,"{""1"": 0.5850482959510632, ""2"": 0.49746688027963876, ""3"": 0.9978404019807748, ""4"": 0.222828750364113, ""5"": 0.9921479464025634, ""6"": 0.9610752111855521, ""7"": 0.9971377803670259, ""8"": 0.6193665598601806, ""9"": 0.9632815613166327, ""10"": 0.7984330614622779, ""11"": 0.9955863967375473, ""12"": 0.9935458782406058, ""13"": 0.9805559568890183, ""14"": 0.8076505971453539, ""15"": 0.9935159918438684, ""16"": 0.8710836586076317, ""17"": 0.99465176230702, ""18"": 0.930418467812409, ""19"": 0.9057397028837751, ""20"": 0.9929158170696184, ""21"": 0.9900517914360617}",0.0022442244224422443,65.001,125.00015,185,31.099840723404252,5.014299999999999
rq1_e_r0p3_s30_l_anyjev_l0,dp_r0p3_s30_u5,RQ1,E,L,AnyJev-L0,1.390069854216082,0.16807282260413656,16.635,164.94,531.402,26.29,0.15910837390592705,0.8628536667915054,"{""1"": 0.6327989513545004, ""2"": 0.4841113894552869, ""3"": 0.9977286921060298, ""4"": 0.22182679871832214, ""5"": 0.9939600058258082, ""6"": 0.9606833090591319, ""7"": 0.9943575298572677, ""8"": 0.5964299155257792, ""9"": 0.9737571511797262, ""10"": 0.7992085930672882, ""11"": 0.9957503058549374, ""12"": 0.9935058549373725, ""13"": 0.9806646373434315, ""14"": 0.8472530731138945, ""15"": 0.9914297698805709, ""16"": 0.9000984852898339, ""17"": 0.9671218467812409, ""18"": 0.9239479464025634, ""19"": 0.892754383920769, ""20"": 0.9823943780949608, ""21"": 0.9901439848528983}",0.0021404997642621407,65.001,120.0,26,2.601859063829781,0.39379900000000134
rq1_e_r0p3_s30_l_deepseek_v4_1_flash,dp_r0p3_s30_u5,RQ1,E,L,DeepSeek-V4.1-Flash,1.5004579473735316,0.13564579085348016,16.666,151.065,509.602,25.174,0.16712024745814433,0.8678711719584424,"{""1"": 0.7503651907952229, ""2"": 0.48356722982813866, ""3"": 0.9967557529857268, ""4"": 0.22429332944946112, ""5"": 0.9946037285173318, ""6"": 0.9558789105738421, ""7"": 0.9922587824060588, ""8"": 0.6454679871832216, ""9"": 0.9682676958928051, ""10"": 0.8486413632391494, ""11"": 0.9706251966210312, ""12"": 0.9919203612001165, ""13"": 0.9789842703175066, ""14"": 0.8134934750946694, ""15"": 0.9925521992426449, ""16"": 0.8825963879988348, ""17"": 0.9811785027672589, ""18"": 0.8960334692688611, ""19"": 0.879859947567725, ""20"": 0.9878329158170696, ""21"": 0.9901179143606175}",0.002046204620462046,65.144,134.00019999999978,198,3.7774184255319048,0.5203020000000151
rq1_e_r0p3_s30_l_glm_5_3_flash,dp_r0p3_s30_u5,RQ1,E,L,GLM-5.3-Flash,1.4187570943087402,0.22493445965627276,16.283,160.759,509.846,28.11,0.11401106903582872,0.8815583884704479,"{""1"": 0.6693185551995339, ""2"": 0.606176638508593, ""3"": 0.9973132537139529, ""4"": 0.22368127002621613, ""5"": 0.993438712496359, ""6"": 0.95579595106321, ""7"": 0.9968681619574716, ""8"": 0.6893602388581416, ""9"": 0.9941944072240023, ""10"": 0.8740501310806874, ""11"": 0.9915781240897175, ""12"": 0.987329595106321, ""13"": 0.9791517331779784, ""14"": 0.8563920186425867, ""15"": 0.9925464899504807, ""16"": 0.8851304107194874, ""17"": 0.9964608505680164, ""18"": 0.930754296533644, ""19"": 0.9127290416545295, ""20"": 0.9903274686862802, ""21"": 0.9901288086221963}",0.0023008015087223007,65.001,104.25014999999998,17,8.812847063829814,1.0989709999999775
rq1_e_r0p3_s30_l_jev_1_13_0,dp_r0p3_s30_u5,RQ1,E,L,Jev-1.13.0,1.374552758242825,0.1547940576755028,16.557,171.393,531.34,28.554000000000002,0.15955224501685322,0.8573188478770476,"{""1"": 0.6244773376055928, ""2"": 0.49712374016894845, ""3"": 0.9977043693562482, ""4"": 0.22182426449169823, ""5"": 0.9949951354500437, ""6"": 0.9528438392076901, ""7"": 0.9966832508010487, ""8"": 0.5392958928051267, ""9"": 0.9581193125546169, ""10"": 0.7954475385959802, ""11"": 0.9952738421205942, ""12"": 0.9891357995921934, ""13"": 0.9793851441887561, ""14"": 0.8183528983396445, ""15"": 0.9921145936498689, ""16"": 0.9005180017477424, ""17"": 0.9943088260996213, ""18"": 0.9240016603553742, ""19"": 0.8525371395281095, ""20"": 0.9894363239149432, ""21"": 0.9901168948441597}",0.0020556341348420557,67.572,100.001,42,1.8893874468085132,0.299650999999983
rq1_e_r0p3_s30_l_qwen3_5_4b_json,dp_r0p3_s30_u5,RQ1,E,L,Qwen3.5-4B-JSON,1.4304269984603224,0.12248295951063272,16.807,159.292,513.922,27.663,0.17411121745523145,0.8647395392063029,"{""1"": 0.7721818817360909, ""2"": 0.4108291290416546, ""3"": 0.9977889018351296, ""4"": 0.22243623652781824, ""5"": 0.9946228662976988, ""6"": 0.9402423827556073, ""7"": 0.9952622778910574, ""8"": 0.624973696475386, ""9"": 0.9648923099330032, ""10"": 0.8285861637052142, ""11"": 0.9934256626856977, ""12"": 0.9931670841829303, ""13"": 0.9758877366734635, ""14"": 0.8686654238275561, ""15"": 0.9962503058549375, ""16"": 0.8521200407806584, ""17"": 0.9925345179143606, ""18"": 0.9203729682493446, ""19"": 0.8357711039906788, ""20"": 0.9893099912612875, ""21"": 0.9902096417127876}",0.0019896275341819898,69.215,140.0,56,2.68014363829787,0.4242039999999996
rq1_e_r0p3_s30_l_qwen3_8_flash,dp_r0p3_s30_u5,RQ1,E,L,Qwen3.8-Flash,1.435969417280457,0.1536871540926303,16.528,179.308,570.762,25.545,0.151002177742638,0.8691839596077289,"{""1"": 0.7727585785027673, ""2"": 0.41575732595397613, ""3"": 0.9980976988057093, ""4"": 0.22267296824934457, ""5"": 0.9932194873288669, ""6"": 0.962064928633848, ""7"": 0.9918091756481212, ""8"": 0.6867033789688318, ""9"": 0.9598870667055054, ""10"": 0.8568601806000583, ""11"": 0.9882364113020682, ""12"": 0.9826737256044277, ""13"": 0.9645443635304398, ""14"": 0.8073521992426449, ""15"": 0.9979561025342266, ""16"": 0.8521351296242353, ""17"": 0.9947726478298863, ""18"": 0.9274418001747743, ""19"": 0.8919364986891931, ""20"": 0.995712059423245, ""21"": 0.9902714244101369}",0.0020650636492220652,70.0,135.50089999999997,43,14.045799702127663,2.203343000000018
rq1_e_r0p3_s30_l_semif_qwen3_5_4b,dp_r0p3_s30_u5,RQ1,E,L,SemIf-Qwen3.5-4B,1.415762895149321,0.18584678124089687,16.507,159.178,469.213,30.914,0.13806888324802685,0.8777271011055165,"{""1"": 0.6846023885814156, ""2"": 0.6119791727352171, ""3"": 0.9972841829303816, ""4"": 0.22338220215554908, ""5"": 0.9942344305272356, ""6"": 0.9645644916982232, ""7"": 0.9972227789105739, ""8"": 0.6130630061170987, ""9"": 0.9888523157588115, ""10"": 0.8782726187008447, ""11"": 0.991553626565686, ""12"": 0.9936471016603554, ""13"": 0.97751179726187, ""14"": 0.8170681619574716, ""15"": 0.9923363239149432, ""16"": 0.9002923099330032, ""17"": 0.9963648121176812, ""18"": 0.9212995921934168, ""19"": 0.902249490241771, ""20"": 0.9964042237110399, ""21"": 0.9900840955432567}",0.0021782178217821784,69.215,117.5,37,2.3888683829787296,0.35971000000000686
rq1_e_r0p3_s30_no_update,dp_r0p3_s30_u5,RQ1,E,no-update,control,1.4259296297837516,0.15609903874162584,16.656,159.375,521.851,29.339000000000002,0.14761488632738268,0.8515086069382605,"{""1"": 0.5720688610544713, ""2"": 0.42014555782114765, ""3"": 0.997900495193708, ""4"": 0.2222321584619866, ""5"": 0.9911078939702883, ""6"": 0.9536043110981648, ""7"": 0.9970741625400523, ""8"": 0.5847357413341101, ""9"": 0.9662013690649577, ""10"": 0.7992635595688902, ""11"": 0.9850104573259539, ""12"": 0.9759104573259539, ""13"": 0.9762796679289252, ""14"": 0.8538740168948441, ""15"": 0.9927261287503641, ""16"": 0.8653602679871832, ""17"": 0.9919359743664433, ""18"": 0.9228214389746577, ""19"": 0.835948732886688, ""20"": 0.9875248470725313, ""21"": 0.9899546460821439}",0.0021216407355021216,65.072,98.99999999999991,37,1167.8261012553191,48.10466899999999
rq1_e_r0p3_s30_oracle,dp_r0p3_s30_u5,RQ1,E,oracle,control,1.4849840567045351,0.14234430527235672,16.787,153.658,525.797,24.906,0.16798024773556378,0.8691181792961868,"{""1"": 0.5927254296533644, ""2"": 0.41694899504806293, ""3"": 0.997642994465482, ""4"": 0.22375752985726768, ""5"": 0.9947409845616079, ""6"": 0.9492234780075736, ""7"": 0.9921799300903, ""8"": 0.7143664724730556, ""9"": 0.9450841538013399, ""10"": 0.8879287794931547, ""11"": 0.9882127876492862, ""12"": 0.977447130789397, ""13"": 0.9787939994174192, ""14"": 0.8941897465773376, ""15"": 0.9917295659772793, ""16"": 0.8613470142732305, ""17"": 0.9949134867462861, ""18"": 0.9854136906495776, ""19"": 0.8865774541217594, ""20"": 0.9883000582580833, ""21"": 0.9899580833090591}",0.001999057048561999,65.144,125.001,198,0.031595744680841566,0.0049999999999954525
rq2_e_r0p1_s120_fixed_0_1,dp_r0p1_s120_u5,RQ2,E,fixed-0.1,control,1.2873053653936823,0.1838190099009963,15.776,171.24,551.649,25.317999999999998,0.16886091466289485,0.8712018882602548,"{""1"": 0.7106614653465346, ""2"": 0.5264494455445544, ""3"": 0.9944429900990099, ""4"": 0.9698430792079208, ""5"": 0.9785731188118811, ""6"": 0.9831887821782179, ""7"": 0.9705476336633664, ""8"": 0.7466749702970297, ""9"": 0.977914396039604, ""10"": 0.9396841584158415, ""11"": 0.49060952475247527, ""12"": 0.9876640792079208, ""13"": 0.9553914455445546, ""14"": 0.641331811881188, ""15"": 0.9721490594059407, ""16"": 0.8178619207920792, ""17"": 0.9851152277227723, ""18"": 0.9568808712871288, ""19"": 0.7276235148514852, ""20"": 0.9846119108910891, ""21"": 0.9780202475247524}",0.023432343234323433,65.001,95.0,66629,0.7373470588235628,0.11430000000001428
rq2_e_r0p1_s120_fixed_1,dp_r0p1_s120_u5,RQ2,E,fixed-1,control,1.1337705761433288,0.181222970297029,13.738,179.003,606.539,23.643,0.19042998585572843,0.8740631537010844,"{""1"": 0.6967270099009901, ""2"": 0.9108061089108911, ""3"": 0.9931448415841584, ""4"": 0.9682307920792078, ""5"": 0.9677518316831683, ""6"": 0.9859641881188118, ""7"": 0.8381660297029703, ""8"": 0.6211564356435644, ""9"": 0.9721224455445545, ""10"": 0.975185792079208, ""11"": 0.4926448613861386, ""12"": 0.979005702970297, ""13"": 0.9449642673267327, ""14"": 0.6276403168316832, ""15"": 0.9714004257425742, ""16"": 0.8352413861386139, ""17"": 0.976310801980198, ""18"": 0.8942905544554456, ""19"": 0.7463010099009901, ""20"": 0.9799387920792079, ""21"": 0.9783326336633662}",0.023206034889203205,65.143,100.001,66789,6.523341176470661,1.01430000000002
rq2_e_r0p1_s120_fixed_5,dp_r0p1_s120_u5,RQ2,E,fixed-5,control,1.2034822291372,0.17951247524752725,15.483,174.559,513.568,33.267999999999994,0.17134370579915134,0.9062353380480908,"{""1"": 0.9883877425742575, ""2"": 0.6808568712871288, ""3"": 0.9694357128712872, ""4"": 0.9744714059405941, ""5"": 0.9208789207920792, ""6"": 0.9765410891089109, ""7"": 0.9706887524752474, ""8"": 0.6417492376237623, ""9"": 0.9801839504950494, ""10"": 0.9361652673267328, ""11"": 0.5135605643564356, ""12"": 0.9877172277227723, ""13"": 0.9818296435643564, ""14"": 0.9808154257425743, ""15"": 0.9667359801980199, ""16"": 0.9786146534653465, ""17"": 0.9881908712871288, ""18"": 0.9566222178217823, ""19"": 0.665386693069307, ""20"": 0.9786397227722773, ""21"": 0.9934701485148516}",0.0233003300330033,65.001,95.0005,67292,31.895485000000072,5.01430000000002
rq2_e_r0p1_s120_l_anyjev_l0,dp_r0p1_s120_u5,RQ2,E,L,AnyJev-L0,1.2064841301272984,0.1805053465346459,14.772,176.149,540.517,31.495000000000005,0.1646958981612447,0.8970650702498824,"{""1"": 0.9902486831683167, ""2"": 0.5338621089108911, ""3"": 0.9937407227722773, ""4"": 0.9818975049504951, ""5"": 0.9011139900990099, ""6"": 0.9734220990099011, ""7"": 0.9688570000000001, ""8"": 0.6433284752475247, ""9"": 0.984383603960396, ""10"": 0.9413479504950494, ""11"": 0.4870889405940594, ""12"": 0.9863329207920791, ""13"": 0.9703348613861387, ""14"": 0.9800407128712871, ""15"": 0.9680252277227722, ""16"": 0.9779678019801981, ""17"": 0.977330297029703, ""18"": 0.9566735346534654, ""19"": 0.6474316435643563, ""20"": 0.9810540198019801, ""21"": 0.9938843762376238}",0.023422913719943424,65.001,90.001,67513,2.618840823529447,0.3911689999999908
rq2_e_r0p1_s120_l_deepseek_v4_1_flash,dp_r0p1_s120_u5,RQ2,E,L,DeepSeek-V4.1-Flash,1.2263639924563885,0.18082277227723276,15.906,168.996,514.451,33.507999999999996,0.17373597359735973,0.8993139311645448,"{""1"": 0.9866731584158416, ""2"": 0.5178708613861387, ""3"": 0.9694525247524752, ""4"": 0.9655096930693069, ""5"": 0.9794224059405942, ""6"": 0.9726524257425744, ""7"": 0.9692665247524752, ""8"": 0.6382201584158416, ""9"": 0.9843107425742574, ""10"": 0.9395432178217822, ""11"": 0.4839561881188119, ""12"": 0.9875551980198018, ""13"": 0.9825185544554457, ""14"": 0.9808433465346534, ""15"": 0.9701327425742575, ""16"": 0.9760029504950496, ""17"": 0.9809789801980198, ""18"": 0.9561588118811881, ""19"": 0.6660402178217821, ""20"": 0.9838548712871287, ""21"": 0.9946289801980197}",0.023083451202263083,65.001,88.20710000000042,67326,3.987777882353,0.5186479999999847
rq2_e_r0p1_s120_l_glm_5_3_flash,dp_r0p1_s120_u5,RQ2,E,L,GLM-5.3-Flash,1.1746798698727015,0.17775584158414975,14.455,174.184,528.97,35.533,0.1679038189533239,0.8970092329090052,"{""1"": 0.9892537524752476, ""2"": 0.5347745247524752, ""3"": 0.9688539207920792, ""4"": 0.9690074455445545, ""5"": 0.8985031089108911, ""6"": 0.9731805940594059, ""7"": 0.9686314257425743, ""8"": 0.6401946039603961, ""9"": 0.9822677920792079, ""10"": 0.9349690099009901, ""11"": 0.4862549405940594, ""12"": 0.9859895346534654, ""13"": 0.9829770396039604, ""14"": 0.9823844653465347, ""15"": 0.993638, ""16"": 0.9789785643564356, ""17"": 0.9825120792079207, ""18"": 0.9561272376237623, ""19"": 0.6547289504950494, ""20"": 0.9802977524752474, ""21"": 0.9936691485148514}",0.023196605374823195,65.001,95.001,67016,8.802715215686291,1.0651670000000308
rq2_e_r0p1_s120_l_jev_1_13_0,dp_r0p1_s120_u5,RQ2,E,L,Jev-1.13.0,1.2127610579915133,0.17695148514850567,14.913,168.23,518.139,33.353,0.16391324846770391,0.8921887793493634,"{""1"": 0.8425843465346534, ""2"": 0.5402500396039603, ""3"": 0.9696652376237623, ""4"": 0.9809341386138613, ""5"": 0.9007736534653464, ""6"": 0.9736093861386138, ""7"": 0.9696918217821782, ""8"": 0.6485723960396039, ""9"": 0.9786219504950495, ""10"": 0.9526352673267328, ""11"": 0.49354505940594057, ""12"": 0.9878919009900989, ""13"": 0.9834547425742575, ""14"": 0.9815475148514852, ""15"": 0.970478801980198, ""16"": 0.97641400990099, ""17"": 0.9844195049504951, ""18"": 0.9562978811881188, ""19"": 0.6664519306930693, ""20"": 0.9844068613861385, ""21"": 0.9937179207920791}",0.023366336633663366,65.001,90.00015,67160,1.9443988039216493,0.29499300000009043
rq2_e_r0p1_s120_l_qwen3_5_4b_json,dp_r0p1_s120_u5,RQ2,E,L,Qwen3.5-4B-JSON,1.2234577350306453,0.18086356435642623,15.601,169.674,513.454,33.135,0.16724186704384725,0.8997716001885901,"{""1"": 0.9858525643564356, ""2"": 0.5321799405940594, ""3"": 0.969574603960396, ""4"": 0.9716061188118811, ""5"": 0.9688825445544554, ""6"": 0.9723175346534654, ""7"": 0.9705721287128714, ""8"": 0.6449486138613861, ""9"": 0.9805400792079207, ""10"": 0.9423923564356436, ""11"": 0.4873186534653465, ""12"": 0.9856776534653466, ""13"": 0.9823759405940593, ""14"": 0.9812901584158416, ""15"": 0.967359702970297, ""16"": 0.9765388514851485, ""17"": 0.97620500990099, ""18"": 0.9582457326732673, ""19"": 0.6621651980198019, ""20"": 0.9842841980198019, ""21"": 0.9948760198019801}",0.023262611975483263,65.001,85.001,66834,2.73168643137257,0.42420400000000313
rq2_e_r0p1_s120_l_qwen3_8_flash,dp_r0p1_s120_u5,RQ2,E,L,Qwen3.8-Flash,1.060258555398397,0.1714495049505003,13.575,187.811,561.139,40.197,0.1898048090523338,0.9070894285714286,"{""1"": 0.9578493960396038, ""2"": 0.9350300792079208, ""3"": 0.9743313861386138, ""4"": 0.9791043762376238, ""5"": 0.8939177425742574, ""6"": 0.9749859801980197, ""7"": 0.9873347425742575, ""8"": 0.6276744851485149, ""9"": 0.9824912871287129, ""10"": 0.9256151584158416, ""11"": 0.49093607920792076, ""12"": 0.9866113663366336, ""13"": 0.968473485148515, ""14"": 0.9811545445544555, ""15"": 0.8386968415841585, ""16"": 0.9788046237623762, ""17"": 0.9752797920792079, ""18"": 0.9851940891089109, ""19"": 0.6354677722772277, ""20"": 0.976513603960396, ""21"": 0.9934111683168316}",0.02278170674210278,65.001,105.0,67133,16.142537725490254,2.3805170000000544
rq2_e_r0p1_s120_l_semif_qwen3_5_4b,dp_r0p1_s120_u5,RQ2,E,L,SemIf-Qwen3.5-4B,1.2801471626591225,0.17257544554455065,16.363,160.338,601.193,24.339,0.18192362093352193,0.879897672324375,"{""1"": 0.9340604752475248, ""2"": 0.6850024554455446, ""3"": 0.9905009900990098, ""4"": 0.9681521485148514, ""5"": 0.9037345940594059, ""6"": 0.9727198217821782, ""7"": 0.9679609603960395, ""8"": 0.6237234257425742, ""9"": 0.9754232475247524, ""10"": 0.9735080594059405, ""11"": 0.4896359108910891, ""12"": 0.9858348316831683, ""13"": 0.964235702970297, ""14"": 0.6308523663366337, ""15"": 0.967840287128713, ""16"": 0.8295930495049506, ""17"": 0.9881338712871286, ""18"": 0.9551133168316832, ""19"": 0.7162097128712871, ""20"": 0.9779533663366337, ""21"": 0.9776625247524752}",0.023215464403583217,65.001,100.0,66937,2.4355183137255394,0.3599659999999858
rq2_e_r0p1_s120_no_update,dp_r0p1_s120_u5,RQ2,E,no-update,control,1.0237245601131546,0.176514257425736,12.899,192.007,546.145,37.2,0.20393116454502594,0.8784539349363507,"{""1"": 0.8824042277227723, ""2"": 0.5105709009900989, ""3"": 0.9812335742574257, ""4"": 0.9775729801980199, ""5"": 0.979555693069307, ""6"": 0.9812125148514852, ""7"": 0.615897702970297, ""8"": 0.6099728118811881, ""9"": 0.9798710099009902, ""10"": 0.9593613465346535, ""11"": 0.48332234653465345, ""12"": 0.9871899306930693, ""13"": 0.9749660495049506, ""14"": 0.9796752277227724, ""15"": 0.9855513465346535, ""16"": 0.9757321881188119, ""17"": 0.9791228316831684, ""18"": 0.9566417128712871, ""19"": 0.6792049900990099, ""20"": 0.9749427524752475, ""21"": 0.9935304950495049}",0.022423385195662424,65.001,100.0,67599,851.5819464901961,105.85201600000005
rq2_e_r0p1_s120_oracle,dp_r0p1_s120_u5,RQ2,E,oracle,control,1.1836366902404525,0.17465643564356367,16.047,157.153,536.915,32.358999999999995,0.19648844884488448,0.901982005657709,"{""1"": 0.7784148217821782, ""2"": 0.8191950693069306, ""3"": 0.9682593168316831, ""4"": 0.9782631683168317, ""5"": 0.9676561881188118, ""6"": 0.9747050792079208, ""7"": 0.8985515148514852, ""8"": 0.6802466138613861, ""9"": 0.977675099009901, ""10"": 0.9697450693069306, ""11"": 0.4878380099009901, ""12"": 0.9766827227722772, ""13"": 0.9793204851485148, ""14"": 0.9826248019801981, ""15"": 0.9664706534653466, ""16"": 0.9796014950495049, ""17"": 0.9742389009900991, ""18"": 0.9581211584158416, ""19"": 0.6568644257425743, ""20"": 0.9733719900990099, ""21"": 0.9937755346534654}",0.02280999528524281,65.001,109.74349999999998,67737,0.032058823529424824,0.0049999999999954525
rq2_e_r0p1_s3_fixed_0_1,dp_r0p1_s3_u5,RQ2,E,fixed-0.1,control,1.6993323319189062,0.1783589702970337,16.697,129.249,358.219,33.126,0.08953418198962754,0.8785918519566243,"{""1"": 0.7540581089108911, ""2"": 0.6099689702970297, ""3"": 0.9992484752475248, ""4"": 0.762702198019802, ""5"": 0.9670438316831683, ""6"": 0.8611891188118811, ""7"": 0.9940291188118813, ""8"": 0.6738371089108911, ""9"": 0.9758263366336634, ""10"": 0.9491230396039604, ""11"": 0.9857919801980198, ""12"": 0.997558891089109, ""13"": 0.6474037326732673, ""14"": 0.7502101980198019, ""15"": 0.9975313267326732, ""16"": 0.557393693069307, ""17"": 0.996909198019802, ""18"": 0.9924517425742574, ""19"": 0.9905509405940595, ""20"": 0.9983125049504951, ""21"": 0.9892883762376237}",0.0036963696369636963,65.001,110.0,10,0.7575697674418361,0.11430000000000007
rq2_e_r0p1_s3_fixed_1,dp_r0p1_s3_u5,RQ2,E,fixed-1,control,1.6696223950966527,0.1700039603960391,16.797,127.391,343.791,32.214999999999996,0.12877510608203677,0.866928013672796,"{""1"": 0.7260904554455446, ""2"": 0.5078696534653465, ""3"": 0.9992443069306931, ""4"": 0.7560318811881188, ""5"": 0.9799523564356436, ""6"": 0.8610015049504951, ""7"": 0.9938854257425742, ""8"": 0.6332828316831683, ""9"": 0.9972310891089109, ""10"": 0.9458970792079208, ""11"": 0.989005702970297, ""12"": 0.997275792079208, ""13"": 0.6265945742574257, ""14"": 0.733345099009901, ""15"": 0.9976481881188118, ""16"": 0.5413478712871288, ""17"": 0.9764874851485149, ""18"": 0.9923904158415842, ""19"": 0.9873508514851485, ""20"": 0.9746131782178218, ""21"": 0.9889425445544554}",0.0019236209335219236,65.0,105.001,14,6.722686046511591,1.0142999999999915
rq2_e_r0p1_s3_fixed_5,dp_r0p1_s3_u5,RQ2,E,fixed-5,control,1.7069028665723718,0.2020898613861411,16.811,124.121,348.296,32.868,0.08684582743988685,0.8839997510608202,"{""1"": 0.7560312178217822, ""2"": 0.5644983861386138, ""3"": 0.9992827227722771, ""4"": 0.7627362673267327, ""5"": 0.9706030792079208, ""6"": 0.8621394059405941, ""7"": 0.9939195148514852, ""8"": 0.6936641386138614, ""9"": 0.9765055544554455, ""10"": 0.8648837128712872, ""11"": 0.9874577326732673, ""12"": 0.9975577425742573, ""13"": 0.7064134653465346, ""14"": 0.9214817029702971, ""15"": 0.9973848514851484, ""16"": 0.5497063861386139, ""17"": 0.9898539108910891, ""18"": 0.9922305742574258, ""19"": 0.9900755544554456, ""20"": 0.9983855247524751, ""21"": 0.9891833267326732}",0.0039603960396039604,65.001,120.0,10,33.35092558139531,5.0142999999999915
rq2_e_r0p1_s3_l_anyjev_l0,dp_r0p1_s3_u5,RQ2,E,L,AnyJev-L0,1.63959655068364,0.18200475247525078,16.78,130.204,345.829,35.955,0.0998057520037718,0.9002042621404998,"{""1"": 0.7562314950495049, ""2"": 0.8063958712871286, ""3"": 0.9992357920792079, ""4"": 0.7627996138613862, ""5"": 0.9725381287128713, ""6"": 0.8620655148514851, ""7"": 0.9984481881188119, ""8"": 0.6823573465346534, ""9"": 0.9904336138613861, ""10"": 0.9568132673267327, ""11"": 0.9644230693069308, ""12"": 0.997488900990099, ""13"": 0.7236289306930692, ""14"": 0.9221206930693069, ""15"": 0.9974399504950495, ""16"": 0.5627109702970297, ""17"": 0.9887290099009901, ""18"": 0.992160693069307, ""19"": 0.9873258118811882, ""20"": 0.9919457326732674, ""21"": 0.9889969108910891}",0.002263083451202263,65.0,85.0,10,2.5654879767441616,0.391226999999958
rq2_e_r0p1_s3_l_deepseek_v4_1_flash,dp_r0p1_s3_u5,RQ2,E,L,DeepSeek-V4.1-Flash,1.6204805657708623,0.17532990099010815,16.9,130.696,355.804,34.814,0.11865912305516266,0.8898935789721829,"{""1"": 0.7441085940594059, ""2"": 0.5306519702970297, ""3"": 0.9992800990099009, ""4"": 0.759680495049505, ""5"": 0.9731306039603961, ""6"": 0.8411570198019802, ""7"": 0.9984415445544554, ""8"": 0.9661816831683168, ""9"": 0.9737574455445543, ""10"": 0.9532913267326731, ""11"": 0.9896997029702971, ""12"": 0.9975124455445545, ""13"": 0.6944192871287128, ""14"": 0.745499, ""15"": 0.9975793762376237, ""16"": 0.5588218613861387, ""17"": 0.9968699900990099, ""18"": 0.9924817524752474, ""19"": 0.9875581782178219, ""20"": 0.998327207920792, ""21"": 0.9893155742574257}",0.0032814710042432813,65.001,113.24999999999989,11,3.826432674418525,0.537021999999979
rq2_e_r0p1_s3_l_glm_5_3_flash,dp_r0p1_s3_u5,RQ2,E,L,GLM-5.3-Flash,1.688733623762376,0.17080831683169156,17.047,134.584,368.106,33.278999999999996,0.11985384252710986,0.8745258703441772,"{""1"": 0.7321230198019802, ""2"": 0.46447519801980197, ""3"": 0.9992632277227723, ""4"": 0.7619635346534653, ""5"": 0.9486910792079207, ""6"": 0.8604069108910891, ""7"": 0.9938297920792079, ""8"": 0.9568500396039604, ""9"": 0.9691322376237623, ""10"": 0.9310714752475249, ""11"": 0.9945506138613861, ""12"": 0.9976537623762376, ""13"": 0.5371085247524752, ""14"": 0.7183186633663367, ""15"": 0.9977045346534654, ""16"": 0.5400339801980198, ""17"": 0.995073603960396, ""18"": 0.9924154059405941, ""19"": 0.9878097425742574, ""20"": 0.9975863168316832, ""21"": 0.988981613861386}",0.0019424799622819425,65.001,100.00075000000001,16,8.696944046511613,1.0950540000000046
rq2_e_r0p1_s3_l_jev_1_13_0,dp_r0p1_s3_u5,RQ2,E,L,Jev-1.13.0,1.6964530957095707,0.17013940594059362,16.978,127.066,333.503,33.590999999999994,0.11878170674210278,0.8967549363507779,"{""1"": 0.7444861782178218, ""2"": 0.7340856831683169, ""3"": 0.9992976039603961, ""4"": 0.7602285643564356, ""5"": 0.9669091584158416, ""6"": 0.8141227524752476, ""7"": 0.9939802079207921, ""8"": 0.9803140891089109, ""9"": 0.9797317425742574, ""10"": 0.9406579900990099, ""11"": 0.9765701188118813, ""12"": 0.9975184950495048, ""13"": 0.7141631881188119, ""14"": 0.7427753762376237, ""15"": 0.9976129702970297, ""16"": 0.5574360792079208, ""17"": 0.9967884059405941, ""18"": 0.9923687425742574, ""19"": 0.9864433960396038, ""20"": 0.9671240198019803, ""21"": 0.989238900990099}",0.0021782178217821784,65.001,152.5005,12,1.9720076279069725,0.29557499999998527
rq2_e_r0p1_s3_l_qwen3_5_4b_json,dp_r0p1_s3_u5,RQ2,E,L,Qwen3.5-4B-JSON,1.6017038661008967,0.18400613861386533,16.802,133.506,338.62,36.91,0.10296652522395097,0.8954592244224423,"{""1"": 0.7350236237623762, ""2"": 0.663678801980198, ""3"": 0.9992537128712871, ""4"": 0.7601877326732673, ""5"": 0.9716088118811881, ""6"": 0.862727207920792, ""7"": 0.9984666138613861, ""8"": 0.979729396039604, ""9"": 0.9939574950495049, ""10"": 0.8255668217821781, ""11"": 0.9774070396039605, ""12"": 0.9975194455445545, ""13"": 0.6679094059405941, ""14"": 0.8968226435643565, ""15"": 0.9950502079207921, ""16"": 0.5247081683168316, ""17"": 0.986932287128713, ""18"": 0.9931255346534653, ""19"": 0.9877187227722772, ""20"": 0.9986681188118812, ""21"": 0.9885819207920793}",0.0018387553041018388,65.001,109.8999,9,2.807089767441857,0.42375099999998156
rq2_e_r0p1_s3_l_qwen3_8_flash,dp_r0p1_s3_u5,RQ2,E,L,Qwen3.8-Flash,1.6049961263554924,0.1790479207920874,16.884,135.32,350.652,37.477,0.11366148043375766,0.8817573484205562,"{""1"": 0.7321036237623763, ""2"": 0.5925367326732673, ""3"": 0.9981342178217821, ""4"": 0.7621341089108911, ""5"": 0.9332008019801981, ""6"": 0.861689297029703, ""7"": 0.998460198019802, ""8"": 0.979792495049505, ""9"": 0.9822843564356436, ""10"": 0.835915297029703, ""11"": 0.988515801980198, ""12"": 0.9975044851485149, ""13"": 0.6523500990099009, ""14"": 0.7167722673267327, ""15"": 0.9961849603960397, ""16"": 0.5224348613861386, ""17"": 0.9969308118811882, ""18"": 0.9934035643564356, ""19"": 0.9907076237623761, ""20"": 0.9969383564356435, ""21"": 0.9889103564356435}",0.002432814710042433,65.001,95.6322499999999,17,15.1774239302325,2.2996120000000246
rq2_e_r0p1_s3_l_semif_qwen3_5_4b,dp_r0p1_s3_u5,RQ2,E,L,SemIf-Qwen3.5-4B,1.689291487034418,0.1812339009901078,16.95,131.227,367.288,32.803,0.10704101838755305,0.8779587930221594,"{""1"": 0.7237822277227722, ""2"": 0.5665777623762377, ""3"": 0.9980279702970297, ""4"": 0.7623340297029703, ""5"": 0.9661490693069308, ""6"": 0.8610463762376238, ""7"": 0.9938147623762376, ""8"": 0.9800323663366337, ""9"": 0.9711292673267327, ""10"": 0.7343617227722772, ""11"": 0.9848360198019802, ""12"": 0.9974203168316832, ""13"": 0.6325170297029703, ""14"": 0.747222, ""15"": 0.9975559405940595, ""16"": 0.5531116138613862, ""17"": 0.9969188415841584, ""18"": 0.9923761386138613, ""19"": 0.990095198019802, ""20"": 0.9985340495049505, ""21"": 0.9892919504950496}",0.0038378123526638377,65.001,105.001,11,2.4930279302325014,0.35945300000003044
rq2_e_r0p1_s3_no_update,dp_r0p1_s3_u5,RQ2,E,no-update,control,1.6829188948609144,0.17066910891089646,16.9,129.938,373.338,33.162,0.11136727958510137,0.8890342494106553,"{""1"": 0.7539398316831684, ""2"": 0.7589506633663367, ""3"": 0.9993386633663366, ""4"": 0.7633759603960396, ""5"": 0.9592066435643565, ""6"": 0.8626846831683168, ""7"": 0.9938535148514852, ""8"": 0.6642742178217822, ""9"": 0.989502405940594, ""10"": 0.8023189405940594, ""11"": 0.9738195643564357, ""12"": 0.9975016831683168, ""13"": 0.7137985544554455, ""14"": 0.9163379405940594, ""15"": 0.9972127326732673, ""16"": 0.5651347623762376, ""17"": 0.9885412376237623, ""18"": 0.9918213267326732, ""19"": 0.9904018712871288, ""20"": 0.9984053861386137, ""21"": 0.9892986534653465}",0.003686940122583687,65.0,90.001,11,990.9311080697676,128.36611299999998
rq2_e_r0p1_s3_oracle,dp_r0p1_s3_u5,RQ2,E,oracle,control,1.6205065893446484,0.1768605940594103,16.884,131.763,369.223,35.381,0.10517963224893918,0.8885203847241866,"{""1"": 0.7299320297029703, ""2"": 0.7536248613861386, ""3"": 0.9979756732673267, ""4"": 0.7626508217821782, ""5"": 0.9598842475247525, ""6"": 0.8617507425742575, ""7"": 0.9983535742574258, ""8"": 0.658705603960396, ""9"": 0.9885237722772277, ""10"": 0.8220775643564355, ""11"": 0.9947510396039605, ""12"": 0.9975690594059407, ""13"": 0.7084600792079208, ""14"": 0.9215339405940594, ""15"": 0.9974383861386138, ""16"": 0.5472527623762377, ""17"": 0.9884432574257427, ""18"": 0.9922458910891089, ""19"": 0.9902954059405941, ""20"": 0.9984270099009902, ""21"": 0.9890323564356436}",0.0034512022630834513,65.001,90.00075000000001,11,0.03325581395346911,0.0049999999999954525
rq2_e_r0p1_s60_fixed_0_1,dp_r0p1_s60_u5,RQ2,E,fixed-0.1,control,1.32649906270627,0.1761350495049359,16.253,166.033,514.709,27.268,0.1828081093823668,0.8997110325318246,"{""1"": 0.6663768811881188, ""2"": 0.7517079108910891, ""3"": 0.9670900891089108, ""4"": 0.964977702970297, ""5"": 0.9289436435643564, ""6"": 0.9723181881188118, ""7"": 0.9756297128712871, ""8"": 0.7493257722772277, ""9"": 0.9887511881188119, ""10"": 0.9332736534653464, ""11"": 0.5909491287128713, ""12"": 0.9899162871287129, ""13"": 0.9724264455445545, ""14"": 0.980716712871287, ""15"": 0.9915010891089109, ""16"": 0.755400603960396, ""17"": 0.9865147722772277, ""18"": 0.94700900990099, ""19"": 0.8181818019801981, ""20"": 0.9852211287128712, ""21"": 0.9776999603960396}",0.01107024988213107,65.001,85.00035,63851,0.7477124999999388,0.11429999999995744
rq2_e_r0p1_s60_fixed_1,dp_r0p1_s60_u5,RQ2,E,fixed-1,control,1.3130875813295613,0.1514914851485153,16.582,170.112,530.641,27.961,0.18958510136727957,0.8732309118340404,"{""1"": 0.6534944356435644, ""2"": 0.5473435841584158, ""3"": 0.9931402178217823, ""4"": 0.9626123861386138, ""5"": 0.877438900990099, ""6"": 0.9809240297029702, ""7"": 0.9777201188118813, ""8"": 0.5961188415841584, ""9"": 0.9875361980198019, ""10"": 0.9403770198019802, ""11"": 0.5863668118811881, ""12"": 0.9894648019801979, ""13"": 0.9690570891089109, ""14"": 0.9811135544554456, ""15"": 0.9750573762376238, ""16"": 0.7601349603960396, ""17"": 0.9868428019801981, ""18"": 0.9461969306930693, ""19"": 0.6692740396039604, ""20"": 0.9823878316831682, ""21"": 0.9752472178217821}",0.01123998114097124,65.001,90.001,63456,6.614081249999977,1.0142999999999915
rq2_e_r0p1_s60_fixed_5,dp_r0p1_s60_u5,RQ2,E,fixed-5,control,1.3800287034417733,0.17013603960395138,16.285,154.019,497.047,28.637999999999998,0.15783592644978783,0.8911349830268741,"{""1"": 0.9628958613861386, ""2"": 0.5595957821782178, ""3"": 0.9680161980198019, ""4"": 0.9646659603960397, ""5"": 0.884610099009901, ""6"": 0.9740487326732673, ""7"": 0.9793021485148514, ""8"": 0.6061118613861386, ""9"": 0.9889579207920792, ""10"": 0.9367831485148514, ""11"": 0.5948696435643565, ""12"": 0.9764507227722772, ""13"": 0.9846568316831683, ""14"": 0.9808404950495049, ""15"": 0.9781992178217821, ""16"": 0.7681960198019803, ""17"": 0.9799694851485149, ""18"": 0.9486006138613862, ""19"": 0.712840702970297, ""20"": 0.9857321485148516, ""21"": 0.9784910495049505}",0.011607732201791609,65.001,85.0,62635,32.497185145833306,5.0142999999999915
rq2_e_r0p1_s60_l_anyjev_l0,dp_r0p1_s60_u5,RQ2,E,L,AnyJev-L0,1.395700567656766,0.18710811881187076,16.457,151.528,504.742,27.572,0.1602998585572843,0.8786691636020744,"{""1"": 0.7035151386138614, ""2"": 0.5652072475247525, ""3"": 0.9678981188118813, ""4"": 0.9642040495049505, ""5"": 0.9052101881188119, ""6"": 0.9744851584158416, ""7"": 0.9752578712871287, ""8"": 0.6070989405940594, ""9"": 0.9866739603960395, ""10"": 0.9394267128712872, ""11"": 0.5929866534653466, ""12"": 0.9778003069306931, ""13"": 0.9840106930693069, ""14"": 0.9809078712871288, ""15"": 0.9783856237623761, ""16"": 0.7699619603960396, ""17"": 0.9796244356435644, ""18"": 0.9490151881188119, ""19"": 0.6911009108910892, ""20"": 0.9829056732673267, ""21"": 0.9763757326732673}",0.01157944365865158,65.001,85.00065000000001,61976,2.5289551874999807,0.39049199999999473
rq2_e_r0p1_s60_l_deepseek_v4_1_flash,dp_r0p1_s60_u5,RQ2,E,L,DeepSeek-V4.1-Flash,1.3677043752946723,0.17127168316831234,16.478,151.54,502.55,28.687,0.17090900518623292,0.8861505096652522,"{""1"": 0.7778419504950496, ""2"": 0.5534818712871288, ""3"": 0.9677917821782178, ""4"": 0.9691751188118812, ""5"": 0.881684504950495, ""6"": 0.9730386831683168, ""7"": 0.979749405940594, ""8"": 0.5970972772277228, ""9"": 0.9831256237623761, ""10"": 0.9407957821782178, ""11"": 0.5892564752475247, ""12"": 0.9769274752475248, ""13"": 0.9796807326732674, ""14"": 0.9806539504950496, ""15"": 0.9761695643564355, ""16"": 0.9075641485148515, ""17"": 0.9791859207920792, ""18"": 0.9486606237623761, ""19"": 0.6833321584158416, ""20"": 0.9856685445544554, ""21"": 0.9782791089108911}",0.011494578029231494,65.001,85.001,62191,4.014536520833272,0.5235455000000115
rq2_e_r0p1_s60_l_glm_5_3_flash,dp_r0p1_s60_u5,RQ2,E,L,GLM-5.3-Flash,1.3604171824611033,0.16955386138612763,16.77,166.294,544.302,25.948999999999998,0.1891107967939651,0.8524357760490335,"{""1"": 0.7593400099009902, ""2"": 0.5357326930693069, ""3"": 0.9950598415841584, ""4"": 0.3023433267326733, ""5"": 0.8736293267326732, ""6"": 0.9818959108910891, ""7"": 0.9747172772277228, ""8"": 0.582079603960396, ""9"": 0.9817058217821782, ""10"": 0.9512277326732674, ""11"": 0.6020694554455446, ""12"": 0.9767047920792079, ""13"": 0.9845986336633664, ""14"": 0.9817249603960396, ""15"": 0.9775820198019802, ""16"": 0.8596141683168317, ""17"": 0.9891908811881188, ""18"": 0.9456145742574258, ""19"": 0.685831108910891, ""20"": 0.9825689207920791, ""21"": 0.9779202376237623}",0.011305987741631307,65.001,95.48659999999957,63452,9.18268999999997,1.122491000000025
rq2_e_r0p1_s60_l_jev_1_13_0,dp_r0p1_s60_u5,RQ2,E,L,Jev-1.13.0,1.191308511079679,0.16836930693069138,15.512,177.311,550.559,31.759,0.19606694955209808,0.8477550004714755,"{""1"": 0.759896702970297, ""2"": 0.5330318712871287, ""3"": 0.9944968811881187, ""4"": 0.2881589207920792, ""5"": 0.8099170198019802, ""6"": 0.979938, ""7"": 0.9821571782178218, ""8"": 0.5755135544554455, ""9"": 0.9795683168316831, ""10"": 0.9264844356435643, ""11"": 0.5996491881188118, ""12"": 0.9772918118811882, ""13"": 0.9816702574257425, ""14"": 0.9816407425742574, ""15"": 0.9763193069306931, ""16"": 0.7209191782178218, ""17"": 0.989678306930693, ""18"": 0.971211702970297, ""19"": 0.8156427128712872, ""20"": 0.9823719405940594, ""21"": 0.9772969801980199}",0.011126826968411127,65.001,95.01525,64140,1.9595014999999691,0.2925849999999741
rq2_e_r0p1_s60_l_qwen3_5_4b_json,dp_r0p1_s60_u5,RQ2,E,L,Qwen3.5-4B-JSON,1.2881990136727959,0.17137544554454145,16.383,162.315,533.013,30.851,0.19101178689297502,0.8642194328147099,"{""1"": 0.6475587722772277, ""2"": 0.5395624653465346, ""3"": 0.9660649009900989, ""4"": 0.7915996732673267, ""5"": 0.9220479405940594, ""6"": 0.9728554851485147, ""7"": 0.9763308217821782, ""8"": 0.5799088712871288, ""9"": 0.9754126930693069, ""10"": 0.9272361287128713, ""11"": 0.6021519603960396, ""12"": 0.9769206732673268, ""13"": 0.9783295049504951, ""14"": 0.9871734752475247, ""15"": 0.9773220396039605, ""16"": 0.7417448118811881, ""17"": 0.9888814752475248, ""18"": 0.9717055544554455, ""19"": 0.6667757623762376, ""20"": 0.9808317326732673, ""21"": 0.9781933465346535}",0.01125884016973126,65.001,85.001,62717,2.7912159374999903,0.42479250000000945
rq2_e_r0p1_s60_l_qwen3_8_flash,dp_r0p1_s60_u5,RQ2,E,L,Qwen3.8-Flash,1.401240750589344,0.1874221782178108,16.295,152.827,498.702,27.098000000000003,0.15543234323432342,0.8870180523338048,"{""1"": 0.7020843366336634, ""2"": 0.7503764158415842, ""3"": 0.9680174158415841, ""4"": 0.9646195148514852, ""5"": 0.8846031485148514, ""6"": 0.9719973168316831, ""7"": 0.9760373168316832, ""8"": 0.6081015148514852, ""9"": 0.9882526831683168, ""10"": 0.9356085148514852, ""11"": 0.5933430792079207, ""12"": 0.9788223069306929, ""13"": 0.9859647821782178, ""14"": 0.9806709306930693, ""15"": 0.978882910891089, ""16"": 0.7709375148514851, ""17"": 0.9807865346534653, ""18"": 0.9496587821782179, ""19"": 0.6965407326732673, ""20"": 0.983967702970297, ""21"": 0.9781056435643565}",0.011617161716171618,65.001,85.0,62957,15.580162770833283,2.3580100000000233
rq2_e_r0p1_s60_l_semif_qwen3_5_4b,dp_r0p1_s60_u5,RQ2,E,L,SemIf-Qwen3.5-4B,1.3668175520980665,0.1829304950494957,16.333,154.241,506.978,28.479999999999997,0.16557095709570957,0.8872067218293256,"{""1"": 0.6892632079207921, ""2"": 0.7517067326732674, ""3"": 0.9679300792079208, ""4"": 0.9644826237623761, ""5"": 0.9270277920792079, ""6"": 0.9736193960396039, ""7"": 0.9793433762376237, ""8"": 0.6044303168316831, ""9"": 0.9886563465346534, ""10"": 0.928699702970297, ""11"": 0.5910501485148515, ""12"": 0.9782905148514852, ""13"": 0.9838500396039603, ""14"": 0.9810100396039604, ""15"": 0.9772339504950496, ""16"": 0.764374900990099, ""17"": 0.9790327128712871, ""18"": 0.9491867623762376, ""19"": 0.6929744752475248, ""20"": 0.9812955049504951, ""21"": 0.9778825346534654}",0.011485148514851485,65.001,85.001,62698,2.5070998333332817,0.35993799999999965
rq2_e_r0p1_s60_no_update,dp_r0p1_s60_u5,RQ2,E,no-update,control,1.4038424912776992,0.17952752475246714,16.312,150.892,507.213,27.023999999999997,0.1557953795379538,0.8792644757190006,"{""1"": 0.6946245742574257, ""2"": 0.5599775544554455, ""3"": 0.987631396039604, ""4"": 0.9643652376237625, ""5"": 0.8832953267326733, ""6"": 0.9747139207920792, ""7"": 0.9767695445544554, ""8"": 0.6070941683168317, ""9"": 0.9886606633663366, ""10"": 0.9370958316831683, ""11"": 0.5953818613861386, ""12"": 0.9772327920792079, ""13"": 0.9826907920792078, ""14"": 0.9803501188118813, ""15"": 0.9783269603960396, ""16"": 0.780077495049505, ""17"": 0.9798680396039604, ""18"": 0.9478027920792079, ""19"": 0.7045581089108911, ""20"": 0.9851797029702971, ""21"": 0.9788571089108911}",0.011702027345591701,65.001,85.0,61819,955.6411246041667,100.502947
rq2_e_r0p1_s60_oracle,dp_r0p1_s60_u5,RQ2,E,oracle,control,1.3565446600660063,0.1675182178217864,16.015,153.12,503.176,30.471000000000004,0.15882696841112684,0.8771838250825085,"{""1"": 0.6892653366336633, ""2"": 0.564297099009901, ""3"": 0.9678299504950495, ""4"": 0.9646710396039604, ""5"": 0.884956415841584, ""6"": 0.9744114752475247, ""7"": 0.9759717128712871, ""8"": 0.5942608712871288, ""9"": 0.9890009999999999, ""10"": 0.925217, ""11"": 0.5822610396039605, ""12"": 0.9785206138613861, ""13"": 0.9810327227722773, ""14"": 0.9807443168316831, ""15"": 0.9773325148514851, ""16"": 0.7703621485148514, ""17"": 0.9801927722772278, ""18"": 0.9486068019801981, ""19"": 0.7177979207920792, ""20"": 0.9854978613861385, ""21"": 0.9886297128712871}",0.011541725601131541,65.001,85.0,63295,0.032604166666655665,0.0049999999999954525
rq2_e_r0p3_s120_fixed_0_1,dp_r0p3_s120_u5,RQ2,E,fixed-0.1,control,1.4430787344124945,0.16488901835129674,16.585,147.498,490.438,27.659,0.1619047619047619,0.9037742457658857,"{""1"": 0.9862785318963007, ""2"": 0.570736003495485, ""3"": 0.990939120302942, ""4"": 0.9598081561316633, ""5"": 0.8870903291581708, ""6"": 0.9680675211185551, ""7"": 0.9840990096125838, ""8"": 0.5199874162540052, ""9"": 0.9846573550830178, ""10"": 0.9208201281677832, ""11"": 0.6240456743373144, ""12"": 0.9849645208272647, ""13"": 0.9838058840664142, ""14"": 0.9814466064666473, ""15"": 0.988108185260705, ""16"": 0.9719318089134867, ""17"": 0.9857932129332945, ""18"": 0.955315933585785, ""19"": 0.7741577628896009, ""20"": 0.9823930672880863, ""21"": 0.9748129332944946}",0.007788778877887789,65.001,88.75025,19793,0.713791836734695,0.11430000000000007
rq2_e_r0p3_s120_fixed_1,dp_r0p3_s120_u5,RQ2,E,fixed-1,control,1.3531585035995173,0.14216370521409757,16.585,158.863,520.931,25.85,0.1818845102853259,0.897945760337342,"{""1"": 0.9601744829595106, ""2"": 0.5541319254296534, ""3"": 0.9901385668511506, ""4"": 0.9597951063210021, ""5"": 0.89267605592776, ""6"": 0.9657251966210312, ""7"": 0.9815244101369065, ""8"": 0.5092542382755607, ""9"": 0.984058607631809, ""10"": 0.9048430527235654, ""11"": 0.6105177978444509, ""12"": 0.9840278473638217, ""13"": 0.9811292746868628, ""14"": 0.9817875910282552, ""15"": 0.9935189630061171, ""16"": 0.9668438683367317, ""17"": 0.9871612583745994, ""18"": 0.9548103116807457, ""19"": 0.7528725604427614, ""20"": 0.9673822312845908, ""21"": 0.9744876201572968}",0.007656765676567656,65.001,99.92134999999999,19971,6.313499999999994,1.0142999999999915
rq2_e_r0p3_s120_fixed_5,dp_r0p3_s120_u5,RQ2,E,fixed-5,control,1.4126517803392835,0.15518788231867237,16.545,153.436,505.608,26.794000000000004,0.1698389580125671,0.9044352711081518,"{""1"": 0.9866464025633557, ""2"": 0.5671221380716575, ""3"": 0.9905212350713662, ""4"": 0.9590991261287504, ""5"": 0.8950386251092339, ""6"": 0.9789586367608505, ""7"": 0.982893416836586, ""8"": 0.5112948150305855, ""9"": 0.9832970870958345, ""10"": 0.9621908534809205, ""11"": 0.6178457034663559, ""12"": 0.98579982522575, ""13"": 0.9845897465773376, ""14"": 0.9815140693271192, ""15"": 0.9892090882609962, ""16"": 0.9732706087969706, ""17"": 0.9845922808039616, ""18"": 0.9553555782114769, ""19"": 0.7637485872414798, ""20"": 0.9809114768424119, ""21"": 0.9592413923681911}",0.007647336162187647,65.001,87.5715,20272,30.30357859183673,5.0142999999999915
rq2_e_r0p3_s120_l_anyjev_l0,dp_r0p3_s120_u5,RQ2,E,L,AnyJev-L0,1.3195757257986214,0.14333935333527617,16.383,170.428,546.82,28.290000000000003,0.18153496178547154,0.9030083475510798,"{""1"": 0.9706892222545878, ""2"": 0.5604653655694728, ""3"": 0.9947885522866298, ""4"": 0.960054383920769, ""5"": 0.9411637052140984, ""6"": 0.9783883775123798, ""7"": 0.9821577046315176, ""8"": 0.6927323332362365, ""9"": 0.9752989513545005, ""10"": 0.9269083309059133, ""11"": 0.611790300029129, ""12"": 0.9832745994756773, ""13"": 0.9820315176230702, ""14"": 0.7610061753568308, ""15"": 0.9940800466064666, ""16"": 0.9725086804544131, ""17"": 0.9842017186134575, ""18"": 0.9545752403145936, ""19"": 0.7777684241188465, ""20"": 0.9818576463734342, ""21"": 0.9774340227206525}",0.007553041018387553,65.001,100.0,19740,2.5274777959183696,0.39198099999998703
rq2_e_r0p3_s120_l_deepseek_v4_1_flash,dp_r0p3_s120_u5,RQ2,E,L,DeepSeek-V4.1-Flash,1.4401241230077817,0.14941217593941064,16.635,146.286,495.405,27.410000000000004,0.16781657026340976,0.8946828305105905,"{""1"": 0.7919579959219342, ""2"": 0.5815654529565978, ""3"": 0.9907506845324789, ""4"": 0.9597077774541218, ""5"": 0.8950708127002621, ""6"": 0.9673943198368773, ""7"": 0.9830149140693272, ""8"": 0.5188290707835712, ""9"": 0.9845581998252257, ""10"": 0.9168409554325663, ""11"": 0.6249750072822604, ""12"": 0.9843172735217012, ""13"": 0.9836988639673755, ""14"": 0.9817674337314303, ""15"": 0.9878892513836295, ""16"": 0.9704507427905622, ""17"": 0.9847821730265074, ""18"": 0.9556224002330324, ""19"": 0.76990422371104, ""20"": 0.9803875036411301, ""21"": 0.974854383920769}",0.007722772277227723,65.001,85.0,19939,3.689342306122438,0.5233579999999947
rq2_e_r0p3_s120_l_glm_5_3_flash,dp_r0p3_s120_u5,RQ2,E,L,GLM-5.3-Flash,1.4246336426560136,0.16933411010777757,16.506,150.859,501.179,26.882000000000005,0.15811243810078648,0.892972676958928,"{""1"": 0.6862964753859598, ""2"": 0.5912730556364696, ""3"": 0.9906908243518788, ""4"": 0.9600822021555491, ""5"": 0.973379434896592, ""6"": 0.9678622778910573, ""7"": 0.9832101077774541, ""8"": 0.5223016312263327, ""9"": 0.9749656859889311, ""10"": 0.913152781823478, ""11"": 0.6126553451791437, ""12"": 0.9847823186717157, ""13"": 0.9809775997669677, ""14"": 0.9811925138362948, ""15"": 0.9875055927759976, ""16"": 0.9685797844450917, ""17"": 0.9858321875910282, ""18"": 0.955247975531605, ""19"": 0.7740461112729391, ""20"": 0.9830860180600058, ""21"": 0.9753062918729973}",0.007901933050447903,65.001,85.001,19982,8.45505467346938,1.1090039999999988
rq2_e_r0p3_s120_l_jev_1_13_0,dp_r0p3_s120_u5,RQ2,E,L,Jev-1.13.0,1.3971772793475092,0.1450579667928916,16.586,159.786,490.883,27.573,0.174116765844118,0.8884345733982494,"{""1"": 0.6973942324497524, ""2"": 0.5706034080978736, ""3"": 0.9907042819691232, ""4"": 0.9597610253422661, ""5"": 0.8965958054180017, ""6"": 0.968627905621905, ""7"": 0.9831831634139238, ""8"": 0.5232782988639674, ""9"": 0.9848758228954267, ""10"": 0.914838625109234, ""11"": 0.6258111564229537, ""12"": 0.9836671424410136, ""13"": 0.9497425575298573, ""14"": 0.9814537430818526, ""15"": 0.9881728517331779, ""16"": 0.9710043402272065, ""17"": 0.9855130206816196, ""18"": 0.9538636760850568, ""19"": 0.7738545586950188, ""20"": 0.9826282551704049, ""21"": 0.9715521701136033}",0.007760490334747761,65.001,85.0,19964,1.8825114285714428,0.29557499999998527
rq2_e_r0p3_s120_l_qwen3_5_4b_json,dp_r0p3_s120_u5,RQ2,E,L,Qwen3.5-4B-JSON,1.3210778466702728,0.14149606757937624,16.507,167.235,527.733,27.217,0.1934889656416018,0.9035281344929467,"{""1"": 0.966836003495485, ""2"": 0.5958268861054471, ""3"": 0.9904917856102534, ""4"": 0.9623585202446839, ""5"": 0.8960828429944654, ""6"": 0.961876143314885, ""7"": 0.9843732304107194, ""8"": 0.5113533352752694, ""9"": 0.9730820273812991, ""10"": 0.9591451208855228, ""11"": 0.6175921060297116, ""12"": 0.9861470142732305, ""13"": 0.9720546460821439, ""14"": 0.9817113020681619, ""15"": 0.9941452374016895, ""16"": 0.9680306728808622, ""17"": 0.9844376638508594, ""18"": 0.954376143314885, ""19"": 0.7610489659190212, ""20"": 0.9786025342266239, ""21"": 0.9745186425866589}",0.007468175388967468,65.001,100.00045,20202,2.6494117346938806,0.42420400000000313
rq2_e_r0p3_s120_l_qwen3_8_flash,dp_r0p3_s120_u5,RQ2,E,L,Qwen3.8-Flash,1.437740246625886,0.1557378386251082,16.635,147.436,495.876,26.841,0.16344166562634374,0.8987071865507054,"{""1"": 0.8956008738712496, ""2"": 0.5905572385668512, ""3"": 0.9906219050393241, ""4"": 0.962332886688028, ""5"": 0.8969330323332363, ""6"": 0.950138945528692, ""7"": 0.9834376638508594, ""8"": 0.5162006699679581, ""9"": 0.9740873871249636, ""10"": 0.9203690649577628, ""11"": 0.6151032624526653, ""12"": 0.9848858724147975, ""13"": 0.9849215263617827, ""14"": 0.9817780075735507, ""15"": 0.9873933294494611, ""16"": 0.9691841829303816, ""17"": 0.9852891931255462, ""18"": 0.9555844742207981, ""19"": 0.7713630935042237, ""20"": 0.9821351878823186, ""21"": 0.9749331197203612}",0.007817067421027817,65.001,89.94279999999999,19873,15.482251346938769,2.365758999999997
rq2_e_r0p3_s120_l_semif_qwen3_5_4b,dp_r0p3_s120_u5,RQ2,E,L,SemIf-Qwen3.5-4B,1.2834200102645192,0.14325313137197795,17.451,160.74,516.483,34.203,0.19486496608547293,0.9038098275838155,"{""1"": 0.9876105155840372, ""2"": 0.5566628022138072, ""3"": 0.9903668511505972, ""4"": 0.9416084182930382, ""5"": 0.8927876492863385, ""6"": 0.9668166035537431, ""7"": 0.981918963006117, ""8"": 0.5076482085639382, ""9"": 0.9753762889600932, ""10"": 0.9601397611418584, ""11"": 0.6381112729391203, ""12"": 0.9828380716574424, ""13"": 0.9726656568598893, ""14"": 0.9812506262743956, ""15"": 0.9875698805709292, ""16"": 0.9659417127876492, ""17"": 0.9855601514710166, ""18"": 0.9562574424701427, ""19"": 0.7762561316632682, ""20"": 0.9812763180891348, ""21"": 0.9913430527235654}",0.007675624705327675,65.001,100.001,19736,2.311882857142866,0.3592430000000002
rq2_e_r0p3_s120_no_update,dp_r0p3_s120_u5,RQ2,E,no-update,control,1.4200278029767106,0.16062918729973685,16.492,151.212,500.396,26.879000000000005,0.15907230937816433,0.9056722469587893,"{""1"": 0.985287270608797, ""2"": 0.5663451791436062, ""3"": 0.9906275269443635, ""4"": 0.9621237110399068, ""5"": 0.8992993591610836, ""6"": 0.9683698223128459, ""7"": 0.984005563646956, ""8"": 0.5193904456743373, ""9"": 0.9862518205651033, ""10"": 0.9197212642004078, ""11"": 0.6614385668511507, ""12"": 0.9862112729391204, ""13"": 0.9849987183221671, ""14"": 0.9814573550830178, ""15"": 0.9879618409554325, ""16"": 0.9711115351004952, ""17"": 0.9890575881153509, ""18"": 0.9464584911156423, ""19"": 0.771237110399068, ""20"": 0.9814995630643751, ""21"": 0.9762631808913487}",0.007826496935407826,65.001,85.0,19656,1028.0236640408164,34.78152299999999
rq2_e_r0p3_s120_oracle,dp_r0p3_s120_u5,RQ2,E,oracle,control,1.3310025272911374,0.1563081852607039,16.333,161.951,512.424,29.578,0.17052418404005937,0.892806101840678,"{""1"": 0.6453493737256044, ""2"": 0.5690280512671133, ""3"": 0.9897605592775998, ""4"": 0.9635655694727643, ""5"": 0.9736040198077482, ""6"": 0.966451674919895, ""7"": 0.9829727934750947, ""8"": 0.6909866880279638, ""9"": 0.9767150014564522, ""10"": 0.9298730847655112, ""11"": 0.46922872123507137, ""12"": 0.9878983105155841, ""13"": 0.9815123798427032, ""14"": 0.9816186717157006, ""15"": 0.9877727352170114, ""16"": 0.967794261578794, ""17"": 0.9842863967375473, ""18"": 0.9730743081852608, ""19"": 0.7710177395863675, ""20"": 0.9817595106321002, ""21"": 0.9746582872123506}",0.007675624705327675,65.001,90.0,19753,0.03132653061223216,0.0049999999999954525
rq2_e_r0p3_s3_fixed_0_1,dp_r0p3_s3_u5,RQ2,E,fixed-0.1,control,1.5672073904539967,0.20436411302067742,15.565,135.283,300.853,44.324,0.0832008655486663,0.8385536529205333,"{""1"": 0.7912517040489367, ""2"": 0.5079031750655403, ""3"": 0.9990564229536848, ""4"": 0.39698855228662977, ""5"": 0.9625924555782115, ""6"": 0.7781497815321875, ""7"": 0.9978060588406641, ""8"": 0.9472016312263326, ""9"": 0.9985948441596272, ""10"": 0.8610486163705213, ""11"": 0.9973459656277308, ""12"": 0.9970340227206524, ""13"": 0.4574635304398485, ""14"": 0.6872370812700263, ""15"": 0.9969328284299447, ""16"": 0.27433769297990096, ""17"": 0.9963876201572969, ""18"": 0.9977987765802505, ""19"": 0.9839188756189922, ""20"": 0.9995852024468395, ""21"": 0.9809918729973784}",0.0007543611504007544,65.001,92.00094999999989,4,0.7783285714285898,0.11430000000000717
rq2_e_r0p3_s3_fixed_1,dp_r0p3_s3_u5,RQ2,E,fixed-1,control,1.6185951312887512,0.180370171861346,16.638,136.241,301.35,43.731,0.0768895731901849,0.8403206788453803,"{""1"": 0.7923294785901545, ""2"": 0.5146666472473056, ""3"": 0.9991315467521118, ""4"": 0.39752301194290707, ""5"": 0.9745594815030585, ""6"": 0.7780082726478299, ""7"": 0.9978906204485872, ""8"": 0.9496749781532188, ""9"": 0.9985171861345762, ""10"": 0.9042312263326537, ""11"": 0.9965474803378969, ""12"": 0.9971344013981941, ""13"": 0.42887637634721815, ""14"": 0.6855330032041946, ""15"": 0.9968100203903292, ""16"": 0.277438362947859, ""17"": 0.9962496941450626, ""18"": 0.9960592193416837, ""19"": 0.9841004369356248, ""20"": 0.9996724147975531, ""21"": 0.9817803961549665}",0.0007543611504007544,65.0,100.24999999999999,4,6.906900000000003,1.0142999999999915
rq2_e_r0p3_s3_fixed_5,dp_r0p3_s3_u5,RQ2,E,fixed-5,control,1.6648370965280956,0.18851733177978117,18.395,128.911,312.385,41.256,0.07078634541495013,0.8647967902570292,"{""1"": 0.7978886105447132, ""2"": 0.5975308476551122, ""3"": 0.9992078939702883, ""4"": 0.39828662976988055, ""5"": 0.9750222837168657, ""6"": 0.7766004660646665, ""7"": 0.9978535100495194, ""8"": 0.8264240023303234, ""9"": 0.9985200990387416, ""10"": 0.9131691523448879, ""11"": 0.9960261870084474, ""12"": 0.997180949606758, ""13"": 0.8334424701427323, ""14"": 0.8352068161957471, ""15"": 0.9973690649577629, ""16"": 0.2827739295077192, ""17"": 0.9766741625400525, ""18"": 0.9957818234780075, ""19"": 0.9847932129332945, ""20"": 0.9996321584619866, ""21"": 0.9813483250801049}",0.000744931636020745,65.0,92.87129999999983,6,34.043052190476196,5.0142999999999915
rq2_e_r0p3_s3_l_anyjev_l0,dp_r0p3_s3_u5,RQ2,E,L,AnyJev-L0,1.7021624845685435,0.16356889018351403,19.133,137.924,286.901,39.992999999999995,0.0861054471307894,0.8500881389316578,"{""1"": 0.797725808330906, ""2"": 0.5965649868919313, ""3"": 0.9990957471599184, ""4"": 0.3988433440139819, ""5"": 0.9597258957180309, ""6"": 0.7822053014855812, ""7"": 0.9977598019225168, ""8"": 0.8219714244101368, ""9"": 0.9985417127876492, ""10"": 0.8844351004951937, ""11"": 0.9962957471599184, ""12"": 0.9972782114768425, ""13"": 0.41293204194582, ""14"": 0.9965800466064667, ""15"": 0.9886514127585203, ""16"": 0.28241106903582874, ""17"": 0.9800084765511214, ""18"": 0.9956260704922808, ""19"": 0.9844723565394699, ""20"": 0.9996261578794058, ""21"": 0.9811002039032917}",0.0007072135785007072,65.0,92.99999999999997,7,2.780314904761909,0.3922495000000126
rq2_e_r0p3_s3_l_deepseek_v4_1_flash,dp_r0p3_s3_u5,RQ2,E,L,DeepSeek-V4.1-Flash,1.6258703064097766,0.20907381299155323,16.566,133.45,308.95,42.595,0.074448282080091,0.8399123299072032,"{""1"": 0.79234383920769, ""2"": 0.5001748616370522, ""3"": 0.9991787649286338, ""4"": 0.3976886688027964, ""5"": 0.9624521992426449, ""6"": 0.7792985726769589, ""7"": 0.9976861928342557, ""8"": 0.7991742499271774, ""9"": 0.9985075444217886, ""10"": 0.8838405476259831, ""11"": 0.996409699970871, ""12"": 0.997120827264783, ""13"": 0.5689069327119137, ""14"": 0.7291230410719488, ""15"": 0.9969994756772502, ""16"": 0.2820212059423245, ""17"": 0.996245441304981, ""18"": 0.9960960093212934, ""19"": 0.9837230702009904, ""20"": 0.9996304689775707, ""21"": 0.9815373143023595}",0.0008958038661008958,65.0,91.5007,3,4.1041663333333425,0.5368360000000081
rq2_e_r0p3_s3_l_glm_5_3_flash,dp_r0p3_s3_u5,RQ2,E,L,GLM-5.3-Flash,1.5513041931949012,0.16261578794057574,15.64,137.451,302.703,44.212999999999994,0.08944557724050879,0.8309007018711941,"{""1"": 0.7908147392950773, ""2"": 0.4374443344013982, ""3"": 0.9990643751820565, ""4"": 0.3972263326536557, ""5"": 0.9621248470725313, ""6"": 0.7788373725604428, ""7"": 0.9977470434022722, ""8"": 0.8088870667055054, ""9"": 0.9984362365278183, ""10"": 0.9099089134867462, ""11"": 0.9966004660646665, ""12"": 0.9969520827264784, ""13"": 0.46553285755898627, ""14"": 0.6794191377803671, ""15"": 0.996094436353044, ""16"": 0.2745914069327119, ""17"": 0.9964051558403728, ""18"": 0.9978307893970289, ""19"": 0.9838055927759977, ""20"": 0.999621759394116, ""21"": 0.9815697931838042}",0.0006977840641206978,65.001,121.75099999999998,3,9.893061952380961,1.206618000000006
rq2_e_r0p3_s3_l_jev_1_13_0,dp_r0p3_s3_u5,RQ2,E,L,Jev-1.13.0,1.6276808400260778,0.211147334692689,16.685,133.3,306.884,42.675000000000004,0.072900281580736,0.8471307255905565,"{""1"": 0.7920445965627732, ""2"": 0.5085413632391494, ""3"": 0.9991701427323041, ""4"": 0.39758086221963296, ""5"": 0.9632271773958636, ""6"": 0.7752956889018351, ""7"": 0.9977837459947567, ""8"": 0.9498057966792893, ""9"": 0.998571249635887, ""10"": 0.8820565977279348, ""11"": 0.996480774832508, ""12"": 0.9971047771628313, ""13"": 0.5661610253422662, ""14"": 0.7295288668802796, ""15"": 0.9970406641421498, ""16"": 0.28202770171861347, ""17"": 0.996164841246723, ""18"": 0.9960369938829012, ""19"": 0.9840728517331779, ""20"": 0.9996466064666472, ""21"": 0.9814029129041654}",0.0009995285242809994,65.0,83.75025,4,2.057734666666681,0.2958160000000092
rq2_e_r0p3_s3_l_qwen3_5_4b_json,dp_r0p3_s3_u5,RQ2,E,L,Qwen3.5-4B-JSON,1.7090548042112268,0.19507602679871583,18.932,128.826,287.098,39.724,0.08534531785332834,0.8583914374488508,"{""1"": 0.7914962714826683, ""2"": 0.5108352752694436, ""3"": 0.9991588697931838, ""4"": 0.39705566559860184, ""5"": 0.9635523157588115, ""6"": 0.7771935624817944, ""7"": 0.9977870084474221, ""8"": 0.9475266239440723, ""9"": 0.9985465773376057, ""10"": 0.8848548791144771, ""11"": 0.9966568016312264, ""12"": 0.9969449461112729, ""13"": 0.5603353043984853, ""14"": 0.9801412467229829, ""15"": 0.9836899796096709, ""16"": 0.28321034080978735, ""17"": 0.9960292455578211, ""18"": 0.9960590445674337, ""19"": 0.9838836003495485, ""20"": 0.999655898630935, ""21"": 0.9816067288086222}",0.0009712399811409712,65.0,85.06490000000001,4,2.8884265714285595,0.42404849999999783
rq2_e_r0p3_s3_l_qwen3_8_flash,dp_r0p3_s3_u5,RQ2,E,L,Qwen3.8-Flash,1.660796587740834,0.1970032041945782,17.676,127.897,310.464,41.425000000000004,0.06542660175051669,0.852486406447228,"{""1"": 0.7979526944363531, ""2"": 0.5935045441304981, ""3"": 0.9991748907660938, ""4"": 0.39884293620739875, ""5"": 0.9716640838916399, ""6"": 0.7772072240023303, ""7"": 0.9978090008738711, ""8"": 0.8222452082726478, ""9"": 0.9984926303524614, ""10"": 0.9008224584911155, ""11"": 0.9956825808330906, ""12"": 0.9970999417419167, ""13"": 0.5862411010777746, ""14"": 0.8462341101077775, ""15"": 0.9969433148849404, ""16"": 0.2839946402563356, ""17"": 0.977121584619866, ""18"": 0.9956779493154676, ""19"": 0.9846307311389455, ""20"": 0.9996315467521119, ""21"": 0.9812413632391495}",0.0009995285242809994,65.0,85.0,6,16.233303976190488,2.2948809999999966
rq2_e_r0p3_s3_l_semif_qwen3_5_4b,dp_r0p3_s3_u5,RQ2,E,L,SemIf-Qwen3.5-4B,1.7171750821855103,0.07276574424701433,18.671,126.071,293.554,38.817,0.09451680468284022,0.8514946041918078,"{""1"": 0.7536670550538888, ""2"": 0.4933967666763764, ""3"": 0.9989559568890183, ""4"": 0.3980237110399068, ""5"": 0.9532404893678998, ""6"": 0.7647434896591901, ""7"": 0.99776813282843, ""8"": 0.8632621031168074, ""9"": 0.9981359743664434, ""10"": 0.9050024468394989, ""11"": 0.9977877949315467, ""12"": 0.9971387998834838, ""13"": 0.5393843285755898, ""14"": 0.9971951063210021, ""15"": 0.9840355083017769, ""16"": 0.28222085639382466, ""17"": 0.9961266822021555, ""18"": 0.9960809787357996, ""19"": 0.9842347509466939, ""20"": 0.9996487620157296, ""21"": 0.9813369938829013}",0.0007072135785007072,65.0,81.5007,5,2.5383319761904932,0.3590795000000071
rq2_e_r0p3_s3_no_update,dp_r0p3_s3_u5,RQ2,E,no-update,control,1.707354195275547,0.19089717448295795,18.889,125.544,288.769,41.18,0.06461376277863315,0.8597823755427019,"{""1"": 0.7992527526944363, ""2"": 0.5881420914651908, ""3"": 0.9993117681328284, ""4"": 0.399109525196621, ""5"": 0.9767376638508593, ""6"": 0.7800148558112439, ""7"": 0.9977489950480629, ""8"": 0.9487337023011944, ""9"": 0.9985169822312846, ""10"": 0.8960146519079523, ""11"": 0.9961296242353627, ""12"": 0.9964350422371104, ""13"": 0.6022038450334984, ""14"": 0.8532553451791437, ""15"": 0.9968649577628896, ""16"": 0.28263373143023596, ""17"": 0.9757564812117682, ""18"": 0.9948738712496359, ""19"": 0.9884180017477425, ""20"": 0.9996959510632101, ""21"": 0.9855800466064666}",0.0009618104667609618,65.0,89.75094999999995,6,1658.819950357143,63.1099655
rq2_e_r0p3_s3_oracle,dp_r0p3_s3_u5,RQ2,E,oracle,control,1.5979947234821683,0.1927835712205053,16.638,130.119,300.232,42.108000000000004,0.07781892832868656,0.8487602305355582,"{""1"": 0.7953010195164579, ""2"": 0.5896531896300612, ""3"": 0.9990892222545878, ""4"": 0.3982661811826391, ""5"": 0.9622518205651034, ""6"": 0.7800956889018351, ""7"": 0.997885581124381, ""8"": 0.9492311680745703, ""9"": 0.9986136906495776, ""10"": 0.8836281386542382, ""11"": 0.9961196621031169, ""12"": 0.9970741334110108, ""13"": 0.463180017477425, ""14"": 0.8019487328866881, ""15"": 0.9965678415380134, ""16"": 0.27562621613748906, ""17"": 0.9765373725604428, ""18"": 0.9975881444800466, ""19"": 0.9845881444800466, ""20"": 0.9996494611127295, ""21"": 0.9810694145062627}",0.0007355021216407355,65.0,90.2499999999997,6,0.034047619047618424,0.0049999999999954525
rq2_e_r0p3_s60_fixed_0_1,dp_r0p3_s60_u5,RQ2,E,fixed-0.1,control,1.3673635276656544,0.15250684532478878,16.098,158.083,571.947,25.811999999999998,0.16163566504376292,0.8929217150070049,"{""1"": 0.9616645208272647, ""2"": 0.4610498980483542, ""3"": 0.9946349257209438, ""4"": 0.9419949898048354, ""5"": 0.9244963006117098, ""6"": 0.9634944072240024, ""7"": 0.9565531896300612, ""8"": 0.4600371395281095, ""9"": 0.9859512671133119, ""10"": 0.8929058258083309, ""11"": 0.730205738421206, ""12"": 0.9886568016312263, ""13"": 0.9880388290125255, ""14"": 0.9784467812408971, ""15"": 0.9897814739295078, ""16"": 0.8161142441013691, ""17"": 0.9893198660064083, ""18"": 0.93171619574716, ""19"": 0.8281150888435771, ""20"": 0.9843643751820566, ""21"": 0.983814156714244}",0.004054691183404055,65.001,97.59324999999978,18281,0.7486650000000094,0.11430000000000007
rq2_e_r0p3_s60_fixed_1,dp_r0p3_s60_u5,RQ2,E,fixed-1,control,1.3731425908201906,0.1523530439848528,16.098,155.641,570.143,25.88,0.1680468284022027,0.8896214195552966,"{""1"": 0.9602986891931254, ""2"": 0.4578469268861054, ""3"": 0.994669472764346, ""4"": 0.9414985726769589, ""5"": 0.9207241771045733, ""6"": 0.9650913195455869, ""7"": 0.9564256918147392, ""8"": 0.4550709000873871, ""9"": 0.9838710457325954, ""10"": 0.8698589280512671, ""11"": 0.7277487911447714, ""12"": 0.9821185551995338, ""13"": 0.9879610836003495, ""14"": 0.978341654529566, ""15"": 0.9895244392659482, ""16"": 0.7951954267404603, ""17"": 0.9895641130206816, ""18"": 0.9302665889892222, ""19"": 0.8306780658316341, ""20"": 0.9816566559860181, ""21"": 0.9836387124963588}",0.0039792550683639795,65.001,99.74999999999994,18590,6.643665000000006,1.0142999999999986
rq2_e_r0p3_s60_fixed_5,dp_r0p3_s60_u5,RQ2,E,fixed-5,control,1.373738920560942,0.1480541800174778,16.098,155.031,566.826,25.817999999999998,0.16646831176397153,0.8914543977917411,"{""1"": 0.9589420040780658, ""2"": 0.4579393824643169, ""3"": 0.9946333818817361, ""4"": 0.9430586658898922, ""5"": 0.9203835712205068, ""6"": 0.9666922808039615, ""7"": 0.9557214681036993, ""8"": 0.44646877366734633, ""9"": 0.9803891931255462, ""10"": 0.892221584619866, ""11"": 0.7316704048936791, ""12"": 0.9892865423827556, ""13"": 0.9879818817360908, ""14"": 0.9785757355083018, ""15"": 0.9894660064083892, ""16"": 0.8150321002039033, ""17"": 0.9893172443926594, ""18"": 0.9313610544713079, ""19"": 0.824238362947859, ""20"": 0.9833474512088552, ""21"": 0.983815263617827}",0.004016973125884017,65.001,100.001,18228,32.71830750000001,5.014299999999999
rq2_e_r0p3_s60_l_anyjev_l0,dp_r0p3_s60_u5,RQ2,E,L,AnyJev-L0,1.3822589932448361,0.15095718030876767,16.033,151.512,560.188,26.461000000000002,0.16439321432039172,0.8898204652324081,"{""1"": 0.9614569181473929, ""2"": 0.45438601806000584, ""3"": 0.9859632974075153, ""4"": 0.9417481211768133, ""5"": 0.9199414506262744, ""6"": 0.9671347800757355, ""7"": 0.9564828721235071, ""8"": 0.4530108068744538, ""9"": 0.9847462569181473, ""10"": 0.8883804252840082, ""11"": 0.7306686862802214, ""12"": 0.985058345470434, ""13"": 0.9849851733177978, ""14"": 0.9785024759685407, ""15"": 0.9896565394698513, ""16"": 0.7890122341974949, ""17"": 0.98935176230702, ""18"": 0.9323670550538887, ""19"": 0.8251616953102243, ""20"": 0.9843136906495776, ""21"": 0.9839011651616661}",0.004026402640264027,65.001,88.50029999999994,18483,2.667700975000005,0.3868645000000086
rq2_e_r0p3_s60_l_deepseek_v4_1_flash,dp_r0p3_s60_u5,RQ2,E,L,DeepSeek-V4.1-Flash,1.3916516444037563,0.15919137780367026,15.695,154.949,532.466,26.533,0.1584203736839915,0.8824824254782018,"{""1"": 0.6904981066122925, ""2"": 0.4911091465190795, ""3"": 0.9879763763472182, ""4"": 0.9417710748616371, ""5"": 0.9269334692688611, ""6"": 0.9679340227206525, ""7"": 0.9570224584911156, ""8"": 0.46185755898630937, ""9"": 0.9873274978153219, ""10"": 0.8945522575007282, ""11"": 0.7318512379842703, ""12"": 0.9861934750946694, ""13"": 0.9883484124672297, ""14"": 0.9759812117681328, ""15"": 0.9889829886396738, ""16"": 0.8183825225750073, ""17"": 0.9881714826682202, ""18"": 0.9347593941159336, ""19"": 0.8415277599766968, ""20"": 0.9871872123507136, ""21"": 0.9837632682784737}",0.004064120697784064,65.001,85.0,18922,3.748374874999987,0.5003439999999983
rq2_e_r0p3_s60_l_glm_5_3_flash,dp_r0p3_s60_u5,RQ2,E,L,GLM-5.3-Flash,1.3639397333999141,0.1484951937081271,16.313,157.317,561.313,25.732999999999997,0.17051863565117278,0.8861739350561081,"{""1"": 0.9622275852024468, ""2"": 0.457681444800466, ""3"": 0.9951707544421788, ""4"": 0.9440819982522575, ""5"": 0.9240424410136907, ""6"": 0.966317710457326, ""7"": 0.9564916399650452, ""8"": 0.45298403728517334, ""9"": 0.9855843868336731, ""10"": 0.8934702592484707, ""11"": 0.7315859889309643, ""12"": 0.9875776288960093, ""13"": 0.988064666472473, ""14"": 0.9760797553160502, ""15"": 0.9889549082435187, ""16"": 0.8123813282842994, ""17"": 0.9880286921060297, ""18"": 0.9325836877366734, ""19"": 0.7034362947859015, ""20"": 0.9852915817069618, ""21"": 0.9776158461986602}",0.0039698255539839696,65.001,85.001,18699,9.281966600000016,1.0944840000000085
rq2_e_r0p3_s60_l_jev_1_13_0,dp_r0p3_s60_u5,RQ2,E,L,Jev-1.13.0,1.287953177146186,0.15575007282260414,15.461,185.623,571.067,25.25,0.17764554117598103,0.8839710762487343,"{""1"": 0.6579652199242645, ""2"": 0.4808207690066997, ""3"": 0.9878240023303233, ""4"": 0.9409311972036121, ""5"": 0.9669446548208565, ""6"": 0.9917309933003204, ""7"": 0.9564687445383048, ""8"": 0.438467200699097, ""9"": 0.9709765219924265, ""10"": 0.9538722400233032, ""11"": 0.7171251092339062, ""12"": 0.9779960967084182, ""13"": 0.9858780658316342, ""14"": 0.9688611127293911, ""15"": 0.9889258083309059, ""16"": 0.8331057384212059, ""17"": 0.9879307020099038, ""18"": 0.9343737838625109, ""19"": 0.853846548208564, ""20"": 0.9859863676085057, ""21"": 0.983361724439266}",0.003913248467703913,65.001,95.0,18345,1.9428652499999928,0.29323449999999696
rq2_e_r0p3_s60_l_qwen3_5_4b_json,dp_r0p3_s60_u5,RQ2,E,L,Qwen3.5-4B-JSON,1.372902384420124,0.14706903582872147,16.098,152.517,580.708,26.157000000000004,0.1641546335982689,0.8906518469199506,"{""1"": 0.9618939120302942, ""2"": 0.4537173317797844, ""3"": 0.9945974075152927, ""4"": 0.9416392950771919, ""5"": 0.9232514710166035, ""6"": 0.966486251092339, ""7"": 0.9565609962132245, ""8"": 0.4506621613748908, ""9"": 0.9851178269734925, ""10"": 0.8916949606757938, ""11"": 0.7302029711622487, ""12"": 0.9876648703757646, ""13"": 0.9883272939120303, ""14"": 0.9784661520535973, ""15"": 0.9894715991843868, ""16"": 0.7921356830760268, ""17"": 0.9894096708418293, ""18"": 0.9300421205942325, ""19"": 0.8242383920769006, ""20"": 0.9845820565103408, ""21"": 0.9835263617826974}",0.004054691183404055,65.001,90.0,18256,2.7670536999999995,0.42404850000000494
rq2_e_r0p3_s60_l_qwen3_8_flash,dp_r0p3_s60_u5,RQ2,E,L,Qwen3.8-Flash,1.3618324109136808,0.14785551995339374,15.933,154.441,575.018,25.765000000000004,0.16653766662505376,0.8901228011041293,"{""1"": 0.9608486163705214, ""2"": 0.4577353917856103, ""3"": 0.9945454704340227, ""4"": 0.9404907369647538, ""5"": 0.9198906495776288, ""6"": 0.9684202738129916, ""7"": 0.9562471599184387, ""8"": 0.45213810078648414, ""9"": 0.9842396446256918, ""10"": 0.8920034372269152, ""11"": 0.7311263617826973, ""12"": 0.9893415962714827, ""13"": 0.9765875036411301, ""14"": 0.9784354500436935, ""15"": 0.9901053888727062, ""16"": 0.7901111272939121, ""17"": 0.989376813282843, ""18"": 0.9298734634430527, ""19"": 0.8242952228371686, ""20"": 0.9829079522283717, ""21"": 0.9838584619866007}",0.004007543611504008,65.001,95.0,18665,16.56981012500001,2.293562000000003
rq2_e_r0p3_s60_l_semif_qwen3_5_4b,dp_r0p3_s60_u5,RQ2,E,L,SemIf-Qwen3.5-4B,1.3665693146352629,0.15269793183804253,16.098,150.027,548.734,26.763,0.16634069881958027,0.8914209437809496,"{""1"": 0.9620454121759394, ""2"": 0.4557461695310225, ""3"": 0.9859826682202155, ""4"": 0.9441337314302359, ""5"": 0.9225475677250218, ""6"": 0.9668078065831633, ""7"": 0.9571390620448588, ""8"": 0.45291069035828724, ""9"": 0.9860632974075153, ""10"": 0.900755141275852, ""11"": 0.7324009612583746, ""12"": 0.9890430235945238, ""13"": 0.9850346053014856, ""14"": 0.9780936498689193, ""15"": 0.9895607631808914, ""16"": 0.794762481794349, ""17"": 0.989571919603845, ""18"": 0.9315203903291582, ""19"": 0.8272186717157005, ""20"": 0.9848667637634722, ""21"": 0.9836350422371104}",0.004007543611504008,65.001,85.001,18351,2.4041195250000085,0.3593985000000117
rq2_e_r0p3_s60_no_update,dp_r0p3_s60_u5,RQ2,E,no-update,control,1.358172810120261,0.14652257500728263,16.512,155.854,582.141,26.617999999999995,0.17565921795458644,0.8887759407986906,"{""1"": 0.9592976696766676, ""2"": 0.45431433148849404, ""3"": 0.9952341101077774, ""4"": 0.9390794348965918, ""5"": 0.9189799883483833, ""6"": 0.9667443635304398, ""7"": 0.9576871540926303, ""8"": 0.4394582580833091, ""9"": 0.9707379842703174, ""10"": 0.8914840372851733, ""11"": 0.7304672298281386, ""12"": 0.9899260704922809, ""13"": 0.9866787066705506, ""14"": 0.9784477133702301, ""15"": 0.9881666763763473, ""16"": 0.7875123215846198, ""17"": 0.9889149140693271, ""18"": 0.9283505680163123, ""19"": 0.8354621031168075, ""20"": 0.9797872414797553, ""21"": 0.9775638799883484}",0.003941537010843941,65.001,95.7293999999999,18819,672.366046275,36.069919999999996
rq2_e_r0p3_s60_oracle,dp_r0p3_s60_u5,RQ2,E,oracle,control,1.1582534836946718,0.14299796096708375,15.679,181.765,603.218,34.516999999999996,0.1958387083350672,0.9009863523504362,"{""1"": 0.9592605592775998, ""2"": 0.43958960093212934, ""3"": 0.9946181765219924, ""4"": 0.9192967666763764, ""5"": 0.9171208563938246, ""6"": 0.965403378968832, ""7"": 0.9534285464608214, ""8"": 0.7300166618118263, ""9"": 0.9630446839498981, ""10"": 0.9539294785901544, ""11"": 0.7069866297698805, ""12"": 0.9854153801339937, ""13"": 0.988258520244684, ""14"": 0.9709071074861637, ""15"": 0.986732886688028, ""16"": 0.7885755607340519, ""17"": 0.9896934750946693, ""18"": 0.9300742207981356, ""19"": 0.8051341101077775, ""20"": 0.9832135450043694, ""21"": 0.9900132537139528}",0.003818953323903819,65.001,90.001,18647,0.032250000000003984,0.0049999999999954525
rq2_e_r1_s120_fixed_0_1,dp_r1_s120_u5,RQ2,E,fixed-0.1,control,1.2647366406926406,0.11637272727272736,15.795,164.666,531.233,34.946,0.1776883116883117,0.8763869567099566,"{""1"": 0.6584473636363637, ""2"": 0.9572988181818183, ""3"": 0.982512, ""4"": 0.18797236363636363, ""5"": 0.9445402727272728, ""6"": 0.9323242727272728, ""7"": 0.990385818181818, ""8"": 0.3506620909090909, ""9"": 0.9887378181818182, ""10"": 0.9432450909090909, ""11"": 0.9238601818181819, ""12"": 0.987683, ""13"": 0.9858435454545453, ""14"": 0.9761914545454545, ""15"": 0.9891476363636363, ""16"": 0.9463560909090909, ""17"": 0.9887435454545455, ""18"": 0.9051225454545455, ""19"": 0.7946086363636363, ""20"": 0.9871515454545455, ""21"": 0.983292}",0.0024705327675624707,65.143,104.75004999999994,5095,0.673431489795919,0.11430000000000007
rq2_e_r1_s120_fixed_1,dp_r1_s120_u5,RQ2,E,fixed-1,control,1.0980272207792208,0.12693454545454566,13.557,174.692,525.298,40.234,0.18277056277056278,0.8673987142857142,"{""1"": 0.6427455454545454, ""2"": 0.9603370909090908, ""3"": 0.9824030909090908, ""4"": 0.18377836363636363, ""5"": 0.6504461818181818, ""6"": 0.9339077272727274, ""7"": 0.9904897272727273, ""8"": 0.3522513636363636, ""9"": 0.986728090909091, ""10"": 0.9445791818181818, ""11"": 0.9245296363636364, ""12"": 0.9874775454545455, ""13"": 0.9824076363636364, ""14"": 0.9751304545454544, ""15"": 0.9894222727272727, ""16"": 0.9362283636363637, ""17"": 0.9876638181818181, ""18"": 0.9359577272727273, ""19"": 0.8900341818181818, ""20"": 0.9885873636363636, ""21"": 0.9902676363636363}",0.002432814710042433,65.001,99.75789999999999,5189,5.789764959183682,1.0143000000000022
rq2_e_r1_s120_fixed_5,dp_r1_s120_u5,RQ2,E,fixed-5,control,1.0936800692640691,0.12945454545454574,13.451,165.585,534.055,39.497,0.18249350649350649,0.8594199437229437,"{""1"": 0.8727477272727273, ""2"": 0.5280333636363636, ""3"": 0.9825629999999999, ""4"": 0.1826029090909091, ""5"": 0.6512804545454546, ""6"": 0.9334297272727272, ""7"": 0.9867103636363637, ""8"": 0.3482958181818182, ""9"": 0.9883341818181818, ""10"": 0.9479199090909091, ""11"": 0.9547416363636363, ""12"": 0.9874205454545454, ""13"": 0.982717818181818, ""14"": 0.979253, ""15"": 0.9891217272727272, ""16"": 0.9469754545454545, ""17"": 0.9887787272727273, ""18"": 0.9344198181818181, ""19"": 0.8882964545454545, ""20"": 0.9844140909090908, ""21"": 0.9897620909090908}",0.0024516737388024516,65.143,95.0,4906,27.531182306122457,5.0143
rq2_e_r1_s120_l_anyjev_l0,dp_r1_s120_u5,RQ2,E,L,AnyJev-L0,1.258575930735931,0.12100363636363626,15.745,168.399,529.196,35.609,0.16764502164502165,0.8647402554112553,"{""1"": 0.6673588181818182, ""2"": 0.5347721818181819, ""3"": 0.982189, ""4"": 0.199871, ""5"": 0.9451777272727273, ""6"": 0.9345425454545454, ""7"": 0.9903564545454546, ""8"": 0.3533572727272727, ""9"": 0.9880668181818181, ""10"": 0.9475725454545454, ""11"": 0.9229168181818181, ""12"": 0.9884178181818183, ""13"": 0.9859510909090909, ""14"": 0.9793334545454544, ""15"": 0.9902611818181818, ""16"": 0.9450209999999999, ""17"": 0.989061090909091, ""18"": 0.9346082727272726, ""19"": 0.9106834545454545, ""20"": 0.9872127272727272, ""21"": 0.9828140909090908}",0.0024705327675624707,70.0,94.74999999999994,5028,2.334926530612246,0.38585300000001155
rq2_e_r1_s120_l_deepseek_v4_1_flash,dp_r1_s120_u5,RQ2,E,L,DeepSeek-V4.1-Flash,1.2630216623376624,0.13136727272727283,15.745,163.549,520.667,35.838,0.16984415584415585,0.8611896709956709,"{""1"": 0.6620642727272728, ""2"": 0.5299450909090909, ""3"": 0.9823721818181819, ""4"": 0.2001708181818182, ""5"": 0.9446373636363637, ""6"": 0.933466, ""7"": 0.9906720909090909, ""8"": 0.3504819090909091, ""9"": 0.9870881818181818, ""10"": 0.9285634545454545, ""11"": 0.9218411818181819, ""12"": 0.985110090909091, ""13"": 0.9763417272727272, ""14"": 0.9791405454545454, ""15"": 0.9895183636363636, ""16"": 0.9409685454545454, ""17"": 0.9877057272727273, ""18"": 0.9353992727272727, ""19"": 0.8900861818181818, ""20"": 0.9871531818181819, ""21"": 0.9822569090909091}",0.0024893917963224894,65.001,90.001,5162,3.0208803877551076,0.5082789999999875
rq2_e_r1_s120_l_glm_5_3_flash,dp_r1_s120_u5,RQ2,E,L,GLM-5.3-Flash,1.334917852813853,0.11947636363636366,16.333,158.452,497.827,31.447000000000003,0.18464069264069263,0.8774341428571428,"{""1"": 0.9735016363636363, ""2"": 0.5158702727272727, ""3"": 0.9878791818181817, ""4"": 0.1955179090909091, ""5"": 0.9479048181818183, ""6"": 0.9315363636363637, ""7"": 0.9837610909090908, ""8"": 0.3520648181818182, ""9"": 0.9812574545454545, ""10"": 0.9776061818181818, ""11"": 0.9235971818181818, ""12"": 0.9876128181818182, ""13"": 0.9856550909090908, ""14"": 0.9745963636363637, ""15"": 0.9901419999999999, ""16"": 0.934313090909091, ""17"": 0.9892362727272728, ""18"": 0.9372254545454546, ""19"": 0.8868448181818183, ""20"": 0.9874621818181818, ""21"": 0.9825320000000001}",0.0023856671381423857,70.0,97.00059999999989,4868,8.800896244897967,1.0956779999999995
rq2_e_r1_s120_l_jev_1_13_0,dp_r1_s120_u5,RQ2,E,L,Jev-1.13.0,1.2438158095238094,0.1244181818181818,15.745,173.184,547.527,34.365,0.17573160173160174,0.9105631515151515,"{""1"": 0.6385104545454545, ""2"": 0.9609536363636364, ""3"": 0.9822975454545454, ""4"": 0.7529320909090909, ""5"": 0.9446425454545455, ""6"": 0.9337038181818182, ""7"": 0.9904604545454545, ""8"": 0.3460773636363636, ""9"": 0.9862587272727273, ""10"": 0.9473274545454544, ""11"": 0.9578947272727272, ""12"": 0.9877791818181818, ""13"": 0.9864871818181818, ""14"": 0.9759244545454546, ""15"": 0.9902018181818182, ""16"": 0.9404753636363635, ""17"": 0.9878069090909092, ""18"": 0.9326662727272728, ""19"": 0.9066114545454546, ""20"": 0.9873104545454546, ""21"": 0.9855042727272727}",0.002442244224422442,70.0,100.001,5033,1.731126387755106,0.29370600000000024
rq2_e_r1_s120_l_qwen3_5_4b_json,dp_r1_s120_u5,RQ2,E,L,Qwen3.5-4B-JSON,1.2567369177489178,0.11723272727272731,16.098,160.447,538.73,35.663,0.19552380952380952,0.8733420086580087,"{""1"": 0.6624905454545454, ""2"": 0.9592376363636363, ""3"": 0.9815130909090908, ""4"": 0.19221227272727273, ""5"": 0.9441746363636364, ""6"": 0.932346, ""7"": 0.9903840909090909, ""8"": 0.3419595454545455, ""9"": 0.9837855454545454, ""10"": 0.9106405454545454, ""11"": 0.9243123636363636, ""12"": 0.988509909090909, ""13"": 0.9811261818181819, ""14"": 0.9759287272727273, ""15"": 0.9867180909090908, ""16"": 0.9359379090909091, ""17"": 0.9877644545454545, ""18"": 0.90001, ""19"": 0.7968369090909091, ""20"": 0.9819389090909092, ""21"": 0.9823548181818182}",0.0023573785950023575,65.001,125.0792,5237,2.451332938775513,0.42412799999999606
rq2_e_r1_s120_l_qwen3_8_flash,dp_r1_s120_u5,RQ2,E,L,Qwen3.8-Flash,1.3262778701298705,0.117690909090909,16.383,169.644,521.583,31.499999999999996,0.19125541125541126,0.8753196406926407,"{""1"": 0.9705220909090909, ""2"": 0.5249202727272727, ""3"": 0.9822559090909092, ""4"": 0.19075663636363638, ""5"": 0.9529612727272727, ""6"": 0.9329515454545454, ""7"": 0.9795256363636364, ""8"": 0.3528113636363636, ""9"": 0.9809192727272726, ""10"": 0.922244, ""11"": 0.9500780909090909, ""12"": 0.9858250000000001, ""13"": 0.9833192727272727, ""14"": 0.9782603636363636, ""15"": 0.9883081818181817, ""16"": 0.9327724545454545, ""17"": 0.9889306363636363, ""18"": 0.9335655454545455, ""19"": 0.8836606363636363, ""20"": 0.9839276363636364, ""21"": 0.9831966363636364}",0.002376237623762376,69.9285,111.75099999999983,5156,13.56589293877552,2.1741360000000007
rq2_e_r1_s120_l_semif_qwen3_5_4b,dp_r1_s120_u5,RQ2,E,L,SemIf-Qwen3.5-4B,1.0786220779220776,0.1323454545454546,13.518,187.452,564.002,43.317,0.18179220779220778,0.856071354978355,"{""1"": 0.6294632727272726, ""2"": 0.5295540909090909, ""3"": 0.9825318181818182, ""4"": 0.09794972727272727, ""5"": 0.9444359999999999, ""6"": 0.9354877272727272, ""7"": 0.990389, ""8"": 0.350345, ""9"": 0.9883438181818183, ""10"": 0.9468072727272728, ""11"": 0.9254965454545454, ""12"": 0.9854849090909091, ""13"": 0.9714303636363636, ""14"": 0.9844407272727274, ""15"": 0.990668, ""16"": 0.9335964545454545, ""17"": 0.989158090909091, ""18"": 0.9333814545454544, ""19"": 0.8921721818181818, ""20"": 0.9875590000000001, ""21"": 0.9888029999999999}",0.0024893917963224894,67.5005,90.001,4988,2.1570763469387813,0.3592430000000064
rq2_e_r1_s120_no_update,dp_r1_s120_u5,RQ2,E,no-update,control,1.0873723982683983,0.13189818181818172,13.231,161.532,519.562,41.102999999999994,0.18736796536796538,0.8422841082251082,"{""1"": 0.6408808181818182, ""2"": 0.5275202727272728, ""3"": 0.9828056363636364, ""4"": 0.18734099999999998, ""5"": 0.649707090909091, ""6"": 0.9336992727272726, ""7"": 0.9908013636363636, ""8"": 0.35209654545454544, ""9"": 0.9858150909090909, ""10"": 0.9255012727272727, ""11"": 0.9231680909090909, ""12"": 0.9800897272727273, ""13"": 0.9730868181818183, ""14"": 0.9785552727272726, ""15"": 0.9888734545454546, ""16"": 0.9356312727272728, ""17"": 0.989768909090909, ""18"": 0.9336448181818181, ""19"": 0.8825516363636363, ""20"": 0.9374278181818181, ""21"": 0.989000090909091}",0.002442244224422442,65.001,90.0,5167,1520.4517618571429,15.991112
rq2_e_r1_s120_oracle,dp_r1_s120_u5,RQ2,E,oracle,control,1.2910583376623377,0.12872727272727297,16.507,165.277,540.857,32.099000000000004,0.1858961038961039,0.8759328484848485,"{""1"": 0.9724541818181818, ""2"": 0.5476027272727272, ""3"": 0.9812366363636364, ""4"": 0.192875, ""5"": 0.9079844545454546, ""6"": 0.9384667272727273, ""7"": 0.9795363636363636, ""8"": 0.3486902727272727, ""9"": 0.9845371818181818, ""10"": 0.9317515454545454, ""11"": 0.9526237272727273, ""12"": 0.984728, ""13"": 0.9873186363636364, ""14"": 0.9797281818181819, ""15"": 0.9906230000000001, ""16"": 0.9423129090909091, ""17"": 0.989666909090909, ""18"": 0.9380556363636364, ""19"": 0.8826985454545454, ""20"": 0.9832976363636364, ""21"": 0.9784015454545455}",0.00231966053748232,67.179,98.786,5073,0.029376224489797886,0.004999999999999893
rq2_e_r1_s3_fixed_0_1,dp_r1_s3_u5,RQ2,E,fixed-0.1,control,1.6990367445887447,0.1983927272727273,22.203,124.183,256.262,41.525999999999996,0.07628571428571429,0.8314257445887446,"{""1"": 0.5642341818181819, ""2"": 0.46558827272727277, ""3"": 0.9973297272727272, ""4"": 0.21437699999999998, ""5"": 0.9932137272727273, ""6"": 0.9656811818181817, ""7"": 0.9964156363636363, ""8"": 0.9912252727272728, ""9"": 0.9547673636363635, ""10"": 0.865515090909091, ""11"": 0.9996230909090909, ""12"": 0.9966740909090909, ""13"": 0.47305490909090914, ""14"": 0.8981254545454546, ""15"": 0.9893419090909091, ""16"": 0.14888972727272726, ""17"": 0.9919367272727273, ""18"": 0.9969903636363636, ""19"": 0.9752628181818181, ""20"": 0.9994483636363636, ""21"": 0.9822457272727272}",0.00027345591702027344,65.001,83.00039999999998,5,0.7886700000000004,0.11430000000000007
rq2_e_r1_s3_fixed_1,dp_r1_s3_u5,RQ2,E,fixed-1,control,1.7003805021645015,0.19845818181818176,22.401,122.887,261.802,41.503,0.07593939393939395,0.8321690129870131,"{""1"": 0.563825909090909, ""2"": 0.4808483636363637, ""3"": 0.9973709090909091, ""4"": 0.2139849090909091, ""5"": 0.9933070909090909, ""6"": 0.9648141818181818, ""7"": 0.9964903636363637, ""8"": 0.9912580000000001, ""9"": 0.9547883636363637, ""10"": 0.8639469999999999, ""11"": 0.9996277272727273, ""12"": 0.996686818181818, ""13"": 0.47393354545454547, ""14"": 0.8978501818181818, ""15"": 0.9927664545454546, ""16"": 0.14940227272727272, ""17"": 0.9919024545454544, ""18"": 0.9972546363636363, ""19"": 0.9748673636363636, ""20"": 0.9993755454545455, ""21"": 0.9812471818181819}",0.00027345591702027344,70.0,83.00059999999999,5,6.880142400000001,1.0142999999999986
rq2_e_r1_s3_fixed_5,dp_r1_s3_u5,RQ2,E,fixed-5,control,1.731285437229437,0.19959272727272737,22.629,124.13,256.186,40.188,0.08125541125541126,0.8259276839826839,"{""1"": 0.5675068181818183, ""2"": 0.45548772727272724, ""3"": 0.9975364545454545, ""4"": 0.21480100000000002, ""5"": 0.9931725454545455, ""6"": 0.9666577272727273, ""7"": 0.9965031818181818, ""8"": 0.9909178181818182, ""9"": 0.9549169999999999, ""10"": 0.8334184545454546, ""11"": 0.9996391818181819, ""12"": 0.9959097272727273, ""13"": 0.4285387272727273, ""14"": 0.8872189090909091, ""15"": 0.9955915454545454, ""16"": 0.14787645454545453, ""17"": 0.9651961818181818, ""18"": 0.9955786363636364, ""19"": 0.976295, ""20"": 0.9993991818181818, ""21"": 0.9823190909090909}",0.00021687883074021687,70.0,80.0,5,32.61545685,5.014299999999999
rq2_e_r1_s3_l_anyjev_l0,dp_r1_s3_u5,RQ2,E,L,AnyJev-L0,1.702360277056277,0.19804363636363628,22.315,121.817,259.527,41.419999999999995,0.07515151515151515,0.8319685194805194,"{""1"": 0.5643021818181818, ""2"": 0.4635952727272727, ""3"": 0.9974756363636362, ""4"": 0.2140887272727273, ""5"": 0.9934493636363636, ""6"": 0.9656135454545455, ""7"": 0.9965165454545455, ""8"": 0.9911716363636364, ""9"": 0.9546473636363637, ""10"": 0.8646034545454545, ""11"": 0.9996268181818182, ""12"": 0.9966391818181819, ""13"": 0.48036490909090906, ""14"": 0.901392, ""15"": 0.9935726363636365, ""16"": 0.14854181818181816, ""17"": 0.992096909090909, ""18"": 0.9972234545454545, ""19"": 0.9749897272727274, ""20"": 0.9994613636363636, ""21"": 0.9819663636363637}",0.0002923149457802923,65.001,82.5005,5,2.6424366999999975,0.38294649999999564
rq2_e_r1_s3_l_deepseek_v4_1_flash,dp_r1_s3_u5,RQ2,E,L,DeepSeek-V4.1-Flash,1.7109845194805193,0.19834909090909095,22.643,123.926,256.455,41.236000000000004,0.07747186147186147,0.8300390303030302,"{""1"": 0.5641462727272727, ""2"": 0.4808053636363636, ""3"": 0.9974333636363636, ""4"": 0.21385981818181818, ""5"": 0.9931925454545455, ""6"": 0.9654330909090909, ""7"": 0.9963288181818183, ""8"": 0.9912619090909089, ""9"": 0.9547647272727272, ""10"": 0.8619138181818181, ""11"": 0.9995910909090908, ""12"": 0.9965878181818182, ""13"": 0.43456809090909093, ""14"": 0.8906949090909091, ""15"": 0.9960359999999999, ""16"": 0.149408, ""17"": 0.9917545454545456, ""18"": 0.9971300000000001, ""19"": 0.9750132727272727, ""20"": 0.9994051818181819, ""21"": 0.9814910000000001}",0.00023573785950023574,70.0,149.99999999999977,5,4.249445375000004,0.509240000000001
rq2_e_r1_s3_l_glm_5_3_flash,dp_r1_s3_u5,RQ2,E,L,GLM-5.3-Flash,1.7141540086580085,0.197069090909091,22.445,123.032,259.157,40.937,0.077004329004329,0.8303534069264068,"{""1"": 0.5638396363636364, ""2"": 0.48134209090909097, ""3"": 0.9974607272727272, ""4"": 0.21393527272727272, ""5"": 0.9933709090909092, ""6"": 0.9653652727272728, ""7"": 0.9967434545454545, ""8"": 0.9910038181818182, ""9"": 0.9546756363636364, ""10"": 0.8579820909090909, ""11"": 0.9996035454545456, ""12"": 0.9966363636363635, ""13"": 0.4356142727272727, ""14"": 0.9001683636363637, ""15"": 0.9965743636363636, ""16"": 0.14931490909090908, ""17"": 0.9914666363636363, ""18"": 0.9969799999999999, ""19"": 0.9744395454545454, ""20"": 0.9994428181818181, ""21"": 0.9814618181818181}",0.0002263083451202263,65.0005,166.99999999999994,5,9.419775499999997,1.2031770000000037
rq2_e_r1_s3_l_jev_1_13_0,dp_r1_s3_u5,RQ2,E,L,Jev-1.13.0,1.7110390476190478,0.19836727272727256,22.524,122.609,257.177,40.816,0.07815584415584416,0.8295237272727273,"{""1"": 0.563554, ""2"": 0.46946154545454544, ""3"": 0.9973729090909091, ""4"": 0.21426827272727272, ""5"": 0.9933652727272728, ""6"": 0.9658846363636363, ""7"": 0.9966950909090908, ""8"": 0.9909815454545454, ""9"": 0.9549978181818181, ""10"": 0.8627256363636363, ""11"": 0.9996277272727273, ""12"": 0.9964162727272727, ""13"": 0.4331259090909091, ""14"": 0.8914885454545454, ""15"": 0.9958454545454546, ""16"": 0.14955954545454545, ""17"": 0.9918158181818182, ""18"": 0.9971247272727272, ""19"": 0.9743855454545455, ""20"": 0.999381909090909, ""21"": 0.9819200909090909}",0.00023573785950023574,65.001,87.99999999999997,5,1.9781973500000007,0.2874210000000037
rq2_e_r1_s3_l_qwen3_5_4b_json,dp_r1_s3_u5,RQ2,E,L,Qwen3.5-4B-JSON,1.7027654545454542,0.19875272727272728,22.476,123.648,259.618,41.565,0.07579220779220779,0.8314739653679653,"{""1"": 0.5638078181818181, ""2"": 0.4652258181818182, ""3"": 0.9973922727272727, ""4"": 0.21402781818181818, ""5"": 0.9931968181818182, ""6"": 0.9648728181818182, ""7"": 0.9965778181818181, ""8"": 0.991186909090909, ""9"": 0.9546328181818181, ""10"": 0.8645375454545455, ""11"": 0.9996196363636364, ""12"": 0.9967789999999999, ""13"": 0.4723843636363636, ""14"": 0.8990815454545454, ""15"": 0.9935132727272729, ""16"": 0.14899636363636362, ""17"": 0.9918924545454545, ""18"": 0.9972587272727272, ""19"": 0.974596090909091, ""20"": 0.9994342727272727, ""21"": 0.9819390909090909}",0.00027345591702027344,65.001,96.00059999999998,5,2.9010418999999987,0.42416449999999983
rq2_e_r1_s3_l_qwen3_8_flash,dp_r1_s3_u5,RQ2,E,L,Qwen3.8-Flash,1.7305799826839825,0.1826036363636368,22.577,125.029,260.051,39.875,0.08043290043290044,0.8257150779220779,"{""1"": 0.5680177272727273, ""2"": 0.45225618181818183, ""3"": 0.9974243636363636, ""4"": 0.2143408181818182, ""5"": 0.9933045454545455, ""6"": 0.966628, ""7"": 0.9965603636363637, ""8"": 0.9903188181818181, ""9"": 0.9552235454545454, ""10"": 0.8243682727272728, ""11"": 0.9996098181818182, ""12"": 0.996071, ""13"": 0.4330215454545454, ""14"": 0.8939139090909091, ""15"": 0.9960535454545454, ""16"": 0.1461141818181818, ""17"": 0.9636953636363637, ""18"": 0.995475, ""19"": 0.9759376363636364, ""20"": 0.9994658181818181, ""21"": 0.9822161818181817}",0.00020744931636020744,67.5005,84.75095,5,15.619216374999999,2.1211360000000017
rq2_e_r1_s3_l_semif_qwen3_5_4b,dp_r1_s3_u5,RQ2,E,L,SemIf-Qwen3.5-4B,1.703149108225108,0.19742181818181823,22.401,123.752,256.527,41.425999999999995,0.07580952380952381,0.8327681298701299,"{""1"": 0.5646978181818182, ""2"": 0.4803528181818182, ""3"": 0.9974438181818183, ""4"": 0.2138008181818182, ""5"": 0.9934262727272728, ""6"": 0.9654691818181819, ""7"": 0.9967171818181817, ""8"": 0.9909188181818183, ""9"": 0.9548188181818182, ""10"": 0.8623500909090909, ""11"": 0.9996160000000001, ""12"": 0.9966887272727273, ""13"": 0.48223245454545455, ""14"": 0.9020415454545455, ""15"": 0.9936595454545454, ""16"": 0.14850445454545452, ""17"": 0.9917032727272727, ""18"": 0.9970477272727273, ""19"": 0.9753472727272727, ""20"": 0.9994737272727273, ""21"": 0.9818203636363637}",0.0002923149457802923,70.0,95.0,5,2.5884466999999987,0.35850950000000026
rq2_e_r1_s3_no_update,dp_r1_s3_u5,RQ2,E,no-update,control,1.7171007965367964,0.19550181818181833,22.808,121.664,257.243,40.594,0.07588744588744589,0.8320583593073593,"{""1"": 0.5647225454545455, ""2"": 0.46390963636363636, ""3"": 0.9974946363636362, ""4"": 0.213799, ""5"": 0.9938841818181818, ""6"": 0.9652855454545455, ""7"": 0.996765909090909, ""8"": 0.9913304545454547, ""9"": 0.9548044545454546, ""10"": 0.864836, ""11"": 0.9996090909090909, ""12"": 0.9966330909090909, ""13"": 0.48110945454545456, ""14"": 0.895912, ""15"": 0.9936064545454546, ""16"": 0.14959372727272727, ""17"": 0.9907929090909091, ""18"": 0.9970341818181817, ""19"": 0.9778677272727274, ""20"": 0.9994789090909091, ""21"": 0.9847556363636363}",0.0002923149457802923,65.001,130.0005,5,1015.2155567,17.073319499999993
rq2_e_r1_s3_oracle,dp_r1_s3_u5,RQ2,E,oracle,control,1.7038386839826836,0.19818909090909115,22.382,123.652,259.876,41.367,0.07487445887445887,0.8326372683982685,"{""1"": 0.5643662727272728, ""2"": 0.479652, ""3"": 0.997373090909091, ""4"": 0.21406627272727274, ""5"": 0.9932958181818181, ""6"": 0.9658109090909092, ""7"": 0.996363, ""8"": 0.9909172727272727, ""9"": 0.9546853636363637, ""10"": 0.863162, ""11"": 0.9996276363636364, ""12"": 0.9965272727272728, ""13"": 0.4811763636363636, ""14"": 0.8997143636363636, ""15"": 0.9939066363636363, ""16"": 0.14908763636363637, ""17"": 0.9914828181818183, ""18"": 0.997125090909091, ""19"": 0.975261, ""20"": 0.9994708181818182, ""21"": 0.9823109999999999}",0.0002923149457802923,65.001,80.0005,5,0.03450000000000051,0.004999999999999005
rq2_e_r1_s60_fixed_0_1,dp_r1_s60_u5,RQ2,E,fixed-0.1,control,1.2766795844155847,0.10006545454545458,15.511,181.549,539.034,30.132,0.14206060606060605,0.8737598571428571,"{""1"": 0.7648188181818182, ""2"": 0.5817889090909091, ""3"": 0.9969898181818181, ""4"": 0.2649962727272727, ""5"": 0.9321485454545454, ""6"": 0.9942155454545454, ""7"": 0.9935711818181818, ""8"": 0.31703454545454546, ""9"": 0.9802744545454545, ""10"": 0.8948585454545455, ""11"": 0.9885740909090909, ""12"": 0.9921408181818182, ""13"": 0.986936, ""14"": 0.9852530909090909, ""15"": 0.9945678181818182, ""16"": 0.8182328181818181, ""17"": 0.9876632727272727, ""18"": 0.9861884545454545, ""19"": 0.9083115454545454, ""20"": 0.9923617272727272, ""21"": 0.9880307272727271}",0.0013012729844413013,65.001,103.75015000000015,3261,0.8195094339622646,0.11430000000000007
rq2_e_r1_s60_fixed_1,dp_r1_s60_u5,RQ2,E,fixed-1,control,1.2765040173160171,0.0995490909090909,15.483,185.61,552.037,29.819000000000003,0.143982683982684,0.8746755887445888,"{""1"": 0.7514236363636364, ""2"": 0.5736810909090909, ""3"": 0.997243, ""4"": 0.2659157272727273, ""5"": 0.934699090909091, ""6"": 0.9939952727272727, ""7"": 0.9936470909090909, ""8"": 0.3188524545454546, ""9"": 0.9786259999999999, ""10"": 0.8916195454545455, ""11"": 0.9885420909090908, ""12"": 0.992106090909091, ""13"": 0.9774713636363636, ""14"": 0.9853667272727272, ""15"": 0.9987974545454547, ""16"": 0.8178010909090909, ""17"": 0.9897625454545456, ""18"": 0.9868041818181819, ""19"": 0.9557133636363636, ""20"": 0.9881073636363638, ""21"": 0.9880121818181818}",0.0012918434700612917,65.001,96.00079999999994,3022,7.2448252452830175,1.0143000000000004
rq2_e_r1_s60_fixed_5,dp_r1_s60_u5,RQ2,E,fixed-5,control,1.2757441038961037,0.09625272727272731,15.716,183.153,563.431,30.990000000000002,0.1533073593073593,0.868866,"{""1"": 0.7588893636363636, ""2"": 0.4894158181818182, ""3"": 0.9955846363636364, ""4"": 0.2621295454545454, ""5"": 0.9071411818181818, ""6"": 0.9944018181818183, ""7"": 0.9934323636363636, ""8"": 0.31626154545454543, ""9"": 0.9689367272727273, ""10"": 0.8902251818181818, ""11"": 0.9888948181818182, ""12"": 0.9884933636363635, ""13"": 0.9864082727272727, ""14"": 0.991453090909091, ""15"": 0.9944870909090909, ""16"": 0.8104366363636363, ""17"": 0.989585909090909, ""18"": 0.9840168181818182, ""19"": 0.9555557272727273, ""20"": 0.9923368181818182, ""21"": 0.9880992727272728}",0.0012541254125412542,65.001,86.94339999999995,3269,33.56360271698113,5.014299999999999
rq2_e_r1_s60_l_anyjev_l0,dp_r1_s60_u5,RQ2,E,L,AnyJev-L0,1.2737554285714285,0.09754909090909086,15.666,185.264,569.056,30.435000000000002,0.15761904761904763,0.8628699090909091,"{""1"": 0.7454032727272727, ""2"": 0.48460763636363635, ""3"": 0.9957590000000001, ""4"": 0.2630887272727273, ""5"": 0.9209328181818183, ""6"": 0.9944383636363636, ""7"": 0.9934675454545454, ""8"": 0.3128601818181818, ""9"": 0.9736945454545455, ""10"": 0.7781977272727273, ""11"": 0.9889419090909091, ""12"": 0.9885756363636363, ""13"": 0.9771434545454546, ""14"": 0.9919826363636364, ""15"": 0.9986481818181817, ""16"": 0.8089538181818182, ""17"": 0.9904784545454546, ""18"": 0.9843296363636364, ""19"": 0.9481013636363635, ""20"": 0.9924753636363636, ""21"": 0.9881878181818181}",0.0012446958981612447,65.001,92.17134999999995,3078,2.803608113207544,0.39122700000000066
rq2_e_r1_s60_l_deepseek_v4_1_flash,dp_r1_s60_u5,RQ2,E,L,DeepSeek-V4.1-Flash,1.2369499047619048,0.09695818181818189,15.795,183.742,566.607,34.967,0.1628917748917749,0.8696339264069264,"{""1"": 0.7462049090909091, ""2"": 0.492684, ""3"": 0.9957146363636364, ""4"": 0.262914, ""5"": 0.9272708181818181, ""6"": 0.9944567272727273, ""7"": 0.9955471818181817, ""8"": 0.3075341818181818, ""9"": 0.9737172727272727, ""10"": 0.888485, ""11"": 0.9888757272727273, ""12"": 0.9873397272727272, ""13"": 0.9859810909090908, ""14"": 0.9909331818181818, ""15"": 0.9945101818181817, ""16"": 0.807257, ""17"": 0.9896138181818182, ""18"": 0.9845914545454546, ""19"": 0.967989, ""20"": 0.9925535454545454, ""21"": 0.988139}",0.0012258368694012258,65.001,89.93565,3255,4.384722377358487,0.521255
rq2_e_r1_s60_l_glm_5_3_flash,dp_r1_s60_u5,RQ2,E,L,GLM-5.3-Flash,1.2987169696969696,0.0968854545454545,15.716,181.521,561.78,30.836,0.1612900432900433,0.8670962424242423,"{""1"": 0.7411376363636364, ""2"": 0.49246963636363633, ""3"": 0.9958227272727272, ""4"": 0.2666627272727273, ""5"": 0.9622717272727274, ""6"": 0.9935606363636363, ""7"": 0.9932496363636363, ""8"": 0.3153069090909091, ""9"": 0.9717617272727271, ""10"": 0.8146548181818182, ""11"": 0.9889465454545455, ""12"": 0.9919234545454546, ""13"": 0.9756589999999999, ""14"": 0.991836090909091, ""15"": 0.9987408181818183, ""16"": 0.8086598181818182, ""17"": 0.9906174545454546, ""18"": 0.9842595454545455, ""19"": 0.9550352727272727, ""20"": 0.9882154545454546, ""21"": 0.9882294545454545}",0.0012352663837812354,65.001,120.001,3057,9.652021132075468,1.0950539999999975
rq2_e_r1_s60_l_jev_1_13_0,dp_r1_s60_u5,RQ2,E,L,Jev-1.13.0,1.2823322943722943,0.09966363636363638,15.512,178.871,554.642,30.241999999999997,0.1400952380952381,0.873913329004329,"{""1"": 0.7576919999999999, ""2"": 0.5859077272727273, ""3"": 0.9970569090909092, ""4"": 0.2663832727272727, ""5"": 0.915389, ""6"": 0.9946779090909091, ""7"": 0.9933326363636363, ""8"": 0.31720454545454546, ""9"": 0.9783448181818182, ""10"": 0.8941809090909091, ""11"": 0.988456, ""12"": 0.9888834545454546, ""13"": 0.9864287272727272, ""14"": 0.9862479999999999, ""15"": 0.9943878181818183, ""16"": 0.8076923636363637, ""17"": 0.990507, ""18"": 0.9863518181818183, ""19"": 0.9460262727272727, ""20"": 0.9888828181818181, ""21"": 0.988145909090909}",0.0012918434700612917,65.001,86.00079999999994,3249,2.1551237924528337,0.2971849999999989
rq2_e_r1_s60_l_qwen3_5_4b_json,dp_r1_s60_u5,RQ2,E,L,Qwen3.5-4B-JSON,1.3088525541125542,0.09613999999999996,15.745,175.629,559.143,29.098,0.17273593073593074,0.867476142857143,"{""1"": 0.7256782727272727, ""2"": 0.49124281818181825, ""3"": 0.9956153636363636, ""4"": 0.26628863636363637, ""5"": 0.9637211818181818, ""6"": 0.9915069090909091, ""7"": 0.9933541818181818, ""8"": 0.2839032727272727, ""9"": 0.9674883636363637, ""10"": 0.8879799090909092, ""11"": 0.9888736363636363, ""12"": 0.9858682727272726, ""13"": 0.9865760909090909, ""14"": 0.9920818181818182, ""15"": 0.9945058181818182, ""16"": 0.8001830909090909, ""17"": 0.9883740909090908, ""18"": 0.9849624545454545, ""19"": 0.9526704545454545, ""20"": 0.9877125454545455, ""21"": 0.9884118181818181}",0.001188118811881188,65.001,90.0,3399,3.0636844339622584,0.4242039999999996
rq2_e_r1_s60_l_qwen3_8_flash,dp_r1_s60_u5,RQ2,E,L,Qwen3.8-Flash,1.2530060259740259,0.0963418181818182,15.511,187.577,583.226,29.563000000000002,0.15993073593073592,0.8653284329004329,"{""1"": 0.7500756363636364, ""2"": 0.48769399999999996, ""3"": 0.9957806363636363, ""4"": 0.2506978181818182, ""5"": 0.9063111818181818, ""6"": 0.9938310909090908, ""7"": 0.9933695454545455, ""8"": 0.31225654545454545, ""9"": 0.9725351818181819, ""10"": 0.893125, ""11"": 0.988841818181818, ""12"": 0.9876396363636365, ""13"": 0.9853997272727272, ""14"": 0.9921253636363636, ""15"": 0.9945110909090908, ""16"": 0.809242, ""17"": 0.9896421818181818, ""18"": 0.9846573636363637, ""19"": 0.9043185454545455, ""20"": 0.9915535454545455, ""21"": 0.9882891818181817}",0.0012541254125412542,65.001,96.99999999999996,3203,16.654794641509437,2.2136720000000025
rq2_e_r1_s60_l_semif_qwen3_5_4b,dp_r1_s60_u5,RQ2,E,L,SemIf-Qwen3.5-4B,1.296326528138528,0.09783272727272734,15.716,180.986,549.971,30.504,0.1612207792207792,0.8702714285714286,"{""1"": 0.7451801818181819, ""2"": 0.4957872727272727, ""3"": 0.9956296363636364, ""4"": 0.26667772727272726, ""5"": 0.9583502727272728, ""6"": 0.9938796363636363, ""7"": 0.9931759090909091, ""8"": 0.31490418181818186, ""9"": 0.9732225454545453, ""10"": 0.8909334545454545, ""11"": 0.9886993636363636, ""12"": 0.9798643636363635, ""13"": 0.9761907272727273, ""14"": 0.9920048181818183, ""15"": 0.9987063636363637, ""16"": 0.8073764545454546, ""17"": 0.9906144545454545, ""18"": 0.9850402727272728, ""19"": 0.9533066363636364, ""20"": 0.9882595454545454, ""21"": 0.9878961818181818}",0.0012258368694012258,65.001,92.74999999999999,3039,2.6697073773584847,0.35924299999999976
rq2_e_r1_s60_no_update,dp_r1_s60_u5,RQ2,E,no-update,control,1.2238902510822514,0.09796545454545454,15.462,186.335,553.217,37.652,0.15844155844155844,0.8596578787878788,"{""1"": 0.7426921818181819, ""2"": 0.48659545454545455, ""3"": 0.9969884545454546, ""4"": 0.2625516363636364, ""5"": 0.933274, ""6"": 0.9946311818181818, ""7"": 0.9975295454545455, ""8"": 0.3151947272727273, ""9"": 0.9673174545454545, ""10"": 0.6919131818181818, ""11"": 0.988875090909091, ""12"": 0.9916839090909091, ""13"": 0.977241090909091, ""14"": 0.9921126363636364, ""15"": 0.9986843636363636, ""16"": 0.8065814545454545, ""17"": 0.9910549999999999, ""18"": 0.9831780909090908, ""19"": 0.9538823636363637, ""20"": 0.9929464545454545, ""21"": 0.9878871818181818}",0.0012446958981612447,65.001,97.25044999999994,3069,1351.6510521698115,15.07333700000001
rq2_e_r1_s60_oracle,dp_r1_s60_u5,RQ2,E,oracle,control,1.2822733679653682,0.0925163636363637,15.887,178.272,562.605,31.308,0.16026839826839828,0.8681199696969697,"{""1"": 0.7455069090909091, ""2"": 0.49508481818181815, ""3"": 0.9681770909090909, ""4"": 0.264289, ""5"": 0.9274200909090909, ""6"": 0.9943223636363636, ""7"": 0.9934200909090908, ""8"": 0.3166171818181818, ""9"": 0.9742339090909091, ""10"": 0.8866989090909091, ""11"": 0.9889415454545455, ""12"": 0.9918936363636365, ""13"": 0.9863906363636364, ""14"": 0.9892848181818181, ""15"": 0.9947428181818182, ""16"": 0.8061167272727272, ""17"": 0.9898312727272727, ""18"": 0.9847363636363636, ""19"": 0.9557057272727273, ""20"": 0.9888697272727272, ""21"": 0.9882357272727271}",0.0012446958981612447,65.001,100.00045,3257,0.03603773584905307,0.004999999999999893
rq1_p_10_r0p3_s30_l_anyjev_l0,dp_r0p3_s30_u5,RQ1,P-10,L,AnyJev-L0,1.3916924028685171,0.17361607923099284,16.283,162.639,503.854,28.393,0.12584300833645432,0.8452676417960137,"{""1"": 0.6438890183512962, ""2"": 0.42467786192834256, ""3"": 0.9974272065249052, ""4"": 0.22335601514710166, ""5"": 0.9948174191669095, ""6"": 0.9548530439848528, ""7"": 0.9971836877366734, ""8"": 0.6141917564812118, ""9"": 0.9904469560151471, ""10"": 0.7942720361200117, ""11"": 0.990821672006991, ""12"": 0.9517764637343432, ""13"": 0.9803438683367317, ""14"": 0.8127800757355083, ""15"": 0.7365542382755608, ""16"": 0.8717668802796389, ""17"": 0.9924819399941742, ""18"": 0.9298522283716866, ""19"": 0.8835682202155548, ""20"": 0.9756646373434315, ""21"": 0.9898952519662103}",0.0023008015087223007,65.001,99.24999999999997,15,34.66142823404256,4.850110999999998
rq1_p_10_r0p3_s30_l_deepseek_v4_1_flash,dp_r0p3_s30_u5,RQ1,P-10,L,DeepSeek-V4.1-Flash,1.4028404810453166,0.1902470142732274,16.685,170.93,521.052,31.075,0.1458421760781213,0.8745930645138917,"{""1"": 0.6508220798135741, ""2"": 0.4166643169239732, ""3"": 0.997411884648995, ""4"": 0.22349554325662685, ""5"": 0.9944165452956597, ""6"": 0.9407877949315467, ""7"": 0.9974284299446549, ""8"": 0.8990147975531605, ""9"": 0.9872625691814739, ""10"": 0.7886515584037285, ""11"": 0.963341741916691, ""12"": 0.9899057384212059, ""13"": 0.9782050684532478, ""14"": 0.8208627148266822, ""15"": 0.9958644625691815, ""16"": 0.8741937372560443, ""17"": 0.9938105155840372, ""18"": 0.9840796679289251, ""19"": 0.886501864258666, ""20"": 0.9935696475385959, ""21"": 0.9901636760850567}",0.0021782178217821784,70.0,107.5005,18,35.88666240425531,4.994580999999982
rq1_p_10_r0p3_s30_l_glm_5_3_flash,dp_r0p3_s30_u5,RQ1,P-10,L,GLM-5.3-Flash,1.408807595744386,0.16984736382172907,16.557,169.61,517.171,29.024,0.14205817485747577,0.8748676501185969,"{""1"": 0.743255228662977, ""2"": 0.42371194290707836, ""3"": 0.9977460821438974, ""4"": 0.2245538013399359, ""5"": 0.9945388290125254, ""6"": 0.9465796970579667, ""7"": 0.996951267113312, ""8"": 0.6889420914651908, ""9"": 0.9667163996504515, ""10"": 0.8801808039615496, ""11"": 0.989731109816487, ""12"": 0.984783309059132, ""13"": 0.9810542965336441, ""14"": 0.8129034372269152, ""15"": 0.9944224293620739, ""16"": 0.8615903582872123, ""17"": 0.9942608214389747, ""18"": 0.9277603553743081, ""19"": 0.9810004369356248, ""20"": 0.9915335857850277, ""21"": 0.9900043693562481}",0.00214992927864215,65.001,115.00065000000001,22,40.815953489361725,6.069028000000003
rq1_p_10_r0p3_s30_l_jev_1_13_0,dp_r0p3_s30_u5,RQ1,P-10,L,Jev-1.13.0,1.4745732539913725,0.14038333818817425,16.727,151.326,519.25,26.372,0.16074792282191058,0.8581205886840609,"{""1"": 0.5680018933877076, ""2"": 0.41502647829886397, ""3"": 0.9977887270608797, ""4"": 0.22342240023303234, ""5"": 0.9945508301776872, ""6"": 0.9612674046023886, ""7"": 0.9926561316632683, ""8"": 0.6523396154966502, ""9"": 0.948198572676959, ""10"": 0.8882725604427614, ""11"": 0.9883643169239732, ""12"": 0.9654848820273813, ""13"": 0.9796069618409554, ""14"": 0.8061698805709292, ""15"": 0.9921071074861637, ""16"": 0.8531148849402854, ""17"": 0.9920780075735509, ""18"": 0.9294457325953975, ""19"": 0.8909618992135159, ""20"": 0.991564171278765, ""21"": 0.9901099038741624}",0.002112211221122112,70.0,119.95725,188,33.682644170212775,4.768169999999998
rq1_p_10_r0p3_s30_l_qwen3_5_4b_json,dp_r0p3_s30_u5,RQ1,P-10,L,Qwen3.5-4B-JSON,1.2565530301138805,0.11285010195164703,16.186,190.69,569.117,28.770999999999997,0.17232463623375363,0.8601397694644417,"{""1"": 0.567438450334984, ""2"": 0.4134960675793766, ""3"": 0.9979382464316924, ""4"": 0.22175094669385376, ""5"": 0.9891886688027964, ""6"": 0.9594918729973784, ""7"": 0.9972391785610254, ""8"": 0.6080512088552287, ""9"": 0.9719312554616952, ""10"": 0.9061316050101952, ""11"": 0.9932413341101078, ""12"": 0.9623446256918148, ""13"": 0.9585637634721819, ""14"": 0.8114418875618992, ""15"": 0.9972586950189339, ""16"": 0.8917914069327119, ""17"": 0.9922697349257209, ""18"": 0.9236071366152054, ""19"": 0.921436935624818, ""20"": 0.9883309059131955, ""21"": 0.9899912321584621}",0.0020556341348420557,65.001,90.75084999999989,31,34.86958793617022,4.878826000000004
rq1_p_10_r0p3_s30_l_qwen3_8_flash,dp_r0p3_s30_u5,RQ1,P-10,L,Qwen3.8-Flash,1.4429088205512324,0.16007165744247054,16.868,158.727,483.639,29.293999999999997,0.14993966127085848,0.8667535530495332,"{""1"": 0.6716247305563647, ""2"": 0.4223360617535683, ""3"": 0.9972014564520828, ""4"": 0.2235903291581707, ""5"": 0.9943567142441014, ""6"": 0.9638833673172152, ""7"": 0.9955813574133412, ""8"": 0.6205650451500146, ""9"": 0.980453539178561, ""10"": 0.9218316050101951, ""11"": 0.9831673463443052, ""12"": 0.9679612001165162, ""13"": 0.9743036411302068, ""14"": 0.8198627148266822, ""15"": 0.991343081852607, ""16"": 0.8977386833673172, ""17"": 0.9928643169239733, ""18"": 0.9242497815321876, ""19"": 0.8912938246431693, ""20"": 0.9775120594232449, ""21"": 0.9901037576463734}",0.0020933521923620934,70.0,114.75004999999994,157,46.96737563829787,6.473243999999994
rq1_p_10_r0p3_s30_l_semif_qwen3_5_4b,dp_r0p3_s30_u5,RQ1,P-10,L,SemIf-Qwen3.5-4B,1.436045041820981,0.14412933294494593,16.557,167.733,503.776,27.362,0.1475843701885065,0.8629882013510327,"{""1"": 0.5552896883192543, ""2"": 0.4246226623944072, ""3"": 0.9975673463443053, ""4"": 0.22338593067288087, ""5"": 0.9942275852024469, ""6"": 0.9670711039906787, ""7"": 0.99266408389164, ""8"": 0.701020565103408, ""9"": 0.9498689484415962, ""10"": 0.8366474803378968, ""11"": 0.9863695892805127, ""12"": 0.9932147101660355, ""13"": 0.9585171278764929, ""14"": 0.8531316632682785, ""15"": 0.9927581124381007, ""16"": 0.8956720943780949, ""17"": 0.9935395863676084, ""18"": 0.9304824351878823, ""19"": 0.889933381881736, ""20"": 0.9965989513545005, ""21"": 0.9901691814739294}",0.002131070249882131,65.002,118.75025,32,33.81244138297873,4.812984999999998
rq1_p_1_r0p3_s30_l_anyjev_l0,dp_r0p3_s30_u5,RQ1,P-1,L,AnyJev-L0,1.419107358550761,0.1965254879114442,16.541,159.519,518.487,31.035000000000004,0.13133591333416558,0.8713106362614956,"{""1"": 0.6473356248179435, ""2"": 0.6243341974949025, ""3"": 0.9973236527818236, ""4"": 0.22388852315758812, ""5"": 0.9944866880279638, ""6"": 0.9411329449461113, ""7"": 0.9972736382173026, ""8"": 0.617043431401107, ""9"": 0.9864039906787067, ""10"": 0.801571162248762, ""11"": 0.99062394407224, ""12"": 0.9888824060588406, ""13"": 0.9801084182930382, ""14"": 0.869264666472473, ""15"": 0.9962095834547043, ""16"": 0.884573696475386, ""17"": 0.9970594523740168, ""18"": 0.8979578794057677, ""19"": 0.8758974949024176, ""20"": 0.9960191669094086, ""21"": 0.990132799300903}",0.002197076850542197,70.0,120.001,20,5.803867042553189,0.982451999999995
rq1_p_1_r0p3_s30_l_deepseek_v4_1_flash,dp_r0p3_s30_u5,RQ1,P-1,L,DeepSeek-V4.1-Flash,1.4039342737852494,0.16220215554908068,16.585,163.402,505.162,29.548999999999996,0.14618062780020252,0.8724679871832217,"{""1"": 0.581515088843577, ""2"": 0.4169232158461986, ""3"": 0.9976762889600932, ""4"": 0.2227176813282843, ""5"": 0.9936250509758229, ""6"": 0.9393376638508594, ""7"": 0.9969192542965336, ""8"": 0.7314578794057676, ""9"": 0.9706685406350131, ""10"": 0.9334754442178852, ""11"": 0.9887173026507429, ""12"": 0.9946984270317507, ""13"": 0.9810596562773085, ""14"": 0.848577570637926, ""15"": 0.9926518205651035, ""16"": 0.8629845907369648, ""17"": 0.9909642877949315, ""18"": 0.9289186134576173, ""19"": 0.9656689775706379, ""20"": 0.9931271191377804, ""21"": 0.990143256626857}",0.0020650636492220652,65.001,110.50099999999998,32,6.969296489361701,1.1704459999999983
rq1_p_1_r0p3_s30_l_glm_5_3_flash,dp_r0p3_s30_u5,RQ1,P-1,L,GLM-5.3-Flash,1.3722279111702942,0.14622895426740465,16.23,167.143,524.168,28.451000000000004,0.14101230355235597,0.8625038602915678,"{""1"": 0.7700403437226915, ""2"": 0.4170574424701427, ""3"": 0.9978114477133702, ""4"": 0.22368054180017477, ""5"": 0.9946579667928925, ""6"": 0.9613181473929507, ""7"": 0.9971756481211769, ""8"": 0.6164536848237693, ""9"": 0.982212816778328, ""10"": 0.7174709000873871, ""11"": 0.9961212059423245, ""12"": 0.9945822021555492, ""13"": 0.9815233906204485, ""14"": 0.8102131371977861, ""15"": 0.9935281095251967, ""16"": 0.8682618992135159, ""17"": 0.9927162831342848, ""18"": 0.9303435770463151, ""19"": 0.8841545004369357, ""20"": 0.9931344596562773, ""21"": 0.9901233614914069}",0.00214992927864215,65.001,135.99009999999979,30,14.038112744680877,1.6956739999999968
rq1_p_1_r0p3_s30_l_jev_1_13_0,dp_r0p3_s30_u5,RQ1,P-1,L,Jev-1.13.0,1.3969741805723161,0.20544596562772766,16.507,158.918,494.02,32.738,0.14218578780186703,0.8736962673213765,"{""1"": 0.6576168074570347, ""2"": 0.6066867462860471, ""3"": 0.9973420914651908, ""4"": 0.2241944946111273, ""5"": 0.9942321293329449, ""6"": 0.9647933003204195, ""7"": 0.9972321875910282, ""8"": 0.6112441887561899, ""9"": 0.9898272939120303, ""10"": 0.7529500728226041, ""11"": 0.9915882318671715, ""12"": 0.99184383920769, ""13"": 0.9807358869793185, ""14"": 0.8690335857850277, ""15"": 0.9960309933003204, ""16"": 0.8828531605010195, ""17"": 0.9963402272065249, ""18"": 0.8767402854646082, ""19"": 0.9796709292164288, ""20"": 0.996515933585785, ""21"": 0.9901492280803962}",0.002234794908062235,65.001,121.00079999999994,21,5.107835744680861,0.8477189999999837
rq1_p_1_r0p3_s30_l_qwen3_5_4b_json,dp_r0p3_s30_u5,RQ1,P-1,L,Qwen3.5-4B-JSON,1.3552170668442147,0.14134110107777484,16.383,168.262,503.629,32.331,0.1582566962118375,0.8494670730861527,"{""1"": 0.5515891348674629, ""2"": 0.48299790270900084, ""3"": 0.996045790853481, ""4"": 0.22097017186134577, ""5"": 0.9942627730847655, ""6"": 0.9468156422953684, ""7"": 0.9973667637634721, ""8"": 0.6252575589863093, ""9"": 0.956513661520536, ""10"": 0.7387075444217885, ""11"": 0.9857554034372269, ""12"": 0.9856602388581416, ""13"": 0.9809003204194582, ""14"": 0.8078140401980776, ""15"": 0.9923515001456451, ""16"": 0.9001857267695892, ""17"": 0.9748278473638217, ""18"": 0.9238030876784155, ""19"": 0.794195281095252, ""20"": 0.9924974949024177, ""21"": 0.9902906495776288}",0.0021782178217821784,70.0,107.5,21,5.802424957446817,0.9938959999999994
rq1_p_1_r0p3_s30_l_qwen3_8_flash,dp_r0p3_s30_u5,RQ1,P-1,L,Qwen3.8-Flash,1.4010564021472265,0.1177023011942909,16.637,170.919,504.441,32.392,0.1621433426268847,0.8774083447768853,"{""1"": 0.8175179143606176, ""2"": 0.4152535974366443, ""3"": 0.9981110399067871, ""4"": 0.22467186134576173, ""5"": 0.9944938537722109, ""6"": 0.9391013399359162, ""7"": 0.9970107194873288, ""8"": 0.9036353626565685, ""9"": 0.9792404019807749, ""10"": 0.792758432857559, ""11"": 0.8953157588115351, ""12"": 0.9892405767550247, ""13"": 0.9801551704048936, ""14"": 0.8106353626565685, ""15"": 0.9957107194873288, ""16"": 0.8740775123798427, ""17"": 0.99274771337023, ""18"": 0.9840661811826391, ""19"": 0.8851638799883484, ""20"": 0.9666026507427906, ""21"": 0.9900651907952228}",0.0020933521923620934,65.001,99.75094999999995,24,23.48589340425531,3.0841120000000046
rq1_p_1_r0p3_s30_l_semif_qwen3_5_4b,dp_r0p3_s30_u5,RQ1,P-1,L,SemIf-Qwen3.5-4B,1.4400601112451974,0.1078415380134001,16.918,159.748,480.951,30.355000000000004,0.1516541134368108,0.8791495942740627,"{""1"": 0.6627457617244393, ""2"": 0.49765869501893384, ""3"": 0.9968040198077484, ""4"": 0.22370442761433149, ""5"": 0.9945145936498689, ""6"": 0.9427007864841247, ""7"": 0.9973216428779492, ""8"": 0.6438035246140401, ""9"": 0.9889900669967957, ""10"": 0.8788829595106321, ""11"": 0.9731435770463152, ""12"": 0.983880949606758, ""13"": 0.9467387416254006, ""14"": 0.8989502184678124, ""15"": 0.9929658898922226, ""16"": 0.8954577920186426, ""17"": 0.9967445383046898, ""18"": 0.9852328575589863, ""19"": 0.9815106903582872, ""20"": 0.9902366152053598, ""21"": 0.9901531313719778}",0.001999057048561999,65.001,100.0,24,5.565740340425543,0.9684249999999963
rq2_e_r0p1_s120_a_anyjev_l0,dp_r0p1_s120_u5,RQ2,E,A,AnyJev-L0,1.177277401225837,0.16856316831683235,16.283,181.424,601.167,26.916999999999998,0.21162659123055164,0.8542659651107968,"{""1"": 0.8186798811881189, ""2"": 0.5049169207920792, ""3"": 0.9948285247524752, ""4"": 0.9724180891089108, ""5"": 0.9506487920792078, ""6"": 0.9743224257425742, ""7"": 0.9868340891089108, ""8"": 0.6019867326732673, ""9"": 0.9785125544554456, ""10"": 0.9690780594059405, ""11"": 0.4885505247524753, ""12"": 0.9836054950495049, ""13"": 0.9604209207920792, ""14"": 0.4617869900990099, ""15"": 0.9856033564356436, ""16"": 0.7349992178217822, ""17"": 0.9804070792079207, ""18"": 0.9600987227722773, ""19"": 0.6738665742574257, ""20"": 0.9803902871287129, ""21"": 0.9776300297029703}",0.022395096652522394,70.0,125.001,68091,,
rq2_e_r0p1_s120_a_deepseek_v4_1_flash,dp_r0p1_s120_u5,RQ2,E,A,DeepSeek-V4.1-Flash,1.2790609052333806,0.17627920792079765,15.561,153.989,501.106,32.699999999999996,0.1631041961338991,0.8866243781235267,"{""1"": 0.7439620594059406, ""2"": 0.5390620396039604, ""3"": 0.9693636138613861, ""4"": 0.9788381584158417, ""5"": 0.9024433960396039, ""6"": 0.9721555247524752, ""7"": 0.969684089108911, ""8"": 0.6472320297029702, ""9"": 0.979949287128713, ""10"": 0.9456371683168318, ""11"": 0.48651445544554456, ""12"": 0.9776923663366337, ""13"": 0.9824059207920792, ""14"": 0.981153801980198, ""15"": 0.9678689405940595, ""16"": 0.9794226831683167, ""17"": 0.9777762178217823, ""18"": 0.9579826534653465, ""19"": 0.6819842178217822, ""20"": 0.9840826237623763, ""21"": 0.9939006930693068}",0.02332861857614333,65.001,85.0,67711,,
rq2_e_r0p1_s120_a_glm_5_3_flash,dp_r0p1_s120_u5,RQ2,E,A,GLM-5.3-Flash,1.06190431494578,0.16505425742573543,14.528,191.471,592.762,37.217,0.1979179632248939,0.9105778241395567,"{""1"": 0.8832427821782178, ""2"": 0.8805758910891089, ""3"": 0.9936598316831683, ""4"": 0.9802006237623762, ""5"": 0.9145491386138613, ""6"": 0.9808087029702971, ""7"": 0.9871978316831683, ""8"": 0.6186957029702971, ""9"": 0.9651282277227722, ""10"": 0.9847246633663367, ""11"": 0.48563420792079204, ""12"": 0.9837031188118812, ""13"": 0.9681528118811881, ""14"": 0.981047712871287, ""15"": 0.968476099009901, ""16"": 0.9772451485148514, ""17"": 0.9870848019801981, ""18"": 0.9729771287128712, ""19"": 0.6327893168316832, ""20"": 0.9822698118811881, ""21"": 0.9939707524752476}",0.0226025459688826,70.0,125.0,67568,,
rq2_e_r0p1_s120_a_jev_1_13_0,dp_r0p1_s120_u5,RQ2,E,A,Jev-1.13.0,1.241873965110797,0.17872059405941224,16.019,163.608,518.387,32.513,0.17241018387553042,0.8938849240924092,"{""1"": 0.7114400792079207, ""2"": 0.5303131584158416, ""3"": 0.9692676930693069, ""4"": 0.9799772376237623, ""5"": 0.896561485148515, ""6"": 0.9751962475247524, ""7"": 0.9712176732673268, ""8"": 0.8876724257425742, ""9"": 0.9806443663366335, ""10"": 0.9761941287128713, ""11"": 0.452318306930693, ""12"": 0.9805946138613861, ""13"": 0.9802581386138615, ""14"": 0.981149108910891, ""15"": 0.9697254653465346, ""16"": 0.979346297029703, ""17"": 0.975853504950495, ""18"": 0.9574699504950495, ""19"": 0.6414738217821782, ""20"": 0.9810068019801981, ""21"": 0.9939029009900989}",0.02329090051862329,65.001,90.001,67659,,
rq2_e_r0p1_s120_a_qwen3_5_4b_json,dp_r0p1_s120_u5,RQ2,E,A,Qwen3.5-4B-JSON,1.2760750400754364,0.17838792079207047,15.482,154.468,505.348,32.644999999999996,0.1631070249882131,0.8861914318717585,"{""1"": 0.7273441089108911, ""2"": 0.5372937227722772, ""3"": 0.9694735742574258, ""4"": 0.9789696336633664, ""5"": 0.920098504950495, ""6"": 0.9721214752475248, ""7"": 0.9690853465346535, ""8"": 0.6469619801980198, ""9"": 0.9790959900990099, ""10"": 0.9463479504950494, ""11"": 0.4856855544554456, ""12"": 0.9779557524752476, ""13"": 0.9836779405940593, ""14"": 0.9811132475247525, ""15"": 0.967512514851485, ""16"": 0.9798850891089109, ""17"": 0.977171693069307, ""18"": 0.9565644158415842, ""19"": 0.6758566633663367, ""20"": 0.9838127623762377, ""21"": 0.9939921485148515}",0.023404054691183403,65.001,85.00095,67485,,
rq2_e_r0p1_s120_a_qwen3_8_flash,dp_r0p1_s120_u5,RQ2,E,A,Qwen3.8-Flash,1.2790609052333806,0.17627920792079765,15.561,153.989,501.106,32.699999999999996,0.1631041961338991,0.8866243781235267,"{""1"": 0.7439620594059406, ""2"": 0.5390620396039604, ""3"": 0.9693636138613861, ""4"": 0.9788381584158417, ""5"": 0.9024433960396039, ""6"": 0.9721555247524752, ""7"": 0.969684089108911, ""8"": 0.6472320297029702, ""9"": 0.979949287128713, ""10"": 0.9456371683168318, ""11"": 0.48651445544554456, ""12"": 0.9776923663366337, ""13"": 0.9824059207920792, ""14"": 0.981153801980198, ""15"": 0.9678689405940595, ""16"": 0.9794226831683167, ""17"": 0.9777762178217823, ""18"": 0.9579826534653465, ""19"": 0.6819842178217822, ""20"": 0.9840826237623763, ""21"": 0.9939006930693068}",0.02332861857614333,65.001,85.0,67711,,
rq2_e_r0p1_s120_a_semif_qwen3_5_4b,dp_r0p1_s120_u5,RQ2,E,A,SemIf-Qwen3.5-4B,1.2779214125412546,0.17703009900989614,15.515,154.252,500.581,32.698,0.16172088637435172,0.8865367817067422,"{""1"": 0.7478028415841583, ""2"": 0.5375855247524752, ""3"": 0.9693922673267327, ""4"": 0.9787356732673267, ""5"": 0.9023996633663367, ""6"": 0.9722916336633664, ""7"": 0.9696606534653465, ""8"": 0.6471819702970297, ""9"": 0.9803349207920792, ""10"": 0.9460923762376237, ""11"": 0.48700813861386133, ""12"": 0.9788847227722771, ""13"": 0.9823513564356435, ""14"": 0.9812374059405939, ""15"": 0.9677677821782177, ""16"": 0.9794130099009901, ""17"": 0.9777459306930693, ""18"": 0.9580173168316831, ""19"": 0.6753935148514851, ""20"": 0.9841064653465347, ""21"": 0.9938692475247525}",0.023404054691183403,65.001,85.0,67656,,
rq2_e_r0p1_s120_n_anyjev_l0,dp_r0p1_s120_u5,RQ2,E,N,AnyJev-L0,1.136194876001886,0.16652752475246677,15.949,187.148,635.327,24.972,0.21074681753889674,0.8670924427157003,"{""1"": 0.770822891089109, ""2"": 0.743811495049505, ""3"": 0.9909770495049504, ""4"": 0.9668334950495049, ""5"": 0.963194396039604, ""6"": 0.9613520495049505, ""7"": 0.7935720297029704, ""8"": 0.8961747821782178, ""9"": 0.9793728712871287, ""10"": 0.9364416237623763, ""11"": 0.47707344554455444, ""12"": 0.9689950297029702, ""13"": 0.9723343663366337, ""14"": 0.5826438118811882, ""15"": 0.7922944257425742, ""16"": 0.8334123762376238, ""17"": 0.9802572079207921, ""18"": 0.9554325247524753, ""19"": 0.6873776237623762, ""20"": 0.9751110594059406, ""21"": 0.9814567425742573}",0.02214992927864215,70.0,125.0006,67357,,
rq2_e_r0p1_s120_n_deepseek_v4_1_flash,dp_r0p1_s120_u5,RQ2,E,N,DeepSeek-V4.1-Flash,1.2263639924563885,0.18082277227723276,15.906,168.996,514.451,33.507999999999996,0.17373597359735973,0.8993139311645448,"{""1"": 0.9866731584158416, ""2"": 0.5178708613861387, ""3"": 0.9694525247524752, ""4"": 0.9655096930693069, ""5"": 0.9794224059405942, ""6"": 0.9726524257425744, ""7"": 0.9692665247524752, ""8"": 0.6382201584158416, ""9"": 0.9843107425742574, ""10"": 0.9395432178217822, ""11"": 0.4839561881188119, ""12"": 0.9875551980198018, ""13"": 0.9825185544554457, ""14"": 0.9808433465346534, ""15"": 0.9701327425742575, ""16"": 0.9760029504950496, ""17"": 0.9809789801980198, ""18"": 0.9561588118811881, ""19"": 0.6660402178217821, ""20"": 0.9838548712871287, ""21"": 0.9946289801980197}",0.023083451202263083,65.001,88.20710000000042,67326,,
rq2_e_r0p1_s120_n_glm_5_3_flash,dp_r0p1_s120_u5,RQ2,E,N,GLM-5.3-Flash,1.1916962715700146,0.18023960396038702,15.482,179.445,536.922,33.187999999999995,0.17291749174917492,0.9057665756718528,"{""1"": 0.9831903267326733, ""2"": 0.5235177128712871, ""3"": 0.9810529900990099, ""4"": 0.971620792079208, ""5"": 0.9690249306930693, ""6"": 0.9827001089108911, ""7"": 0.9687042673267326, ""8"": 0.6340367128712872, ""9"": 0.9814106831683168, ""10"": 0.9756611089108911, ""11"": 0.48526848514851484, ""12"": 0.9880073465346535, ""13"": 0.9839425841584157, ""14"": 0.9786664257425742, ""15"": 0.9669280792079207, ""16"": 0.9794409207920792, ""17"": 0.980887405940594, ""18"": 0.9577002277227723, ""19"": 0.7514101089108911, ""20"": 0.984168594059406, ""21"": 0.9937582772277228}",0.023111739745403113,65.001,99.9285,67343,,
rq2_e_r0p1_s120_n_jev_1_13_0,dp_r0p1_s120_u5,RQ2,E,N,Jev-1.13.0,1.2127610579915133,0.17695148514850567,14.913,168.23,518.139,33.353,0.16391324846770391,0.8921887793493634,"{""1"": 0.8425843465346534, ""2"": 0.5402500396039603, ""3"": 0.9696652376237623, ""4"": 0.9809341386138613, ""5"": 0.9007736534653464, ""6"": 0.9736093861386138, ""7"": 0.9696918217821782, ""8"": 0.6485723960396039, ""9"": 0.9786219504950495, ""10"": 0.9526352673267328, ""11"": 0.49354505940594057, ""12"": 0.9878919009900989, ""13"": 0.9834547425742575, ""14"": 0.9815475148514852, ""15"": 0.970478801980198, ""16"": 0.97641400990099, ""17"": 0.9844195049504951, ""18"": 0.9562978811881188, ""19"": 0.6664519306930693, ""20"": 0.9844068613861385, ""21"": 0.9937179207920791}",0.023366336633663366,65.001,90.00015,67160,,
rq2_e_r0p1_s120_n_qwen3_5_4b_json,dp_r0p1_s120_u5,RQ2,E,N,Qwen3.5-4B-JSON,1.2090063385195668,0.16758455445543996,16.569,175.107,588.784,27.468999999999998,0.211999057048562,0.8671752314945782,"{""1"": 0.7777385148514852, ""2"": 0.8110917425742573, ""3"": 0.9948181782178218, ""4"": 0.9692401980198019, ""5"": 0.9499875742574257, ""6"": 0.9729649306930692, ""7"": 0.9670706633663365, ""8"": 0.6119654554455446, ""9"": 0.975222504950495, ""10"": 0.9670603168316831, ""11"": 0.48730134653465346, ""12"": 0.9862155247524752, ""13"": 0.9601783762376238, ""14"": 0.4750623465346535, ""15"": 0.9665927326732674, ""16"": 0.7372807524752475, ""17"": 0.9855338910891088, ""18"": 0.9540826732673268, ""19"": 0.7032910495049505, ""20"": 0.9707556633663367, ""21"": 0.9872254257425743}",0.022347949080622348,70.0,133.07174999999884,68295,,
rq2_e_r0p1_s120_n_qwen3_8_flash,dp_r0p1_s120_u5,RQ2,E,N,Qwen3.8-Flash,1.060258555398397,0.1714495049505003,13.575,187.811,561.139,40.197,0.1898048090523338,0.9070894285714286,"{""1"": 0.9578493960396038, ""2"": 0.9350300792079208, ""3"": 0.9743313861386138, ""4"": 0.9791043762376238, ""5"": 0.8939177425742574, ""6"": 0.9749859801980197, ""7"": 0.9873347425742575, ""8"": 0.6276744851485149, ""9"": 0.9824912871287129, ""10"": 0.9256151584158416, ""11"": 0.49093607920792076, ""12"": 0.9866113663366336, ""13"": 0.968473485148515, ""14"": 0.9811545445544555, ""15"": 0.8386968415841585, ""16"": 0.9788046237623762, ""17"": 0.9752797920792079, ""18"": 0.9851940891089109, ""19"": 0.6354677722772277, ""20"": 0.976513603960396, ""21"": 0.9934111683168316}",0.02278170674210278,65.001,105.0,67133,,
rq2_e_r0p1_s120_n_semif_qwen3_5_4b,dp_r0p1_s120_u5,RQ2,E,N,SemIf-Qwen3.5-4B,1.3040406921263554,0.18180712871286092,16.354,166.988,543.338,25.708000000000006,0.17542668552569543,0.8721317911362564,"{""1"": 0.7161560198019802, ""2"": 0.5284213366336634, ""3"": 0.9950739801980197, ""4"": 0.9725771980198019, ""5"": 0.9794680594059405, ""6"": 0.9754406930693068, ""7"": 0.969473693069307, ""8"": 0.6437453663366337, ""9"": 0.9743550000000001, ""10"": 0.940250198019802, ""11"": 0.5112650891089109, ""12"": 0.9879282079207921, ""13"": 0.981471, ""14"": 0.6070092673267327, ""15"": 0.9668376138613861, ""16"": 0.9762085841584159, ""17"": 0.976284108910891, ""18"": 0.956095702970297, ""19"": 0.7084668217821782, ""20"": 0.9714338217821782, ""21"": 0.9768058514851485}",0.02329090051862329,65.001,100.001,66550,,
rq2_e_r0p1_s3_a_anyjev_l0,dp_r0p1_s3_u5,RQ2,E,A,AnyJev-L0,1.6985138142385665,0.18964245544554564,16.9,127.027,358.979,32.928999999999995,0.09971900047147572,0.887471224893918,"{""1"": 0.7508778811881188, ""2"": 0.6695841386138613, ""3"": 0.9992702376237623, ""4"": 0.7623388613861386, ""5"": 0.9685745049504951, ""6"": 0.8615381485148514, ""7"": 0.9938207326732674, ""8"": 0.6745502772277228, ""9"": 0.997418, ""10"": 0.8443040792079208, ""11"": 0.9684786138613861, ""12"": 0.997553594059406, ""13"": 0.7188392574257426, ""14"": 0.9225625148514852, ""15"": 0.9973187524752476, ""16"": 0.5617380099009901, ""17"": 0.9899000693069308, ""18"": 0.992290297029703, ""19"": 0.9878680891089108, ""20"": 0.9889740495049505, ""21"": 0.9890956138613861}",0.0031494578029231494,65.001,95.00035,10,,
rq2_e_r0p1_s3_a_deepseek_v4_1_flash,dp_r0p1_s3_u5,RQ2,E,A,DeepSeek-V4.1-Flash,1.625001995285243,0.1764099009901024,16.876,131.565,368.257,35.4,0.10482319660537483,0.8903190117868931,"{""1"": 0.7423126732673268, ""2"": 0.7528105544554455, ""3"": 0.9979610594059406, ""4"": 0.7628956633663366, ""5"": 0.9600936336633663, ""6"": 0.8619957425742574, ""7"": 0.9983318316831683, ""8"": 0.660309, ""9"": 0.9949051089108911, ""10"": 0.8201337128712872, ""11"": 0.9946968613861386, ""12"": 0.997538188118812, ""13"": 0.7135513762376238, ""14"": 0.9212506633663367, ""15"": 0.9974534356435643, ""16"": 0.5612785940594059, ""17"": 0.9884684356435643, ""18"": 0.9922385841584157, ""19"": 0.9908100891089109, ""20"": 0.9984605148514851, ""21"": 0.9892035247524752}",0.003668081093823668,65.001,106.00039999999966,11,,
rq2_e_r0p1_s3_a_glm_5_3_flash,dp_r0p1_s3_u5,RQ2,E,A,GLM-5.3-Flash,1.6879097331447435,0.17433445544554774,16.963,130.116,362.295,33.158,0.11156435643564357,0.8937180165016501,"{""1"": 0.7427041089108911, ""2"": 0.7717996336633663, ""3"": 0.9980305148514852, ""4"": 0.7624835346534654, ""5"": 0.9679756534653464, ""6"": 0.8614944158415841, ""7"": 0.9939801287128713, ""8"": 0.6772838811881189, ""9"": 0.9879848811881189, ""10"": 0.8618337029702969, ""11"": 0.9751099504950496, ""12"": 0.9975941782178217, ""13"": 0.7271961287128713, ""14"": 0.9218677920792079, ""15"": 0.9974067227722772, ""16"": 0.5636781386138614, ""17"": 0.9898456831683168, ""18"": 0.9923560396039605, ""19"": 0.9890199108910891, ""20"": 0.9991443465346536, ""21"": 0.989289}",0.0022253653936822253,65.001,91.25075000000001,10,,
rq2_e_r0p1_s3_a_jev_1_13_0,dp_r0p1_s3_u5,RQ2,E,A,Jev-1.13.0,1.6205065893446484,0.1768605940594103,16.884,131.763,369.223,35.381,0.10517963224893918,0.8885203847241866,"{""1"": 0.7299320297029703, ""2"": 0.7536248613861386, ""3"": 0.9979756732673267, ""4"": 0.7626508217821782, ""5"": 0.9598842475247525, ""6"": 0.8617507425742575, ""7"": 0.9983535742574258, ""8"": 0.658705603960396, ""9"": 0.9885237722772277, ""10"": 0.8220775643564355, ""11"": 0.9947510396039605, ""12"": 0.9975690594059407, ""13"": 0.7084600792079208, ""14"": 0.9215339405940594, ""15"": 0.9974383861386138, ""16"": 0.5472527623762377, ""17"": 0.9884432574257427, ""18"": 0.9922458910891089, ""19"": 0.9902954059405941, ""20"": 0.9984270099009902, ""21"": 0.9890323564356436}",0.0034512022630834513,65.001,90.00075000000001,11,,
rq2_e_r0p1_s3_a_qwen3_5_4b_json,dp_r0p1_s3_u5,RQ2,E,A,Qwen3.5-4B-JSON,1.6123578727015564,0.19061861386138704,16.662,129.23,343.674,35.606,0.11368599717114569,0.8756838953323903,"{""1"": 0.7487362871287129, ""2"": 0.5594263564356435, ""3"": 0.999346504950495, ""4"": 0.7624694356435644, ""5"": 0.9696386534653465, ""6"": 0.8614892178217822, ""7"": 0.9984045841584158, ""8"": 0.6773974851485148, ""9"": 0.9971219405940593, ""10"": 0.7967567623762376, ""11"": 0.962539405940594, ""12"": 0.9976432772277227, ""13"": 0.6937993366336633, ""14"": 0.9146450495049506, ""15"": 0.9964254356435643, ""16"": 0.5258675247524752, ""17"": 0.9870895445544554, ""18"": 0.9920599603960396, ""19"": 0.9878477722772278, ""20"": 0.9717674059405941, ""21"": 0.9888898613861385}",0.002706270627062706,65.001,88.50029999999994,10,,
rq2_e_r0p1_s3_a_qwen3_8_flash,dp_r0p1_s3_u5,RQ2,E,A,Qwen3.8-Flash,1.625001995285243,0.1764099009901024,16.876,131.565,368.257,35.4,0.10482319660537483,0.8903190117868931,"{""1"": 0.7423126732673268, ""2"": 0.7528105544554455, ""3"": 0.9979610594059406, ""4"": 0.7628956633663366, ""5"": 0.9600936336633663, ""6"": 0.8619957425742574, ""7"": 0.9983318316831683, ""8"": 0.660309, ""9"": 0.9949051089108911, ""10"": 0.8201337128712872, ""11"": 0.9946968613861386, ""12"": 0.997538188118812, ""13"": 0.7135513762376238, ""14"": 0.9212506633663367, ""15"": 0.9974534356435643, ""16"": 0.5612785940594059, ""17"": 0.9884684356435643, ""18"": 0.9922385841584157, ""19"": 0.9908100891089109, ""20"": 0.9984605148514851, ""21"": 0.9892035247524752}",0.003668081093823668,65.001,106.00039999999966,11,,
rq2_e_r0p1_s3_a_semif_qwen3_5_4b,dp_r0p1_s3_u5,RQ2,E,A,SemIf-Qwen3.5-4B,1.625285759547384,0.17694000000000346,16.866,128.787,369.343,35.424,0.10473173031588873,0.8885692762847714,"{""1"": 0.7229887623762375, ""2"": 0.7547439801980198, ""3"": 0.9981371980198019, ""4"": 0.7628792277227723, ""5"": 0.9607740891089109, ""6"": 0.8617150198019803, ""7"": 0.9983403762376238, ""8"": 0.6653397623762376, ""9"": 0.987964396039604, ""10"": 0.8261381485148516, ""11"": 0.9792931386138614, ""12"": 0.9975994059405942, ""13"": 0.7070826831683168, ""14"": 0.9207394356435644, ""15"": 0.9974442673267326, ""16"": 0.5608864554455445, ""17"": 0.9878357524752476, ""18"": 0.9920117722772277, ""19"": 0.990310297029703, ""20"": 0.998454, ""21"": 0.9892766336633663}",0.0036963696369636963,65.001,87.25054999999995,11,,
rq2_e_r0p1_s3_n_anyjev_l0,dp_r0p1_s3_u5,RQ2,E,N,AnyJev-L0,1.7146631645450263,0.1917162772277241,16.934,128.596,355.332,31.451999999999998,0.09834229137199434,0.8974214054691183,"{""1"": 0.7509396930693069, ""2"": 0.6115616633663367, ""3"": 0.9992907920792079, ""4"": 0.7602368613861387, ""5"": 0.9774857722772277, ""6"": 0.8391544851485149, ""7"": 0.9938571485148515, ""8"": 0.9810504356435643, ""9"": 0.9972363762376238, ""10"": 0.8068342772277228, ""11"": 0.973911603960396, ""12"": 0.9974390594059406, ""13"": 0.7136480792079207, ""14"": 0.9222457425742575, ""15"": 0.997335099009901, ""16"": 0.5634628613861387, ""17"": 0.9897862772277227, ""18"": 0.9922409603960396, ""19"": 0.9905730099009901, ""20"": 0.9983933762376238, ""21"": 0.9891659405940593}",0.003941537010843941,65.0,95.75084999999989,8,,
rq2_e_r0p1_s3_n_deepseek_v4_1_flash,dp_r0p1_s3_u5,RQ2,E,N,DeepSeek-V4.1-Flash,1.6204805657708623,0.17532990099010815,16.9,130.696,355.804,34.814,0.11865912305516266,0.8898935789721829,"{""1"": 0.7441085940594059, ""2"": 0.5306519702970297, ""3"": 0.9992800990099009, ""4"": 0.759680495049505, ""5"": 0.9731306039603961, ""6"": 0.8411570198019802, ""7"": 0.9984415445544554, ""8"": 0.9661816831683168, ""9"": 0.9737574455445543, ""10"": 0.9532913267326731, ""11"": 0.9896997029702971, ""12"": 0.9975124455445545, ""13"": 0.6944192871287128, ""14"": 0.745499, ""15"": 0.9975793762376237, ""16"": 0.5588218613861387, ""17"": 0.9968699900990099, ""18"": 0.9924817524752474, ""19"": 0.9875581782178219, ""20"": 0.998327207920792, ""21"": 0.9893155742574257}",0.0032814710042432813,65.001,113.24999999999989,11,,
rq2_e_r0p1_s3_n_glm_5_3_flash,dp_r0p1_s3_u5,RQ2,E,N,GLM-5.3-Flash,1.6998541480433762,0.17570257425742758,17.175,136.788,368.381,33.579,0.12021876473361622,0.8777375403111738,"{""1"": 0.7111870594059406, ""2"": 0.5156752574257426, ""3"": 0.998158297029703, ""4"": 0.7620740495049505, ""5"": 0.9495922574257425, ""6"": 0.8603206633663366, ""7"": 0.9938261188118812, ""8"": 0.9566822376237623, ""9"": 0.9874760693069307, ""10"": 0.9309378514851485, ""11"": 0.9947274752475247, ""12"": 0.9974483366336633, ""13"": 0.5449957623762376, ""14"": 0.7178471089108911, ""15"": 0.99773400990099, ""16"": 0.5487269603960396, ""17"": 0.994280297029703, ""18"": 0.992419702970297, ""19"": 0.9906982277227722, ""20"": 0.9985058613861386, ""21"": 0.9891747425742574}",0.002942008486562942,65.001,102.25054999999995,16,,
rq2_e_r0p1_s3_n_jev_1_13_0,dp_r0p1_s3_u5,RQ2,E,N,Jev-1.13.0,1.6964530957095707,0.17013940594059362,16.978,127.066,333.503,33.590999999999994,0.11878170674210278,0.8967549363507779,"{""1"": 0.7444861782178218, ""2"": 0.7340856831683169, ""3"": 0.9992976039603961, ""4"": 0.7602285643564356, ""5"": 0.9669091584158416, ""6"": 0.8141227524752476, ""7"": 0.9939802079207921, ""8"": 0.9803140891089109, ""9"": 0.9797317425742574, ""10"": 0.9406579900990099, ""11"": 0.9765701188118813, ""12"": 0.9975184950495048, ""13"": 0.7141631881188119, ""14"": 0.7427753762376237, ""15"": 0.9976129702970297, ""16"": 0.5574360792079208, ""17"": 0.9967884059405941, ""18"": 0.9923687425742574, ""19"": 0.9864433960396038, ""20"": 0.9671240198019803, ""21"": 0.989238900990099}",0.0021782178217821784,65.001,152.5005,12,,
rq2_e_r0p1_s3_n_qwen3_5_4b_json,dp_r0p1_s3_u5,RQ2,E,N,Qwen3.5-4B-JSON,1.670025919849128,0.18768150495050145,16.758,130.84,339.866,34.129000000000005,0.08976426214049976,0.888519273455917,"{""1"": 0.7568012574257426, ""2"": 0.6713813366336634, ""3"": 0.9992762475247524, ""4"": 0.7628068217821782, ""5"": 0.9722493564356437, ""6"": 0.8621591683168317, ""7"": 0.9940785643564356, ""8"": 0.6678314455445544, ""9"": 0.9993982673267328, ""10"": 0.9586761485148515, ""11"": 0.9731532079207922, ""12"": 0.9974724752475247, ""13"": 0.6602313168316831, ""14"": 0.8959523465346536, ""15"": 0.9950109801980198, ""16"": 0.5356956138613862, ""17"": 0.986686108910891, ""18"": 0.9930853168316832, ""19"": 0.9897954752475249, ""20"": 0.998418891089109, ""21"": 0.988744396039604}",0.0033663366336633663,65.001,101.00079999999994,8,,
rq2_e_r0p1_s3_n_qwen3_8_flash,dp_r0p1_s3_u5,RQ2,E,N,Qwen3.8-Flash,1.6049961263554924,0.1790479207920874,16.884,135.32,350.652,37.477,0.11366148043375766,0.8817573484205562,"{""1"": 0.7321036237623763, ""2"": 0.5925367326732673, ""3"": 0.9981342178217821, ""4"": 0.7621341089108911, ""5"": 0.9332008019801981, ""6"": 0.861689297029703, ""7"": 0.998460198019802, ""8"": 0.979792495049505, ""9"": 0.9822843564356436, ""10"": 0.835915297029703, ""11"": 0.988515801980198, ""12"": 0.9975044851485149, ""13"": 0.6523500990099009, ""14"": 0.7167722673267327, ""15"": 0.9961849603960397, ""16"": 0.5224348613861386, ""17"": 0.9969308118811882, ""18"": 0.9934035643564356, ""19"": 0.9907076237623761, ""20"": 0.9969383564356435, ""21"": 0.9889103564356435}",0.002432814710042433,65.001,95.6322499999999,17,,
rq2_e_r0p1_s3_n_semif_qwen3_5_4b,dp_r0p1_s3_u5,RQ2,E,N,SemIf-Qwen3.5-4B,1.695042740216878,0.18716736633662598,16.882,126.648,354.913,33.833,0.10021876473361623,0.8940823055162659,"{""1"": 0.7477168613861387, ""2"": 0.603609801980198, ""3"": 0.9993378514851484, ""4"": 0.7628754653465346, ""5"": 0.9669852277227722, ""6"": 0.8614054950495049, ""7"": 0.9939974752475248, ""8"": 0.9796909207920792, ""9"": 0.9668079801980197, ""10"": 0.9338608712871288, ""11"": 0.9889528217821782, ""12"": 0.9974249702970298, ""13"": 0.7119980693069308, ""14"": 0.7502873663366336, ""15"": 0.9975854455445544, ""16"": 0.547745, ""17"": 0.9966147722772277, ""18"": 0.9922045841584157, ""19"": 0.9887540297029702, ""20"": 0.9985713465346534, ""21"": 0.9893020594059406}",0.0034134842055634136,65.001,124.00004999999977,10,,
rq2_e_r0p1_s60_a_anyjev_l0,dp_r0p1_s60_u5,RQ2,E,A,AnyJev-L0,1.4072603092880716,0.18944316831682173,16.383,151.88,497.589,27.619999999999997,0.1581008958038661,0.8800602814710045,"{""1"": 0.7382098811881188, ""2"": 0.5627060198019802, ""3"": 0.9680366138613861, ""4"": 0.9645218811881189, ""5"": 0.884722594059406, ""6"": 0.9743659405940593, ""7"": 0.9756111782178217, ""8"": 0.6082068613861386, ""9"": 0.9892766534653465, ""10"": 0.9329105841584158, ""11"": 0.5949995346534653, ""12"": 0.9784345445544553, ""13"": 0.9857885544554457, ""14"": 0.9808841485148514, ""15"": 0.977492702970297, ""16"": 0.7671551683168317, ""17"": 0.9802605940594059, ""18"": 0.948760910891089, ""19"": 0.7049470594059406, ""20"": 0.9857235643564357, ""21"": 0.9782509207920792}",0.011664309288071665,65.001,85.0,63053,,
rq2_e_r0p1_s60_a_deepseek_v4_1_flash,dp_r0p1_s60_u5,RQ2,E,A,DeepSeek-V4.1-Flash,1.3187308628005656,0.17026950495049503,16.238,160.072,512.992,29.602000000000004,0.17356718528995757,0.8877525888731729,"{""1"": 0.7250226534653466, ""2"": 0.566759603960396, ""3"": 0.9678973762376237, ""4"": 0.9637739405940594, ""5"": 0.8761853267326732, ""6"": 0.983347099009901, ""7"": 0.9750531881188119, ""8"": 0.5944909108910891, ""9"": 0.9891511782178218, ""10"": 0.9217103069306931, ""11"": 0.5795760693069306, ""12"": 0.9785855346534654, ""13"": 0.9810404257425742, ""14"": 0.9810922079207921, ""15"": 0.9672455742574257, ""16"": 0.7633004059405941, ""17"": 0.9786618514851484, ""18"": 0.9490645742574257, ""19"": 0.9281630099009902, ""20"": 0.984131, ""21"": 0.9885521287128713}",0.011438000942951438,65.001,85.001,64527,,
rq2_e_r0p1_s60_a_glm_5_3_flash,dp_r0p1_s60_u5,RQ2,E,A,GLM-5.3-Flash,1.4061213597359734,0.1903017821782077,16.35,151.163,499.238,27.273000000000003,0.15272607260726073,0.8795972211221122,"{""1"": 0.7045799603960397, ""2"": 0.5644233069306931, ""3"": 0.9680455742574258, ""4"": 0.9647403366336633, ""5"": 0.8845386138613861, ""6"": 0.9747652376237623, ""7"": 0.9758999207920792, ""8"": 0.6087709702970298, ""9"": 0.9890626435643564, ""10"": 0.9367286534653465, ""11"": 0.5942748415841584, ""12"": 0.9790581881188118, ""13"": 0.9839793267326732, ""14"": 0.9808352376237625, ""15"": 0.9782097623762376, ""16"": 0.7775944752475248, ""17"": 0.9806245940594059, ""18"": 0.9486587920792079, ""19"": 0.7144548118811881, ""20"": 0.9857297425742574, ""21"": 0.9765666534653467}",0.01173031588873173,65.001,85.0,61966,,
rq2_e_r0p1_s60_a_jev_1_13_0,dp_r0p1_s60_u5,RQ2,E,A,Jev-1.13.0,1.391554700612918,0.17310118811881298,16.606,157.389,500.157,26.453999999999997,0.1809127769919849,0.8876900495049503,"{""1"": 0.8842740693069308, ""2"": 0.5522055544554455, ""3"": 0.9672939702970296, ""4"": 0.9635167227722772, ""5"": 0.8673244653465346, ""6"": 0.9825459405940594, ""7"": 0.9748740396039605, ""8"": 0.5900813267326732, ""9"": 0.985285405940594, ""10"": 0.9201520495049506, ""11"": 0.590694693069307, ""12"": 0.9821731683168318, ""13"": 0.9801236633663366, ""14"": 0.9794411188118811, ""15"": 0.977693801980198, ""16"": 0.7631322178217822, ""17"": 0.9784835049504951, ""18"": 0.9473200297029704, ""19"": 0.7933601683168318, ""20"": 0.9835427128712871, ""21"": 0.9779724158415841}",0.011249410655351249,65.001,90.0,63044,,
rq2_e_r0p1_s60_a_qwen3_5_4b_json,dp_r0p1_s60_u5,RQ2,E,A,Qwen3.5-4B-JSON,1.3182144837340877,0.1717895049504957,16.219,160.646,514.1,29.544000000000004,0.17232909005186234,0.8872535271098538,"{""1"": 0.7239253762376238, ""2"": 0.5556399702970297, ""3"": 0.9678905544554456, ""4"": 0.963755504950495, ""5"": 0.8766615544554455, ""6"": 0.9835874356435643, ""7"": 0.9750258712871287, ""8"": 0.5945186831683169, ""9"": 0.9891761485148515, ""10"": 0.9219440198019802, ""11"": 0.5795839801980198, ""12"": 0.9786019702970297, ""13"": 0.9813539207920793, ""14"": 0.9810950198019802, ""15"": 0.9672612277227723, ""16"": 0.7633406633663367, ""17"": 0.9788235445544554, ""18"": 0.9490570693069307, ""19"": 0.9289962178217822, ""20"": 0.983553603960396, ""21"": 0.9885317326732673}",0.011466289486091467,65.001,85.001,64210,,
rq2_e_r0p1_s60_a_qwen3_8_flash,dp_r0p1_s60_u5,RQ2,E,A,Qwen3.8-Flash,1.3187308628005656,0.17026950495049503,16.238,160.072,512.992,29.602000000000004,0.17356718528995757,0.8877525888731729,"{""1"": 0.7250226534653466, ""2"": 0.566759603960396, ""3"": 0.9678973762376237, ""4"": 0.9637739405940594, ""5"": 0.8761853267326732, ""6"": 0.983347099009901, ""7"": 0.9750531881188119, ""8"": 0.5944909108910891, ""9"": 0.9891511782178218, ""10"": 0.9217103069306931, ""11"": 0.5795760693069306, ""12"": 0.9785855346534654, ""13"": 0.9810404257425742, ""14"": 0.9810922079207921, ""15"": 0.9672455742574257, ""16"": 0.7633004059405941, ""17"": 0.9786618514851484, ""18"": 0.9490645742574257, ""19"": 0.9281630099009902, ""20"": 0.984131, ""21"": 0.9885521287128713}",0.011438000942951438,65.001,85.001,64527,,
rq2_e_r0p1_s60_a_semif_qwen3_5_4b,dp_r0p1_s60_u5,RQ2,E,A,SemIf-Qwen3.5-4B,1.3187308628005656,0.17026950495049503,16.238,160.072,512.992,29.602000000000004,0.17356718528995757,0.8877525888731729,"{""1"": 0.7250226534653466, ""2"": 0.566759603960396, ""3"": 0.9678973762376237, ""4"": 0.9637739405940594, ""5"": 0.8761853267326732, ""6"": 0.983347099009901, ""7"": 0.9750531881188119, ""8"": 0.5944909108910891, ""9"": 0.9891511782178218, ""10"": 0.9217103069306931, ""11"": 0.5795760693069306, ""12"": 0.9785855346534654, ""13"": 0.9810404257425742, ""14"": 0.9810922079207921, ""15"": 0.9672455742574257, ""16"": 0.7633004059405941, ""17"": 0.9786618514851484, ""18"": 0.9490645742574257, ""19"": 0.9281630099009902, ""20"": 0.984131, ""21"": 0.9885521287128713}",0.011438000942951438,65.001,85.001,64527,,
rq2_e_r0p1_s60_n_anyjev_l0,dp_r0p1_s60_u5,RQ2,E,N,AnyJev-L0,1.371393184347005,0.17729960396039704,16.401,154.115,506.096,28.950999999999997,0.1646940122583687,0.8794231126826969,"{""1"": 0.7862654950495049, ""2"": 0.5442688811881189, ""3"": 0.9675631782178218, ""4"": 0.9640350792079209, ""5"": 0.8829021881188118, ""6"": 0.9741497722772278, ""7"": 0.9802445445544554, ""8"": 0.6055919306930693, ""9"": 0.9862972475247525, ""10"": 0.9201932970297031, ""11"": 0.5948294653465347, ""12"": 0.977198198019802, ""13"": 0.9766437425742575, ""14"": 0.9808109108910891, ""15"": 0.9775730693069307, ""16"": 0.7655327722772277, ""17"": 0.9794406633663367, ""18"": 0.9483430990099009, ""19"": 0.6944713267326732, ""20"": 0.9849775940594059, ""21"": 0.9765529108910891}",0.011598302687411598,65.001,85.0,62131,,
rq2_e_r0p1_s60_n_deepseek_v4_1_flash,dp_r0p1_s60_u5,RQ2,E,N,DeepSeek-V4.1-Flash,1.3677043752946723,0.17127168316831234,16.478,151.54,502.55,28.687,0.17090900518623292,0.8861505096652522,"{""1"": 0.7778419504950496, ""2"": 0.5534818712871288, ""3"": 0.9677917821782178, ""4"": 0.9691751188118812, ""5"": 0.881684504950495, ""6"": 0.9730386831683168, ""7"": 0.979749405940594, ""8"": 0.5970972772277228, ""9"": 0.9831256237623761, ""10"": 0.9407957821782178, ""11"": 0.5892564752475247, ""12"": 0.9769274752475248, ""13"": 0.9796807326732674, ""14"": 0.9806539504950496, ""15"": 0.9761695643564355, ""16"": 0.9075641485148515, ""17"": 0.9791859207920792, ""18"": 0.9486606237623761, ""19"": 0.6833321584158416, ""20"": 0.9856685445544554, ""21"": 0.9782791089108911}",0.011494578029231494,65.001,85.001,62191,,
rq2_e_r0p1_s60_n_glm_5_3_flash,dp_r0p1_s60_u5,RQ2,E,N,GLM-5.3-Flash,1.3738481848184814,0.18794257425741856,16.052,158.208,499.549,27.176000000000002,0.15451390853371053,0.8777234620462046,"{""1"": 0.6847492277227722, ""2"": 0.5631359405940594, ""3"": 0.968011405940594, ""4"": 0.9647280990099011, ""5"": 0.8843331287128713, ""6"": 0.9744494257425743, ""7"": 0.9760381782178218, ""8"": 0.6060224455445544, ""9"": 0.987899396039604, ""10"": 0.9340415544554456, ""11"": 0.590388099009901, ""12"": 0.9892952574257426, ""13"": 0.9834900792079208, ""14"": 0.9808027227722772, ""15"": 0.9777519702970298, ""16"": 0.7705488613861385, ""17"": 0.9797768118811881, ""18"": 0.9481220297029702, ""19"": 0.7052931188118812, ""20"": 0.9853939207920792, ""21"": 0.9779210297029702}",0.011683168316831683,65.001,85.0,61976,,
rq2_e_r0p1_s60_n_jev_1_13_0,dp_r0p1_s60_u5,RQ2,E,N,Jev-1.13.0,1.3999864177274866,0.19027881188117785,16.32,153.707,516.909,26.814,0.15419047619047618,0.8914537906647807,"{""1"": 0.962097801980198, ""2"": 0.5588856732673267, ""3"": 0.9927412970297029, ""4"": 0.9646100198019802, ""5"": 0.8853799801980198, ""6"": 0.9744452376237623, ""7"": 0.9765895544554456, ""8"": 0.6077451188118812, ""9"": 0.9886259009900991, ""10"": 0.9370276237623761, ""11"": 0.5967126237623762, ""12"": 0.9777058514851485, ""13"": 0.9863458712871288, ""14"": 0.9809365940594059, ""15"": 0.9784044554455446, ""16"": 0.7680355742574257, ""17"": 0.9800801287128713, ""18"": 0.9484065445544555, ""19"": 0.692213792079208, ""20"": 0.9852860297029703, ""21"": 0.9782539306930693}",0.011673738802451674,65.001,85.0,62405,,
rq2_e_r0p1_s60_n_qwen3_5_4b_json,dp_r0p1_s60_u5,RQ2,E,N,Qwen3.5-4B-JSON,1.260729612446959,0.15396297029702882,16.474,167.408,511.583,30.647000000000006,0.19665723715228667,0.8497367260726071,"{""1"": 0.6314613168316832, ""2"": 0.6167133762376237, ""3"": 0.97721700990099, ""4"": 0.28650372277227726, ""5"": 0.872358108910891, ""6"": 0.9807565742574258, ""7"": 0.9827219306930693, ""8"": 0.5776755148514852, ""9"": 0.9758130297029703, ""10"": 0.9273358514851485, ""11"": 0.6021493267326733, ""12"": 0.989783891089109, ""13"": 0.9694918613861386, ""14"": 0.9892096435643565, ""15"": 0.9755497524752476, ""16"": 0.9292459900990099, ""17"": 0.9891970594059405, ""18"": 0.9531094059405941, ""19"": 0.6568141287128713, ""20"": 0.9835791683168318, ""21"": 0.9777845841584157}",0.01123055162659123,65.001,100.001,61314,,
rq2_e_r0p1_s60_n_qwen3_8_flash,dp_r0p1_s60_u5,RQ2,E,N,Qwen3.8-Flash,1.401240750589344,0.1874221782178108,16.295,152.827,498.702,27.098000000000003,0.15543234323432342,0.8870180523338048,"{""1"": 0.7020843366336634, ""2"": 0.7503764158415842, ""3"": 0.9680174158415841, ""4"": 0.9646195148514852, ""5"": 0.8846031485148514, ""6"": 0.9719973168316831, ""7"": 0.9760373168316832, ""8"": 0.6081015148514852, ""9"": 0.9882526831683168, ""10"": 0.9356085148514852, ""11"": 0.5933430792079207, ""12"": 0.9788223069306929, ""13"": 0.9859647821782178, ""14"": 0.9806709306930693, ""15"": 0.978882910891089, ""16"": 0.7709375148514851, ""17"": 0.9807865346534653, ""18"": 0.9496587821782179, ""19"": 0.6965407326732673, ""20"": 0.983967702970297, ""21"": 0.9781056435643565}",0.011617161716171618,65.001,85.0,62957,,
rq2_e_r0p1_s60_n_semif_qwen3_5_4b,dp_r0p1_s60_u5,RQ2,E,N,SemIf-Qwen3.5-4B,1.3668175520980665,0.1829304950494957,16.333,154.241,506.978,28.479999999999997,0.16557095709570957,0.8872067218293256,"{""1"": 0.6892632079207921, ""2"": 0.7517067326732674, ""3"": 0.9679300792079208, ""4"": 0.9644826237623761, ""5"": 0.9270277920792079, ""6"": 0.9736193960396039, ""7"": 0.9793433762376237, ""8"": 0.6044303168316831, ""9"": 0.9886563465346534, ""10"": 0.928699702970297, ""11"": 0.5910501485148515, ""12"": 0.9782905148514852, ""13"": 0.9838500396039603, ""14"": 0.9810100396039604, ""15"": 0.9772339504950496, ""16"": 0.764374900990099, ""17"": 0.9790327128712871, ""18"": 0.9491867623762376, ""19"": 0.6929744752475248, ""20"": 0.9812955049504951, ""21"": 0.9778825346534654}",0.011485148514851485,65.001,85.001,62698,,
rq2_e_r0p3_s120_a_anyjev_l0,dp_r0p3_s120_u5,RQ2,E,A,AnyJev-L0,1.4024833146075208,0.14662277891057265,16.635,156.13,502.931,27.849999999999998,0.1716283134284882,0.9155832050268403,"{""1"": 0.6431953102242937, ""2"": 0.6543529274686862, ""3"": 0.9907380716574424, ""4"": 0.9634955723856685, ""5"": 0.9734052140984562, ""6"": 0.9665193999417419, ""7"": 0.9830581124381007, ""8"": 0.830142499271774, ""9"": 0.976525720943781, ""10"": 0.9154310806874454, ""11"": 0.7452380133993591, ""12"": 0.9868148266822021, ""13"": 0.9841566851150597, ""14"": 0.9813283425575299, ""15"": 0.9878110981648703, ""16"": 0.9733201281677832, ""17"": 0.9853537722108943, ""18"": 0.954899242644917, ""19"": 0.7736941159335857, ""20"": 0.9827577046315177, ""21"": 0.9750094669385377}",0.007741631305987742,65.001,85.001,20114,,
rq2_e_r0p3_s120_a_deepseek_v4_1_flash,dp_r0p3_s120_u5,RQ2,E,A,DeepSeek-V4.1-Flash,1.4053691259900405,0.1581258374599467,16.507,155.856,502.334,27.581999999999997,0.1596354708501519,0.8927004910324164,"{""1"": 0.6751297407515293, ""2"": 0.5731676085056802, ""3"": 0.9908242936207399, ""4"": 0.9634482376929799, ""5"": 0.9735110399067871, ""6"": 0.9670847946402564, ""7"": 0.9834691814739295, ""8"": 0.5170502184678124, ""9"": 0.9755196038450334, ""10"": 0.919463151762307, ""11"": 0.622371744829595, ""12"": 0.9874897465773376, ""13"": 0.9841323041071948, ""14"": 0.9815733177978444, ""15"": 0.9877795805418003, ""16"": 0.9710778619283427, ""17"": 0.9851647247305563, ""18"": 0.9552262452665307, ""19"": 0.7753069618409554, ""20"": 0.9826935624817943, ""21"": 0.975226390911739}",0.007892503536067892,65.001,85.001,19914,,
rq2_e_r0p3_s120_a_glm_5_3_flash,dp_r0p3_s120_u5,RQ2,E,A,GLM-5.3-Flash,1.3833785527027593,0.15547917273521622,16.507,156.737,513.801,26.746000000000002,0.16498966612569876,0.8933096805515099,"{""1"": 0.6672831634139237, ""2"": 0.5702386833673172, ""3"": 0.9898247888144479, ""4"": 0.9624051558403729, ""5"": 0.9736084182930381, ""6"": 0.9673402563355666, ""7"": 0.9836018642586658, ""8"": 0.6960610836003495, ""9"": 0.976256743373143, ""10"": 0.9138005825808331, ""11"": 0.5014403145936499, ""12"": 0.9872622196329741, ""13"": 0.9846106612292456, ""14"": 0.9816893387707544, ""15"": 0.987572094378095, ""16"": 0.9451307602679871, ""17"": 0.9854090300029129, ""18"": 0.9549633265365569, ""19"": 0.7732061753568308, ""20"": 0.9826183512962423, ""21"": 0.9751802796387999}",0.007835926449787835,65.001,85.0,19950,,
rq2_e_r0p3_s120_a_jev_1_13_0,dp_r0p3_s120_u5,RQ2,E,A,Jev-1.13.0,1.395071155313276,0.15427090008738625,16.494,156.74,504.269,26.854,0.16502018226457493,0.9005049977112896,"{""1"": 0.670784561607923, ""2"": 0.6581285173317798, ""3"": 0.9905812117681329, ""4"": 0.9632483542091466, ""5"": 0.9735799883483833, ""6"": 0.9674627730847655, ""7"": 0.984169822312846, ""8"": 0.5086905330614623, ""9"": 0.9747780075735508, ""10"": 0.889614418875619, ""11"": 0.7487107777454122, ""12"": 0.987021672006991, ""13"": 0.9848420623361491, ""14"": 0.9817246140401981, ""15"": 0.9877212642004078, ""16"": 0.9696028255170405, ""17"": 0.9851297990096126, ""18"": 0.9552073696475386, ""19"": 0.7716543256626858, ""20"": 0.9827252548791144, ""21"": 0.9752267987183221}",0.007788778877887789,65.001,85.0,20056,,
rq2_e_r0p3_s120_a_qwen3_5_4b_json,dp_r0p3_s120_u5,RQ2,E,A,Qwen3.5-4B-JSON,1.3485559097277129,0.14746402563355648,16.398,157.182,505.61,29.149,0.17742083142607465,0.9001032444204015,"{""1"": 0.6321317215263618, ""2"": 0.5668938246431693, ""3"": 0.9907820565103408, ""4"": 0.9629957471599184, ""5"": 0.9736940868045442, ""6"": 0.9663936207398777, ""7"": 0.9836073696475386, ""8"": 0.6948435479172735, ""9"": 0.9740570637926012, ""10"": 0.9253500436935626, ""11"": 0.4905572385668512, ""12"": 0.9875901252548792, ""13"": 0.9853064375182056, ""14"": 0.9822422953684824, ""15"": 0.9875387124963589, ""16"": 0.9730917273521701, ""17"": 0.985073026507428, ""18"": 0.9554900961258374, ""19"": 0.917349839790271, ""20"": 0.9828559568890183, ""21"": 0.9843235945237401}",0.00760961810466761,65.001,90.0,20079,,
rq2_e_r0p3_s120_a_qwen3_8_flash,dp_r0p3_s120_u5,RQ2,E,A,Qwen3.8-Flash,1.3833785527027593,0.15547917273521622,16.507,156.737,513.801,26.746000000000002,0.16498966612569876,0.8933096805515099,"{""1"": 0.6672831634139237, ""2"": 0.5702386833673172, ""3"": 0.9898247888144479, ""4"": 0.9624051558403729, ""5"": 0.9736084182930381, ""6"": 0.9673402563355666, ""7"": 0.9836018642586658, ""8"": 0.6960610836003495, ""9"": 0.976256743373143, ""10"": 0.9138005825808331, ""11"": 0.5014403145936499, ""12"": 0.9872622196329741, ""13"": 0.9846106612292456, ""14"": 0.9816893387707544, ""15"": 0.987572094378095, ""16"": 0.9451307602679871, ""17"": 0.9854090300029129, ""18"": 0.9549633265365569, ""19"": 0.7732061753568308, ""20"": 0.9826183512962423, ""21"": 0.9751802796387999}",0.007835926449787835,65.001,85.0,19950,,
rq2_e_r0p3_s120_a_semif_qwen3_5_4b,dp_r0p3_s120_u5,RQ2,E,A,SemIf-Qwen3.5-4B,1.4031609615357943,0.15831051558403614,16.477,155.861,502.826,27.354,0.16079785832188978,0.8921684546349853,"{""1"": 0.6723200699097, ""2"": 0.5731740751529275, ""3"": 0.9906863093504223, ""4"": 0.9633267404602388, ""5"": 0.9736774541217594, ""6"": 0.967500669967958, ""7"": 0.9835352752694436, ""8"": 0.511121409845616, ""9"": 0.9764337896883193, ""10"": 0.9178030876784155, ""11"": 0.6241919895135449, ""12"": 0.9864628604718905, ""13"": 0.9848753277017186, ""14"": 0.9817018642586659, ""15"": 0.987766443344014, ""16"": 0.968287183221672, ""17"": 0.9850606175356831, ""18"": 0.9548620448587242, ""19"": 0.7747875327701719, ""20"": 0.982605388872706, ""21"": 0.975357413341101}",0.007854785478547855,65.001,85.001,19925,,
rq2_e_r0p3_s120_n_anyjev_l0,dp_r0p3_s120_u5,RQ2,E,N,AnyJev-L0,1.3610216359424634,0.1550795222837156,16.283,161.697,524.687,26.907000000000004,0.16510895648676016,0.8970544505014355,"{""1"": 0.9861321584619867, ""2"": 0.6018847363821731, ""3"": 0.9946710457325953, ""4"": 0.9625440722400233, ""5"": 0.8978443926594815, ""6"": 0.9683930381590445, ""7"": 0.9835202738129916, ""8"": 0.5196180600058258, ""9"": 0.9854542674046024, ""10"": 0.9168600932129333, ""11"": 0.6213498397902709, ""12"": 0.983416865715118, ""13"": 0.983062394407224, ""14"": 0.7750519662103117, ""15"": 0.994229944654821, ""16"": 0.9735321875910282, ""17"": 0.9852427614331489, ""18"": 0.9547626565685988, ""19"": 0.7925304689775706, ""20"": 0.9822607340518497, ""21"": 0.9757815030585494}",0.007845355964167845,65.001,90.0,19776,,
rq2_e_r0p3_s120_n_deepseek_v4_1_flash,dp_r0p3_s120_u5,RQ2,E,N,DeepSeek-V4.1-Flash,1.4401241230077817,0.14941217593941064,16.635,146.286,495.405,27.410000000000004,0.16781657026340976,0.8946828305105905,"{""1"": 0.7919579959219342, ""2"": 0.5815654529565978, ""3"": 0.9907506845324789, ""4"": 0.9597077774541218, ""5"": 0.8950708127002621, ""6"": 0.9673943198368773, ""7"": 0.9830149140693272, ""8"": 0.5188290707835712, ""9"": 0.9845581998252257, ""10"": 0.9168409554325663, ""11"": 0.6249750072822604, ""12"": 0.9843172735217012, ""13"": 0.9836988639673755, ""14"": 0.9817674337314303, ""15"": 0.9878892513836295, ""16"": 0.9704507427905622, ""17"": 0.9847821730265074, ""18"": 0.9556224002330324, ""19"": 0.76990422371104, ""20"": 0.9803875036411301, ""21"": 0.974854383920769}",0.007722772277227723,65.001,85.0,19939,,
rq2_e_r0p3_s120_n_glm_5_3_flash,dp_r0p3_s120_u5,RQ2,E,N,GLM-5.3-Flash,1.4246336426560136,0.16933411010777757,16.506,150.859,501.179,26.882000000000005,0.15811243810078648,0.892972676958928,"{""1"": 0.6862964753859598, ""2"": 0.5912730556364696, ""3"": 0.9906908243518788, ""4"": 0.9600822021555491, ""5"": 0.973379434896592, ""6"": 0.9678622778910573, ""7"": 0.9832101077774541, ""8"": 0.5223016312263327, ""9"": 0.9749656859889311, ""10"": 0.913152781823478, ""11"": 0.6126553451791437, ""12"": 0.9847823186717157, ""13"": 0.9809775997669677, ""14"": 0.9811925138362948, ""15"": 0.9875055927759976, ""16"": 0.9685797844450917, ""17"": 0.9858321875910282, ""18"": 0.955247975531605, ""19"": 0.7740461112729391, ""20"": 0.9830860180600058, ""21"": 0.9753062918729973}",0.007901933050447903,65.001,85.001,19982,,
rq2_e_r0p3_s120_n_jev_1_13_0,dp_r0p3_s120_u5,RQ2,E,N,Jev-1.13.0,1.3971772793475092,0.1450579667928916,16.586,159.786,490.883,27.573,0.174116765844118,0.8884345733982494,"{""1"": 0.6973942324497524, ""2"": 0.5706034080978736, ""3"": 0.9907042819691232, ""4"": 0.9597610253422661, ""5"": 0.8965958054180017, ""6"": 0.968627905621905, ""7"": 0.9831831634139238, ""8"": 0.5232782988639674, ""9"": 0.9848758228954267, ""10"": 0.914838625109234, ""11"": 0.6258111564229537, ""12"": 0.9836671424410136, ""13"": 0.9497425575298573, ""14"": 0.9814537430818526, ""15"": 0.9881728517331779, ""16"": 0.9710043402272065, ""17"": 0.9855130206816196, ""18"": 0.9538636760850568, ""19"": 0.7738545586950188, ""20"": 0.9826282551704049, ""21"": 0.9715521701136033}",0.007760490334747761,65.001,85.0,19964,,
rq2_e_r0p3_s120_n_qwen3_5_4b_json,dp_r0p3_s120_u5,RQ2,E,N,Qwen3.5-4B-JSON,1.3345060574535668,0.14679172735216908,16.507,166.991,514.393,27.86,0.18098289709125712,0.9043402188839413,"{""1"": 0.9664091756481211, ""2"": 0.5983379842703176, ""3"": 0.9905115933585785, ""4"": 0.9629096708418293, ""5"": 0.8971862802213807, ""6"": 0.9487301194290707, ""7"": 0.9844739295077192, ""8"": 0.5159975822895426, ""9"": 0.9741724147975532, ""10"": 0.9647306728808622, ""11"": 0.6217313137197786, ""12"": 0.9864951354500436, ""13"": 0.9726724730556365, ""14"": 0.9815818817360908, ""15"": 0.9943006990969997, ""16"": 0.9664722982813865, ""17"": 0.986451354500437, ""18"": 0.9546791144771337, ""19"": 0.7674909699970871, ""20"": 0.9816326827847365, ""21"": 0.9741772502184678}",0.007675624705327675,65.001,90.0,20047,,
rq2_e_r0p3_s120_n_qwen3_8_flash,dp_r0p3_s120_u5,RQ2,E,N,Qwen3.8-Flash,1.437740246625886,0.1557378386251082,16.635,147.436,495.876,26.841,0.16344166562634374,0.8987071865507054,"{""1"": 0.8956008738712496, ""2"": 0.5905572385668512, ""3"": 0.9906219050393241, ""4"": 0.962332886688028, ""5"": 0.8969330323332363, ""6"": 0.950138945528692, ""7"": 0.9834376638508594, ""8"": 0.5162006699679581, ""9"": 0.9740873871249636, ""10"": 0.9203690649577628, ""11"": 0.6151032624526653, ""12"": 0.9848858724147975, ""13"": 0.9849215263617827, ""14"": 0.9817780075735507, ""15"": 0.9873933294494611, ""16"": 0.9691841829303816, ""17"": 0.9852891931255462, ""18"": 0.9555844742207981, ""19"": 0.7713630935042237, ""20"": 0.9821351878823186, ""21"": 0.9749331197203612}",0.007817067421027817,65.001,89.94279999999999,19873,,
rq2_e_r0p3_s120_n_semif_qwen3_5_4b,dp_r0p3_s120_u5,RQ2,E,N,SemIf-Qwen3.5-4B,1.2834200102645192,0.14325313137197795,17.451,160.74,516.483,34.203,0.19486496608547293,0.9038098275838155,"{""1"": 0.9876105155840372, ""2"": 0.5566628022138072, ""3"": 0.9903668511505972, ""4"": 0.9416084182930382, ""5"": 0.8927876492863385, ""6"": 0.9668166035537431, ""7"": 0.981918963006117, ""8"": 0.5076482085639382, ""9"": 0.9753762889600932, ""10"": 0.9601397611418584, ""11"": 0.6381112729391203, ""12"": 0.9828380716574424, ""13"": 0.9726656568598893, ""14"": 0.9812506262743956, ""15"": 0.9875698805709292, ""16"": 0.9659417127876492, ""17"": 0.9855601514710166, ""18"": 0.9562574424701427, ""19"": 0.7762561316632682, ""20"": 0.9812763180891348, ""21"": 0.9913430527235654}",0.007675624705327675,65.001,100.001,19736,,
rq2_e_r0p3_s30_a_anyjev_l0,dp_r0p3_s30_u5,RQ2,E,A,AnyJev-L0,1.5158929382880444,0.13737314302359488,16.868,151.019,529.473,24.353,0.16035121301652033,0.8748160695213126,"{""1"": 0.655451267113312, ""2"": 0.41463609088260994, ""3"": 0.9976895135450043, ""4"": 0.22339554325662683, ""5"": 0.9950111564229536, ""6"": 0.9475279347509468, ""7"": 0.9922543256626857, ""8"": 0.721034401398194, ""9"": 0.9470352752694435, ""10"": 0.9595813282842994, ""11"": 0.988096883192543, ""12"": 0.989615088843577, ""13"": 0.9806211476842412, ""14"": 0.8706755607340518, ""15"": 0.9941452374016895, ""16"": 0.8675563646956015, ""17"": 0.9954653655694727, ""18"": 0.9850237110399068, ""19"": 0.8716979900961259, ""20"": 0.9846298281386542, ""21"": 0.9899934459656278}",0.0020744931636020743,65.001,125.00005,26,,
rq2_e_r0p3_s30_a_deepseek_v4_1_flash,dp_r0p3_s30_u5,RQ2,E,A,DeepSeek-V4.1-Flash,1.4853442081755512,0.14235246140402036,16.782,153.125,526.673,25.070999999999998,0.16754747340241077,0.8654109469712732,"{""1"": 0.5924395863676085, ""2"": 0.4172848820273813, ""3"": 0.9976403437226915, ""4"": 0.22379944654820855, ""5"": 0.9946833381881736, ""6"": 0.949201602097291, ""7"": 0.9921158170696184, ""8"": 0.6625700262161375, ""9"": 0.9463097290999126, ""10"": 0.8875789105738421, ""11"": 0.9881206816195747, ""12"": 0.9703105155840372, ""13"": 0.9789693271191378, ""14"": 0.8781295659772794, ""15"": 0.9917389455286921, ""16"": 0.8610692979900961, ""17"": 0.9949309350422371, ""18"": 0.9849867462860472, ""19"": 0.8835726187008447, ""20"": 0.9882376347218176, ""21"": 0.9899399359161084}",0.0020084865629420084,69.929,121.99999999999989,170,,
rq2_e_r0p3_s30_a_glm_5_3_flash,dp_r0p3_s30_u5,RQ2,E,A,GLM-5.3-Flash,1.358009188131996,0.14010090300029177,16.383,164.743,513.737,29.681000000000004,0.15751876048992275,0.8694069174538444,"{""1"": 0.7701857850276725, ""2"": 0.4208064666472473, ""3"": 0.9975067288086221, ""4"": 0.2230341392368191, ""5"": 0.9935921351587533, ""6"": 0.9651625691814739, ""7"": 0.9965128459073697, ""8"": 0.6366093212933295, ""9"": 0.9698764637343431, ""10"": 0.8012978735799592, ""11"": 0.9865409263035246, ""12"": 0.9810606175356831, ""13"": 0.9691469851441887, ""14"": 0.8148938537722109, ""15"": 0.993455141275852, ""16"": 0.8931873579959219, ""17"": 0.9924132245849112, ""18"": 0.9239403437226915, ""19"": 0.9450557529857267, ""20"": 0.9931418875618991, ""21"": 0.9901248470725312}",0.0020650636492220652,70.0,100.49999999999997,215,,
rq2_e_r0p3_s30_a_jev_1_13_0,dp_r0p3_s30_u5,RQ2,E,A,Jev-1.13.0,1.4690848875757703,0.1463244975240317,16.507,151.929,496.627,25.247999999999998,0.15499424354653019,0.8735384198188451,"{""1"": 0.5945013108068744, ""2"": 0.4131558112438101, ""3"": 0.99749577628896, ""4"": 0.22345916108360037, ""5"": 0.9928559568890183, ""6"": 0.9544622196329741, ""7"": 0.9915867171570055, ""8"": 0.7206264491698223, ""9"": 0.9718167491989513, ""10"": 0.9572954558695019, ""11"": 0.9868617244392659, ""12"": 0.9898802505097581, ""13"": 0.9813461112729391, ""14"": 0.8723336731721527, ""15"": 0.9939813574133411, ""16"": 0.8615516457908534, ""17"": 0.9920126711331196, ""18"": 0.9850719487328867, ""19"": 0.8858280221380717, ""20"": 0.9880893096417128, ""21"": 0.9900944946111273}",0.002017916077322018,65.0365,145.00035,157,,
rq2_e_r0p3_s30_a_qwen3_5_4b_json,dp_r0p3_s30_u5,RQ2,E,A,Qwen3.5-4B-JSON,1.4845704076678738,0.12527818234780144,16.734,153.14,530.677,25.035,0.16815224779104768,0.8681580985671287,"{""1"": 0.5954631808913486, ""2"": 0.4174595688901835, ""3"": 0.9975975822895427, ""4"": 0.22375380133993591, ""5"": 0.9943065831634139, ""6"": 0.949229682493446, ""7"": 0.9922132245849111, ""8"": 0.6910607631808913, ""9"": 0.9503050975822895, ""10"": 0.8890420040780659, ""11"": 0.9881750364113021, ""12"": 0.9777706961840955, ""13"": 0.9787457325953975, ""14"": 0.8930539761141858, ""15"": 0.9914820273812991, ""16"": 0.8613562481794349, ""17"": 0.9948653655694728, ""18"": 0.9850001456452082, ""19"": 0.8844108651325371, ""20"": 0.986070404893679, ""21"": 0.9899580833090591}",0.001999057048561999,65.0365,125.00045,140,,
rq2_e_r0p3_s30_a_qwen3_8_flash,dp_r0p3_s30_u5,RQ2,E,A,Qwen3.8-Flash,1.4846885717059914,0.1420972909991264,16.771,153.768,533.563,24.903,0.16604940840303498,0.8660242991691288,"{""1"": 0.5954680454413049, ""2"": 0.41717203612001164, ""3"": 0.9976077774541218, ""4"": 0.2238164579085348, ""5"": 0.9947405184969415, ""6"": 0.9399060005825808, ""7"": 0.9923612001165161, ""8"": 0.6632270026216137, ""9"": 0.9504193125546169, ""10"": 0.888421002039033, ""11"": 0.9882028255170405, ""12"": 0.9775554908243519, ""13"": 0.9786659481503059, ""14"": 0.8940433148849403, ""15"": 0.9918754150888436, ""16"": 0.8610769006699679, ""17"": 0.9843411593358579, ""18"": 0.9848065540343723, ""19"": 0.8845687445383046, ""20"": 0.9882764928633848, ""21"": 0.9899580833090591}",0.001999057048561999,69.9645,125.001,142,,
rq2_e_r0p3_s30_a_semif_qwen3_5_4b,dp_r0p3_s30_u5,RQ2,E,A,SemIf-Qwen3.5-4B,1.4846885717059914,0.1420972909991264,16.771,153.768,533.563,24.903,0.16604940840303498,0.8660242991691288,"{""1"": 0.5954680454413049, ""2"": 0.41717203612001164, ""3"": 0.9976077774541218, ""4"": 0.2238164579085348, ""5"": 0.9947405184969415, ""6"": 0.9399060005825808, ""7"": 0.9923612001165161, ""8"": 0.6632270026216137, ""9"": 0.9504193125546169, ""10"": 0.888421002039033, ""11"": 0.9882028255170405, ""12"": 0.9775554908243519, ""13"": 0.9786659481503059, ""14"": 0.8940433148849403, ""15"": 0.9918754150888436, ""16"": 0.8610769006699679, ""17"": 0.9843411593358579, ""18"": 0.9848065540343723, ""19"": 0.8845687445383046, ""20"": 0.9882764928633848, ""21"": 0.9899580833090591}",0.001999057048561999,69.9645,125.001,142,,
rq2_e_r0p3_s30_n_anyjev_l0,dp_r0p3_s30_u5,RQ2,E,N,AnyJev-L0,1.3774108165841343,0.11252548791144855,16.868,162.733,551.047,26.257,0.18897812547681467,0.8735830801880903,"{""1"": 0.7616799592193416, ""2"": 0.4779046606466647, ""3"": 0.9976927759976696, ""4"": 0.22134351878823186, ""5"": 0.9940969414506262, ""6"": 0.9597196621031168, ""7"": 0.9965280803961549, ""8"": 0.5922326536556948, ""9"": 0.968008593067288, ""10"": 0.7947500145645209, ""11"": 0.9957929799009613, ""12"": 0.9782584619866006, ""13"": 0.9797859598019225, ""14"": 0.8767006117098748, ""15"": 0.9920090008738712, ""16"": 0.8976773667346344, ""17"": 0.96278397902709, ""18"": 0.9852328284299446, ""19"": 0.9408870375764637, ""20"": 0.9820889309641713, ""21"": 0.9900706670550539}",0.0019047619047619048,65.001,120.001,231,,
rq2_e_r0p3_s30_n_deepseek_v4_1_flash,dp_r0p3_s30_u5,RQ2,E,N,DeepSeek-V4.1-Flash,1.5004579473735316,0.13564579085348016,16.666,151.065,509.602,25.174,0.16712024745814433,0.8678711719584424,"{""1"": 0.7503651907952229, ""2"": 0.48356722982813866, ""3"": 0.9967557529857268, ""4"": 0.22429332944946112, ""5"": 0.9946037285173318, ""6"": 0.9558789105738421, ""7"": 0.9922587824060588, ""8"": 0.6454679871832216, ""9"": 0.9682676958928051, ""10"": 0.8486413632391494, ""11"": 0.9706251966210312, ""12"": 0.9919203612001165, ""13"": 0.9789842703175066, ""14"": 0.8134934750946694, ""15"": 0.9925521992426449, ""16"": 0.8825963879988348, ""17"": 0.9811785027672589, ""18"": 0.8960334692688611, ""19"": 0.879859947567725, ""20"": 0.9878329158170696, ""21"": 0.9901179143606175}",0.002046204620462046,65.144,134.00019999999978,198,,
rq2_e_r0p3_s30_n_glm_5_3_flash,dp_r0p3_s30_u5,RQ2,E,N,GLM-5.3-Flash,1.337552888629964,0.14780017477425006,16.333,171.644,512.347,30.177999999999997,0.16012927746105723,0.8557476467895635,"{""1"": 0.5996306146227789, ""2"": 0.47801406932711915, ""3"": 0.997128080396155, ""4"": 0.22299347509466938, ""5"": 0.9944692106029711, ""6"": 0.9464031168074571, ""7"": 0.9967127585202447, ""8"": 0.6157004660646666, ""9"": 0.9767969414506262, ""10"": 0.7660997087095835, ""11"": 0.9840911739003786, ""12"": 0.9860199533935333, ""13"": 0.9814984561607922, ""14"": 0.8221645499563064, ""15"": 0.9919108068744539, ""16"": 0.8770228371686571, ""17"": 0.9208175065540343, ""18"": 0.9301278182347801, ""19"": 0.8997433148849403, ""20"": 0.9931803670259249, ""21"": 0.9901753568307603}",0.002112211221122112,65.001,145.00085,25,,
rq2_e_r0p3_s30_n_jev_1_13_0,dp_r0p3_s30_u5,RQ2,E,N,Jev-1.13.0,1.374552758242825,0.1547940576755028,16.557,171.393,531.34,28.554000000000002,0.15955224501685322,0.8573188478770476,"{""1"": 0.6244773376055928, ""2"": 0.49712374016894845, ""3"": 0.9977043693562482, ""4"": 0.22182426449169823, ""5"": 0.9949951354500437, ""6"": 0.9528438392076901, ""7"": 0.9966832508010487, ""8"": 0.5392958928051267, ""9"": 0.9581193125546169, ""10"": 0.7954475385959802, ""11"": 0.9952738421205942, ""12"": 0.9891357995921934, ""13"": 0.9793851441887561, ""14"": 0.8183528983396445, ""15"": 0.9921145936498689, ""16"": 0.9005180017477424, ""17"": 0.9943088260996213, ""18"": 0.9240016603553742, ""19"": 0.8525371395281095, ""20"": 0.9894363239149432, ""21"": 0.9901168948441597}",0.0020556341348420557,67.572,100.001,42,,
rq2_e_r0p3_s30_n_qwen3_5_4b_json,dp_r0p3_s30_u5,RQ2,E,N,Qwen3.5-4B-JSON,1.4142197272966865,0.12239906787066773,16.655,160.448,514.131,27.326000000000004,0.17669954087081963,0.8618519717587004,"{""1"": 0.7722763180891349, ""2"": 0.4107872997378386, ""3"": 0.9977701718613458, ""4"": 0.22227474512088552, ""5"": 0.9946134576172443, ""6"": 0.9401110690358288, ""7"": 0.9952619866006408, ""8"": 0.6255367608505681, ""9"": 0.963962219632974, ""10"": 0.8269564812117681, ""11"": 0.9934656568598893, ""12"": 0.9898649577628896, ""13"": 0.9752445674337314, ""14"": 0.868606495776289, ""15"": 0.9962119429070784, ""16"": 0.8520921934168366, ""17"": 0.9925278764928633, ""18"": 0.8694207981357412, ""19"": 0.8330133702301195, ""20"": 0.9886833964462569, ""21"": 0.9902096417127876}",0.001961338991041961,70.0,143.2506499999999,54,,
rq2_e_r0p3_s30_n_qwen3_8_flash,dp_r0p3_s30_u5,RQ2,E,N,Qwen3.8-Flash,1.435969417280457,0.1536871540926303,16.528,179.308,570.762,25.545,0.151002177742638,0.8691839596077289,"{""1"": 0.7727585785027673, ""2"": 0.41575732595397613, ""3"": 0.9980976988057093, ""4"": 0.22267296824934457, ""5"": 0.9932194873288669, ""6"": 0.962064928633848, ""7"": 0.9918091756481212, ""8"": 0.6867033789688318, ""9"": 0.9598870667055054, ""10"": 0.8568601806000583, ""11"": 0.9882364113020682, ""12"": 0.9826737256044277, ""13"": 0.9645443635304398, ""14"": 0.8073521992426449, ""15"": 0.9979561025342266, ""16"": 0.8521351296242353, ""17"": 0.9947726478298863, ""18"": 0.9274418001747743, ""19"": 0.8919364986891931, ""20"": 0.995712059423245, ""21"": 0.9902714244101369}",0.0020650636492220652,70.0,135.50089999999997,43,,
rq2_e_r0p3_s30_n_semif_qwen3_5_4b,dp_r0p3_s30_u5,RQ2,E,N,SemIf-Qwen3.5-4B,1.415762895149321,0.18584678124089687,16.507,159.178,469.213,30.914,0.13806888324802685,0.8777271011055165,"{""1"": 0.6846023885814156, ""2"": 0.6119791727352171, ""3"": 0.9972841829303816, ""4"": 0.22338220215554908, ""5"": 0.9942344305272356, ""6"": 0.9645644916982232, ""7"": 0.9972227789105739, ""8"": 0.6130630061170987, ""9"": 0.9888523157588115, ""10"": 0.8782726187008447, ""11"": 0.991553626565686, ""12"": 0.9936471016603554, ""13"": 0.97751179726187, ""14"": 0.8170681619574716, ""15"": 0.9923363239149432, ""16"": 0.9002923099330032, ""17"": 0.9963648121176812, ""18"": 0.9212995921934168, ""19"": 0.902249490241771, ""20"": 0.9964042237110399, ""21"": 0.9900840955432567}",0.0021782178217821784,69.215,117.5,37,,
rq2_e_r0p3_s3_a_anyjev_l0,dp_r0p3_s3_u5,RQ2,E,A,AnyJev-L0,1.6600546405337548,0.20487154092630006,17.917,129.86,307.727,41.379,0.06459156922308684,0.8590536751140888,"{""1"": 0.7975695601514711, ""2"": 0.6001368191086512, ""3"": 0.9992401689484417, ""4"": 0.39811983687736674, ""5"": 0.9720722982813864, ""6"": 0.7771837751237984, ""7"": 0.997986513253714, ""8"": 0.9496292746868628, ""9"": 0.998542994465482, ""10"": 0.9078170113603263, ""11"": 0.996064841246723, ""12"": 0.9970797844450918, ""13"": 0.5842242644916983, ""14"": 0.8453805126711331, ""15"": 0.9968486746286047, ""16"": 0.28299496067579377, ""17"": 0.9775918438683368, ""18"": 0.9956334401398194, ""19"": 0.9849411010777746, ""20"": 0.9996807748325081, ""21"": 0.9813887270608798}",0.0009806694955209806,65.0,85.0,6,,
rq2_e_r0p3_s3_a_deepseek_v4_1_flash,dp_r0p3_s3_u5,RQ2,E,A,DeepSeek-V4.1-Flash,1.5981548388886573,0.1928855228662962,16.646,130.091,300.701,42.102000000000004,0.07777731541203722,0.8487678720541523,"{""1"": 0.7954440431109816, ""2"": 0.5895825517040489, ""3"": 0.9990966501602098, ""4"": 0.3981997378386251, ""5"": 0.9623704340227207, ""6"": 0.7800671133119721, ""7"": 0.9978875618992136, ""8"": 0.94924401398194, ""9"": 0.9986136906495776, ""10"": 0.8836298863967376, ""11"": 0.9961171861345761, ""12"": 0.9970677541508884, ""13"": 0.4631025342266239, ""14"": 0.8020742207981357, ""15"": 0.9965442470142732, ""16"": 0.2756596562773085, ""17"": 0.9765205068453248, ""18"": 0.9975826099621322, ""19"": 0.984595193708127, ""20"": 0.9996491698223128, ""21"": 0.9810765511214682}",0.0007355021216407355,65.0,90.2499999999997,6,,
rq2_e_r0p3_s3_a_glm_5_3_flash,dp_r0p3_s3_u5,RQ2,E,A,GLM-5.3-Flash,1.5980112354874947,0.19283367317215105,16.599,129.891,300.701,42.047,0.07775512185649092,0.8487561802116711,"{""1"": 0.7952455578211477, ""2"": 0.5895491989513545, ""3"": 0.9990883483833382, ""4"": 0.3982931838042528, ""5"": 0.9634681910865133, ""6"": 0.77905211185552, ""7"": 0.9978836877366735, ""8"": 0.9493023011942907, ""9"": 0.9986142732304107, ""10"": 0.8836443052723566, ""11"": 0.9962235362656567, ""12"": 0.997084911156423, ""13"": 0.46290745703466357, ""14"": 0.8019265365569473, ""15"": 0.9965295368482378, ""16"": 0.275668802796388, ""17"": 0.9764719487328867, ""18"": 0.9975951354500436, ""19"": 0.9845817652199242, ""20"": 0.9996468103699389, ""21"": 0.981102184678124}",0.0007355021216407355,65.0,80.74999999999996,6,,
rq2_e_r0p3_s3_a_jev_1_13_0,dp_r0p3_s3_u5,RQ2,E,A,Jev-1.13.0,1.5981548388886573,0.1928855228662962,16.646,130.091,300.701,42.102000000000004,0.07777731541203722,0.8487678720541523,"{""1"": 0.7954440431109816, ""2"": 0.5895825517040489, ""3"": 0.9990966501602098, ""4"": 0.3981997378386251, ""5"": 0.9623704340227207, ""6"": 0.7800671133119721, ""7"": 0.9978875618992136, ""8"": 0.94924401398194, ""9"": 0.9986136906495776, ""10"": 0.8836298863967376, ""11"": 0.9961171861345761, ""12"": 0.9970677541508884, ""13"": 0.4631025342266239, ""14"": 0.8020742207981357, ""15"": 0.9965442470142732, ""16"": 0.2756596562773085, ""17"": 0.9765205068453248, ""18"": 0.9975826099621322, ""19"": 0.984595193708127, ""20"": 0.9996491698223128, ""21"": 0.9810765511214682}",0.0007355021216407355,65.0,90.2499999999997,6,,
rq2_e_r0p3_s3_a_qwen3_5_4b_json,dp_r0p3_s3_u5,RQ2,E,A,Qwen3.5-4B-JSON,1.596926691911836,0.18899213515875035,16.314,130.139,303.941,41.974,0.07836821882845768,0.8427495318546877,"{""1"": 0.7960586950189338, ""2"": 0.5926145062627439, ""3"": 0.9991113311972036, ""4"": 0.3983630061170988, ""5"": 0.9628963879988348, ""6"": 0.7804184969414506, ""7"": 0.9978564520827264, ""8"": 0.8152079522283717, ""9"": 0.998617623070201, ""10"": 0.8830833673172153, ""11"": 0.9966136906495776, ""12"": 0.9971076026798719, ""13"": 0.4650854063501311, ""14"": 0.8027269443635304, ""15"": 0.9965428488202739, ""16"": 0.27583058549373723, ""17"": 0.9764315758811535, ""18"": 0.9975374599475677, ""19"": 0.9846364695601515, ""20"": 0.9996136906495776, ""21"": 0.981386076318089}",0.0007355021216407355,65.0,85.0,6,,
rq2_e_r0p3_s3_a_qwen3_8_flash,dp_r0p3_s3_u5,RQ2,E,A,Qwen3.8-Flash,1.5981548388886573,0.1928855228662962,16.646,130.091,300.701,42.102000000000004,0.07777731541203722,0.8487678720541523,"{""1"": 0.7954440431109816, ""2"": 0.5895825517040489, ""3"": 0.9990966501602098, ""4"": 0.3981997378386251, ""5"": 0.9623704340227207, ""6"": 0.7800671133119721, ""7"": 0.9978875618992136, ""8"": 0.94924401398194, ""9"": 0.9986136906495776, ""10"": 0.8836298863967376, ""11"": 0.9961171861345761, ""12"": 0.9970677541508884, ""13"": 0.4631025342266239, ""14"": 0.8020742207981357, ""15"": 0.9965442470142732, ""16"": 0.2756596562773085, ""17"": 0.9765205068453248, ""18"": 0.9975826099621322, ""19"": 0.984595193708127, ""20"": 0.9996491698223128, ""21"": 0.9810765511214682}",0.0007355021216407355,65.0,90.2499999999997,6,,
rq2_e_r0p3_s3_a_semif_qwen3_5_4b,dp_r0p3_s3_u5,RQ2,E,A,SemIf-Qwen3.5-4B,1.5981548388886573,0.1928855228662962,16.646,130.091,300.701,42.102000000000004,0.07777731541203722,0.8487678720541523,"{""1"": 0.7954440431109816, ""2"": 0.5895825517040489, ""3"": 0.9990966501602098, ""4"": 0.3981997378386251, ""5"": 0.9623704340227207, ""6"": 0.7800671133119721, ""7"": 0.9978875618992136, ""8"": 0.94924401398194, ""9"": 0.9986136906495776, ""10"": 0.8836298863967376, ""11"": 0.9961171861345761, ""12"": 0.9970677541508884, ""13"": 0.4631025342266239, ""14"": 0.8020742207981357, ""15"": 0.9965442470142732, ""16"": 0.2756596562773085, ""17"": 0.9765205068453248, ""18"": 0.9975826099621322, ""19"": 0.984595193708127, ""20"": 0.9996491698223128, ""21"": 0.9810765511214682}",0.0007355021216407355,65.0,90.2499999999997,6,,
rq2_e_r0p3_s3_n_anyjev_l0,dp_r0p3_s3_u5,RQ2,E,N,AnyJev-L0,1.6545190739738949,0.1642176521992434,18.665,138.103,285.284,41.403,0.08468783377026896,0.8477918022554201,"{""1"": 0.7968849694145063, ""2"": 0.5480138071657442, ""3"": 0.9991556364695601, ""4"": 0.383078415380134, ""5"": 0.9594147101660355, ""6"": 0.7779612583745995, ""7"": 0.9976628604718905, ""8"": 0.8295612875036411, ""9"": 0.9985979900961259, ""10"": 0.9002476842411884, ""11"": 0.9966386542382756, ""12"": 0.9970987474512089, ""13"": 0.41288808622196327, ""14"": 0.9959844159627148, ""15"": 0.9882146227789105, ""16"": 0.2810175065540344, ""17"": 0.9803241479755316, ""18"": 0.9956310515584038, ""19"": 0.9845575298572676, ""20"": 0.9996423244975241, ""21"": 0.9810521409845617}",0.0007072135785007072,65.0,86.49999999999999,7,,
rq2_e_r0p3_s3_n_deepseek_v4_1_flash,dp_r0p3_s3_u5,RQ2,E,N,DeepSeek-V4.1-Flash,1.6258703064097766,0.20907381299155323,16.566,133.45,308.95,42.595,0.074448282080091,0.8399123299072032,"{""1"": 0.79234383920769, ""2"": 0.5001748616370522, ""3"": 0.9991787649286338, ""4"": 0.3976886688027964, ""5"": 0.9624521992426449, ""6"": 0.7792985726769589, ""7"": 0.9976861928342557, ""8"": 0.7991742499271774, ""9"": 0.9985075444217886, ""10"": 0.8838405476259831, ""11"": 0.996409699970871, ""12"": 0.997120827264783, ""13"": 0.5689069327119137, ""14"": 0.7291230410719488, ""15"": 0.9969994756772502, ""16"": 0.2820212059423245, ""17"": 0.996245441304981, ""18"": 0.9960960093212934, ""19"": 0.9837230702009904, ""20"": 0.9996304689775707, ""21"": 0.9815373143023595}",0.0008958038661008958,65.0,91.5007,3,,
rq2_e_r0p3_s3_n_glm_5_3_flash,dp_r0p3_s3_u5,RQ2,E,N,GLM-5.3-Flash,1.5512631795042513,0.16261578794057574,15.623,137.585,302.623,44.172000000000004,0.0893956417405296,0.8308968471280151,"{""1"": 0.7906610544713079, ""2"": 0.43697576463734344, ""3"": 0.9990982231284591, ""4"": 0.3971933585785028, ""5"": 0.9638493445965628, ""6"": 0.7789716865715118, ""7"": 0.9977492863384794, ""8"": 0.8072876492863384, ""9"": 0.9984362365278183, ""10"": 0.9099008738712496, ""11"": 0.9968176813282843, ""12"": 0.9969716283134284, ""13"": 0.4659801922516749, ""14"": 0.6790594815030586, ""15"": 0.9960683949898048, ""16"": 0.2745709874745121, ""17"": 0.9964310515584037, ""18"": 0.9978106903582873, ""19"": 0.9838182347800757, ""20"": 0.9996189630061171, ""21"": 0.9815630061170988}",0.0006977840641206978,65.001,130.25134999999992,3,,
rq2_e_r0p3_s3_n_jev_1_13_0,dp_r0p3_s3_u5,RQ2,E,N,Jev-1.13.0,1.6276808400260778,0.211147334692689,16.685,133.3,306.884,42.675000000000004,0.072900281580736,0.8471307255905565,"{""1"": 0.7920445965627732, ""2"": 0.5085413632391494, ""3"": 0.9991701427323041, ""4"": 0.39758086221963296, ""5"": 0.9632271773958636, ""6"": 0.7752956889018351, ""7"": 0.9977837459947567, ""8"": 0.9498057966792893, ""9"": 0.998571249635887, ""10"": 0.8820565977279348, ""11"": 0.996480774832508, ""12"": 0.9971047771628313, ""13"": 0.5661610253422662, ""14"": 0.7295288668802796, ""15"": 0.9970406641421498, ""16"": 0.28202770171861347, ""17"": 0.996164841246723, ""18"": 0.9960369938829012, ""19"": 0.9840728517331779, ""20"": 0.9996466064666472, ""21"": 0.9814029129041654}",0.0009995285242809994,65.0,83.75025,4,,
rq2_e_r0p3_s3_n_qwen3_5_4b_json,dp_r0p3_s3_u5,RQ2,E,N,Qwen3.5-4B-JSON,1.7149967902570291,0.20749198951354414,18.79,130.571,292.007,39.667,0.07743886368995603,0.8615700151193597,"{""1"": 0.7940245557821148, ""2"": 0.5220563938246432, ""3"": 0.9991856102534227, ""4"": 0.39784538304689776, ""5"": 0.9741634139236819, ""6"": 0.7764468103699389, ""7"": 0.9978087095834547, ""8"": 0.9498157588115351, ""9"": 0.9985367317215263, ""10"": 0.9092460821438975, ""11"": 0.9969099621322459, ""12"": 0.9968934459656277, ""13"": 0.5640561607923099, ""14"": 0.9912955432566268, ""15"": 0.983229857267696, ""16"": 0.2840649286338479, ""17"": 0.9960734925720944, ""18"": 0.9961313428488202, ""19"": 0.9840293038159044, ""20"": 0.9996755024759685, ""21"": 0.9814813282842995}",0.0009900990099009901,65.001,99.9858,4,,
rq2_e_r0p3_s3_n_qwen3_8_flash,dp_r0p3_s3_u5,RQ2,E,N,Qwen3.8-Flash,1.660796587740834,0.1970032041945782,17.676,127.897,310.464,41.425000000000004,0.06542660175051669,0.852486406447228,"{""1"": 0.7979526944363531, ""2"": 0.5935045441304981, ""3"": 0.9991748907660938, ""4"": 0.39884293620739875, ""5"": 0.9716640838916399, ""6"": 0.7772072240023303, ""7"": 0.9978090008738711, ""8"": 0.8222452082726478, ""9"": 0.9984926303524614, ""10"": 0.9008224584911155, ""11"": 0.9956825808330906, ""12"": 0.9970999417419167, ""13"": 0.5862411010777746, ""14"": 0.8462341101077775, ""15"": 0.9969433148849404, ""16"": 0.2839946402563356, ""17"": 0.977121584619866, ""18"": 0.9956779493154676, ""19"": 0.9846307311389455, ""20"": 0.9996315467521119, ""21"": 0.9812413632391495}",0.0009995285242809994,65.0,85.0,6,,
rq2_e_r0p3_s3_n_semif_qwen3_5_4b,dp_r0p3_s3_u5,RQ2,E,N,SemIf-Qwen3.5-4B,1.7171750821855103,0.07276574424701433,18.671,126.071,293.554,38.817,0.09451680468284022,0.8514946041918078,"{""1"": 0.7536670550538888, ""2"": 0.4933967666763764, ""3"": 0.9989559568890183, ""4"": 0.3980237110399068, ""5"": 0.9532404893678998, ""6"": 0.7647434896591901, ""7"": 0.99776813282843, ""8"": 0.8632621031168074, ""9"": 0.9981359743664434, ""10"": 0.9050024468394989, ""11"": 0.9977877949315467, ""12"": 0.9971387998834838, ""13"": 0.5393843285755898, ""14"": 0.9971951063210021, ""15"": 0.9840355083017769, ""16"": 0.28222085639382466, ""17"": 0.9961266822021555, ""18"": 0.9960809787357996, ""19"": 0.9842347509466939, ""20"": 0.9996487620157296, ""21"": 0.9813369938829013}",0.0007072135785007072,65.0,81.5007,5,,
rq2_e_r0p3_s60_a_anyjev_l0,dp_r0p3_s60_u5,RQ2,E,A,AnyJev-L0,1.3600017200005545,0.14954267404602398,16.246,157.983,579.378,27.126,0.17795347675918605,0.8901166493279514,"{""1"": 0.960298310515584, ""2"": 0.43086979318380425, ""3"": 0.9946018933877075, ""4"": 0.9437443926594815, ""5"": 0.918887940576755, ""6"": 0.9670398193999417, ""7"": 0.9535624235362656, ""8"": 0.45153577046315174, ""9"": 0.9805855228662977, ""10"": 0.854309525196621, ""11"": 0.7272334401398194, ""12"": 0.9887397611418585, ""13"": 0.984917535683076, ""14"": 0.9782834838333819, ""15"": 0.9888585785027673, ""16"": 0.793911884648995, ""17"": 0.9894551412758521, ""18"": 0.952528750364113, ""19"": 0.8662673463443052, ""20"": 0.9830518788231868, ""21"": 0.983766443344014}",0.003950966525223951,65.001,100.001,18258,,
rq2_e_r0p3_s60_a_deepseek_v4_1_flash,dp_r0p3_s60_u5,RQ2,E,A,DeepSeek-V4.1-Flash,1.1582534836946718,0.14299796096708375,15.679,181.765,603.218,34.516999999999996,0.1958387083350672,0.9009863523504362,"{""1"": 0.9592605592775998, ""2"": 0.43958960093212934, ""3"": 0.9946181765219924, ""4"": 0.9192967666763764, ""5"": 0.9171208563938246, ""6"": 0.965403378968832, ""7"": 0.9534285464608214, ""8"": 0.7300166618118263, ""9"": 0.9630446839498981, ""10"": 0.9539294785901544, ""11"": 0.7069866297698805, ""12"": 0.9854153801339937, ""13"": 0.988258520244684, ""14"": 0.9709071074861637, ""15"": 0.986732886688028, ""16"": 0.7885755607340519, ""17"": 0.9896934750946693, ""18"": 0.9300742207981356, ""19"": 0.8051341101077775, ""20"": 0.9832135450043694, ""21"": 0.9900132537139528}",0.003818953323903819,65.001,90.001,18647,,
rq2_e_r0p3_s60_a_glm_5_3_flash,dp_r0p3_s60_u5,RQ2,E,A,GLM-5.3-Flash,1.1383327701718613,0.1381275852024472,15.326,192.483,614.723,33.791,0.20415019488715963,0.9013999694838611,"{""1"": 0.9576438974657734, ""2"": 0.44039516457908534, ""3"": 0.9948595980192252, ""4"": 0.9187316341392369, ""5"": 0.9178773376055928, ""6"": 0.9917132245849112, ""7"": 0.9547108360034955, ""8"": 0.7223435770463151, ""9"": 0.972590474803379, ""10"": 0.9551286629769881, ""11"": 0.706311214681037, ""12"": 0.9850301776871541, ""13"": 0.9862760850568016, ""14"": 0.9696872414797553, ""15"": 0.9870606757937663, ""16"": 0.7863429362073988, ""17"": 0.9893827847363822, ""18"": 0.9296150597145354, ""19"": 0.7924305854937373, ""20"": 0.9812916399650451, ""21"": 0.9899765511214681}",0.003734087694483734,65.001,100.00025,18970,,
rq2_e_r0p3_s60_a_jev_1_13_0,dp_r0p3_s60_u5,RQ2,E,A,Jev-1.13.0,1.1477970732248624,0.14147276434605355,15.003,189.823,613.128,34.1,0.2095543256626857,0.8821991386126253,"{""1"": 0.9589749781532187, ""2"": 0.4448836586076318, ""3"": 0.994881532187591, ""4"": 0.9189157879405768, ""5"": 0.9190810078648413, ""6"": 0.9916293329449462, ""7"": 0.9551274686862803, ""8"": 0.43018735799592195, ""9"": 0.9796858724147975, ""10"": 0.9423491406932712, ""11"": 0.6646949898048354, ""12"": 0.9830576463734343, ""13"": 0.936378590154384, ""14"": 0.9693137489076609, ""15"": 0.9868790562190505, ""16"": 0.7580380425284008, ""17"": 0.9893318671715701, ""18"": 0.9307602679871833, ""19"": 0.7987371977861929, ""20"": 0.9836848237692979, ""21"": 0.989589542674046}",0.003771805752003772,65.3215,105.00005,19064,,
rq2_e_r0p3_s60_a_qwen3_5_4b_json,dp_r0p3_s60_u5,RQ2,E,A,Qwen3.5-4B-JSON,1.1309175315217845,0.1402237110399072,15.203,198.147,612.861,34.019999999999996,0.20242464594343418,0.9015835185108124,"{""1"": 0.9547517623070201, ""2"": 0.4373876784153801, ""3"": 0.9949372851733177, ""4"": 0.918736935624818, ""5"": 0.9181900087387125, ""6"": 0.9916424410136907, ""7"": 0.9556235945237401, ""8"": 0.7223133702301193, ""9"": 0.9786288086221964, ""10"": 0.9557771919603846, ""11"": 0.7071942907078357, ""12"": 0.9847614040198077, ""13"": 0.9868582289542674, ""14"": 0.969680774832508, ""15"": 0.9874141858432858, ""16"": 0.7860940285464608, ""17"": 0.989336760850568, ""18"": 0.9294508884357705, ""19"": 0.7953610253422663, ""20"": 0.9791521409845615, ""21"": 0.9899610836003495}",0.0037435172088637436,70.0,105.0,19091,,
rq2_e_r0p3_s60_a_qwen3_8_flash,dp_r0p3_s60_u5,RQ2,E,A,Qwen3.8-Flash,1.1383327701718613,0.1381275852024472,15.326,192.483,614.723,33.791,0.20415019488715963,0.9013999694838611,"{""1"": 0.9576438974657734, ""2"": 0.44039516457908534, ""3"": 0.9948595980192252, ""4"": 0.9187316341392369, ""5"": 0.9178773376055928, ""6"": 0.9917132245849112, ""7"": 0.9547108360034955, ""8"": 0.7223435770463151, ""9"": 0.972590474803379, ""10"": 0.9551286629769881, ""11"": 0.706311214681037, ""12"": 0.9850301776871541, ""13"": 0.9862760850568016, ""14"": 0.9696872414797553, ""15"": 0.9870606757937663, ""16"": 0.7863429362073988, ""17"": 0.9893827847363822, ""18"": 0.9296150597145354, ""19"": 0.7924305854937373, ""20"": 0.9812916399650451, ""21"": 0.9899765511214681}",0.003734087694483734,65.001,100.00025,18970,,
rq2_e_r0p3_s60_a_semif_qwen3_5_4b,dp_r0p3_s60_u5,RQ2,E,A,SemIf-Qwen3.5-4B,1.132466064666472,0.1434721817652199,15.005,193.123,612.076,33.763000000000005,0.20122064555504696,0.9017057398083032,"{""1"": 0.9576987765802505, ""2"": 0.4413101077774541, ""3"": 0.9948933003204194, ""4"": 0.9187000000000001, ""5"": 0.918536003495485, ""6"": 0.991629682493446, ""7"": 0.9553753277017186, ""8"": 0.7224148849402854, ""9"": 0.9739185843285756, ""10"": 0.9497746868628022, ""11"": 0.706640052432275, ""12"": 0.9851492280803962, ""13"": 0.9868319254296534, ""14"": 0.9696624526653074, ""15"": 0.9869684241188464, ""16"": 0.7871803087678415, ""17"": 0.9893609379551412, ""18"": 0.9295070200990387, ""19"": 0.7989100203903292, ""20"": 0.9813848528983397, ""21"": 0.9899739586367607}",0.0037812352663837813,65.001,100.001,18934,,
rq2_e_r0p3_s60_n_anyjev_l0,dp_r0p3_s60_u5,RQ2,E,N,AnyJev-L0,1.3722648578918897,0.1531803087678416,16.098,152.454,568.909,26.494999999999997,0.16522269845893497,0.8915547515015327,"{""1"": 0.9624155840372851, ""2"": 0.45241872997378385, ""3"": 0.9945745120885523, ""4"": 0.9421561899213515, ""5"": 0.9218624235362657, ""6"": 0.9673916399650452, ""7"": 0.9540106903582872, ""8"": 0.4517324497524031, ""9"": 0.9849631808913487, ""10"": 0.9218085348092048, ""11"": 0.7303254005243228, ""12"": 0.9876885231575881, ""13"": 0.9702963006117099, ""14"": 0.9786706379260123, ""15"": 0.9884386833673172, ""16"": 0.7962555490824351, ""17"": 0.9887662976988056, ""18"": 0.9307635886979319, ""19"": 0.8292852898339644, ""20"": 0.9850858724147975, ""21"": 0.9837397028837751}",0.004016973125884017,65.001,85.05425,18700,,
rq2_e_r0p3_s60_n_deepseek_v4_1_flash,dp_r0p3_s60_u5,RQ2,E,N,DeepSeek-V4.1-Flash,1.3916516444037563,0.15919137780367026,15.695,154.949,532.466,26.533,0.1584203736839915,0.8824824254782018,"{""1"": 0.6904981066122925, ""2"": 0.4911091465190795, ""3"": 0.9879763763472182, ""4"": 0.9417710748616371, ""5"": 0.9269334692688611, ""6"": 0.9679340227206525, ""7"": 0.9570224584911156, ""8"": 0.46185755898630937, ""9"": 0.9873274978153219, ""10"": 0.8945522575007282, ""11"": 0.7318512379842703, ""12"": 0.9861934750946694, ""13"": 0.9883484124672297, ""14"": 0.9759812117681328, ""15"": 0.9889829886396738, ""16"": 0.8183825225750073, ""17"": 0.9881714826682202, ""18"": 0.9347593941159336, ""19"": 0.8415277599766968, ""20"": 0.9871872123507136, ""21"": 0.9837632682784737}",0.004064120697784064,65.001,85.0,18922,,
rq2_e_r0p3_s60_n_glm_5_3_flash,dp_r0p3_s60_u5,RQ2,E,N,GLM-5.3-Flash,1.3639397333999141,0.1484951937081271,16.313,157.317,561.313,25.732999999999997,0.17051863565117278,0.8861739350561081,"{""1"": 0.9622275852024468, ""2"": 0.457681444800466, ""3"": 0.9951707544421788, ""4"": 0.9440819982522575, ""5"": 0.9240424410136907, ""6"": 0.966317710457326, ""7"": 0.9564916399650452, ""8"": 0.45298403728517334, ""9"": 0.9855843868336731, ""10"": 0.8934702592484707, ""11"": 0.7315859889309643, ""12"": 0.9875776288960093, ""13"": 0.988064666472473, ""14"": 0.9760797553160502, ""15"": 0.9889549082435187, ""16"": 0.8123813282842994, ""17"": 0.9880286921060297, ""18"": 0.9325836877366734, ""19"": 0.7034362947859015, ""20"": 0.9852915817069618, ""21"": 0.9776158461986602}",0.0039698255539839696,65.001,85.001,18699,,
rq2_e_r0p3_s60_n_jev_1_13_0,dp_r0p3_s60_u5,RQ2,E,N,Jev-1.13.0,1.287953177146186,0.15575007282260414,15.461,185.623,571.067,25.25,0.17764554117598103,0.8839710762487343,"{""1"": 0.6579652199242645, ""2"": 0.4808207690066997, ""3"": 0.9878240023303233, ""4"": 0.9409311972036121, ""5"": 0.9669446548208565, ""6"": 0.9917309933003204, ""7"": 0.9564687445383048, ""8"": 0.438467200699097, ""9"": 0.9709765219924265, ""10"": 0.9538722400233032, ""11"": 0.7171251092339062, ""12"": 0.9779960967084182, ""13"": 0.9858780658316342, ""14"": 0.9688611127293911, ""15"": 0.9889258083309059, ""16"": 0.8331057384212059, ""17"": 0.9879307020099038, ""18"": 0.9343737838625109, ""19"": 0.853846548208564, ""20"": 0.9859863676085057, ""21"": 0.983361724439266}",0.003913248467703913,65.001,95.0,18345,,
rq2_e_r0p3_s60_n_qwen3_5_4b_json,dp_r0p3_s60_u5,RQ2,E,N,Qwen3.5-4B-JSON,1.3716218329102692,0.1481351587532774,16.098,152.79,577.204,26.15,0.16453192404255615,0.8909286047189047,"{""1"": 0.9618560151471016, ""2"": 0.45486621031168073, ""3"": 0.9946087095834547, ""4"": 0.9414692688610544, ""5"": 0.9226822895426741, ""6"": 0.9668348674628605, ""7"": 0.9565578502767259, ""8"": 0.45060477716283137, ""9"": 0.9854226915234489, ""10"": 0.8942732886688027, ""11"": 0.7316230410719488, ""12"": 0.9877099912612874, ""13"": 0.9881635013108069, ""14"": 0.9784838916399651, ""15"": 0.9896316632682784, ""16"": 0.7941343722691524, ""17"": 0.9893954558695018, ""18"": 0.9301477133702301, ""19"": 0.8233059131954559, ""20"": 0.9842508593067288, ""21"": 0.983478327993009}",0.004026402640264027,65.001,85.001,18310,,
rq2_e_r0p3_s60_n_qwen3_8_flash,dp_r0p3_s60_u5,RQ2,E,N,Qwen3.8-Flash,1.3618324109136808,0.14785551995339374,15.933,154.441,575.018,25.765000000000004,0.16653766662505376,0.8901228011041293,"{""1"": 0.9608486163705214, ""2"": 0.4577353917856103, ""3"": 0.9945454704340227, ""4"": 0.9404907369647538, ""5"": 0.9198906495776288, ""6"": 0.9684202738129916, ""7"": 0.9562471599184387, ""8"": 0.45213810078648414, ""9"": 0.9842396446256918, ""10"": 0.8920034372269152, ""11"": 0.7311263617826973, ""12"": 0.9893415962714827, ""13"": 0.9765875036411301, ""14"": 0.9784354500436935, ""15"": 0.9901053888727062, ""16"": 0.7901111272939121, ""17"": 0.989376813282843, ""18"": 0.9298734634430527, ""19"": 0.8242952228371686, ""20"": 0.9829079522283717, ""21"": 0.9838584619866007}",0.004007543611504008,65.001,95.0,18665,,
rq2_e_r0p3_s60_n_semif_qwen3_5_4b,dp_r0p3_s60_u5,RQ2,E,N,SemIf-Qwen3.5-4B,1.3674113103907453,0.15305330614622784,16.098,150.068,548.693,26.782999999999998,0.16517553715339908,0.8915374918508038,"{""1"": 0.9620403145936499, ""2"": 0.45517876492863385, ""3"": 0.9859875910282552, ""4"": 0.9440637634721817, ""5"": 0.9230372269152345, ""6"": 0.9668697640547625, ""7"": 0.9571668802796388, ""8"": 0.4544778036702592, ""9"": 0.9860560151471016, ""10"": 0.9009185551995339, ""11"": 0.733363821730265, ""12"": 0.9891276434605302, ""13"": 0.9849673463443053, ""14"": 0.9782724439265947, ""15"": 0.9895466647247305, ""16"": 0.7945690649577629, ""17"": 0.989571162248762, ""18"": 0.9315457325953976, ""19"": 0.8272626274395573, ""20"": 0.9845367317215263, ""21"": 0.9837274104281969}",0.004026402640264027,65.001,85.00070000000001,18291,,
rq2_e_r1_s120_a_anyjev_l0,dp_r1_s120_u5,RQ2,E,A,AnyJev-L0,1.2877486753246754,0.13057818181818215,16.194,165.487,537.74,30.726000000000003,0.1829090909090909,0.8724641082251082,"{""1"": 0.9727409090909092, ""2"": 0.5514281818181819, ""3"": 0.9815167272727273, ""4"": 0.19078154545454545, ""5"": 0.9702337272727273, ""6"": 0.9184988181818182, ""7"": 0.9788168181818182, ""8"": 0.343613, ""9"": 0.9861684545454545, ""10"": 0.9276965454545454, ""11"": 0.80168, ""12"": 0.9847005454545453, ""13"": 0.9862672727272728, ""14"": 0.979044, ""15"": 0.9905554545454547, ""16"": 0.9462905454545454, ""17"": 0.9898367272727273, ""18"": 0.9352745454545454, ""19"": 0.9202192727272728, ""20"": 0.9831127272727272, ""21"": 0.9832704545454546}",0.0023573785950023575,70.0,112.67179999999992,4995,,
rq2_e_r1_s120_a_deepseek_v4_1_flash,dp_r1_s120_u5,RQ2,E,A,DeepSeek-V4.1-Flash,1.3020150822510823,0.11667818181818194,16.606,162.271,542.883,32.616,0.18796536796536797,0.8784349956709956,"{""1"": 0.972772909090909, ""2"": 0.5447421818181818, ""3"": 0.9815257272727274, ""4"": 0.19492745454545454, ""5"": 0.9108223636363636, ""6"": 0.9196830909090908, ""7"": 0.9801268181818181, ""8"": 0.3487599090909091, ""9"": 0.9858116363636364, ""10"": 0.9304343636363637, ""11"": 0.9508328181818181, ""12"": 0.9878441818181818, ""13"": 0.9856764545454545, ""14"": 0.979593, ""15"": 0.9897840909090909, ""16"": 0.9402448181818182, ""17"": 0.9887236363636364, ""18"": 0.9344073636363636, ""19"": 0.960279, ""20"": 0.9827355454545454, ""21"": 0.9774075454545456}",0.002347949080622348,70.0,95.0,5191,,
rq2_e_r1_s120_a_glm_5_3_flash,dp_r1_s120_u5,RQ2,E,A,GLM-5.3-Flash,1.3020150822510823,0.11667818181818194,16.606,162.271,542.883,32.616,0.18796536796536797,0.8784349956709956,"{""1"": 0.972772909090909, ""2"": 0.5447421818181818, ""3"": 0.9815257272727274, ""4"": 0.19492745454545454, ""5"": 0.9108223636363636, ""6"": 0.9196830909090908, ""7"": 0.9801268181818181, ""8"": 0.3487599090909091, ""9"": 0.9858116363636364, ""10"": 0.9304343636363637, ""11"": 0.9508328181818181, ""12"": 0.9878441818181818, ""13"": 0.9856764545454545, ""14"": 0.979593, ""15"": 0.9897840909090909, ""16"": 0.9402448181818182, ""17"": 0.9887236363636364, ""18"": 0.9344073636363636, ""19"": 0.960279, ""20"": 0.9827355454545454, ""21"": 0.9774075454545456}",0.002347949080622348,70.0,95.0,5191,,
rq2_e_r1_s120_a_jev_1_13_0,dp_r1_s120_u5,RQ2,E,A,Jev-1.13.0,1.3020150822510823,0.11667818181818194,16.606,162.271,542.883,32.616,0.18796536796536797,0.8784349956709956,"{""1"": 0.972772909090909, ""2"": 0.5447421818181818, ""3"": 0.9815257272727274, ""4"": 0.19492745454545454, ""5"": 0.9108223636363636, ""6"": 0.9196830909090908, ""7"": 0.9801268181818181, ""8"": 0.3487599090909091, ""9"": 0.9858116363636364, ""10"": 0.9304343636363637, ""11"": 0.9508328181818181, ""12"": 0.9878441818181818, ""13"": 0.9856764545454545, ""14"": 0.979593, ""15"": 0.9897840909090909, ""16"": 0.9402448181818182, ""17"": 0.9887236363636364, ""18"": 0.9344073636363636, ""19"": 0.960279, ""20"": 0.9827355454545454, ""21"": 0.9774075454545456}",0.002347949080622348,70.0,95.0,5191,,
rq2_e_r1_s120_a_qwen3_5_4b_json,dp_r1_s120_u5,RQ2,E,A,Qwen3.5-4B-JSON,1.3076084155844152,0.12665454545454555,16.333,158.908,552.313,31.554,0.1822943722943723,0.8766196450216449,"{""1"": 0.9723586363636363, ""2"": 0.5512723636363636, ""3"": 0.981721, ""4"": 0.19637854545454547, ""5"": 0.9695179090909092, ""6"": 0.918819, ""7"": 0.9780732727272727, ""8"": 0.3441639090909091, ""9"": 0.9858279999999999, ""10"": 0.9258109090909091, ""11"": 0.9218546363636364, ""12"": 0.987612, ""13"": 0.9872075454545455, ""14"": 0.9798324545454544, ""15"": 0.9901705454545454, ""16"": 0.944509, ""17"": 0.9875922727272727, ""18"": 0.9347189090909092, ""19"": 0.8854534545454545, ""20"": 0.9834106363636363, ""21"": 0.9827075454545454}",0.0023856671381423857,70.0,114.00039999999977,4932,,
rq2_e_r1_s120_a_qwen3_8_flash,dp_r1_s120_u5,RQ2,E,A,Qwen3.8-Flash,1.3020150822510823,0.11667818181818194,16.606,162.271,542.883,32.616,0.18796536796536797,0.8784349956709956,"{""1"": 0.972772909090909, ""2"": 0.5447421818181818, ""3"": 0.9815257272727274, ""4"": 0.19492745454545454, ""5"": 0.9108223636363636, ""6"": 0.9196830909090908, ""7"": 0.9801268181818181, ""8"": 0.3487599090909091, ""9"": 0.9858116363636364, ""10"": 0.9304343636363637, ""11"": 0.9508328181818181, ""12"": 0.9878441818181818, ""13"": 0.9856764545454545, ""14"": 0.979593, ""15"": 0.9897840909090909, ""16"": 0.9402448181818182, ""17"": 0.9887236363636364, ""18"": 0.9344073636363636, ""19"": 0.960279, ""20"": 0.9827355454545454, ""21"": 0.9774075454545456}",0.002347949080622348,70.0,95.0,5191,,
rq2_e_r1_s120_a_semif_qwen3_5_4b,dp_r1_s120_u5,RQ2,E,A,SemIf-Qwen3.5-4B,1.280370354978355,0.12960000000000024,16.098,167.021,551.091,32.693999999999996,0.18642424242424244,0.8763839264069264,"{""1"": 0.973037909090909, ""2"": 0.5504947272727273, ""3"": 0.9815402727272726, ""4"": 0.192718, ""5"": 0.9095907272727273, ""6"": 0.9354540909090908, ""7"": 0.9799655454545454, ""8"": 0.3452641818181818, ""9"": 0.9851453636363637, ""10"": 0.9297920909090909, ""11"": 0.9241000909090908, ""12"": 0.9848022727272727, ""13"": 0.9873106363636364, ""14"": 0.9798665454545454, ""15"": 0.9904546363636363, ""16"": 0.9469740909090908, ""17"": 0.9898352727272728, ""18"": 0.934452090909091, ""19"": 0.916621909090909, ""20"": 0.982683, ""21"": 0.983959}",0.0023573785950023575,70.0,105.0,5197,,
rq2_e_r1_s120_n_anyjev_l0,dp_r1_s120_u5,RQ2,E,N,AnyJev-L0,1.2550477402597406,0.12146545454545461,15.695,168.233,543.276,35.335,0.1698961038961039,0.883428593073593,"{""1"": 0.6628275454545455, ""2"": 0.9595471818181818, ""3"": 0.9822953636363635, ""4"": 0.19951472727272726, ""5"": 0.9449197272727273, ""6"": 0.9342868181818182, ""7"": 0.9903322727272726, ""8"": 0.3527926363636364, ""9"": 0.986782909090909, ""10"": 0.9436535454545455, ""11"": 0.9243108181818182, ""12"": 0.987975, ""13"": 0.9855026363636363, ""14"": 0.9757255454545455, ""15"": 0.9906940909090909, ""16"": 0.9472307272727273, ""17"": 0.9875854545454545, ""18"": 0.9364724545454545, ""19"": 0.8893586363636363, ""20"": 0.9873812727272727, ""21"": 0.9828110909090909}",0.0024705327675624707,65.001,85.00095,5055,,
rq2_e_r1_s120_n_deepseek_v4_1_flash,dp_r1_s120_u5,RQ2,E,N,DeepSeek-V4.1-Flash,1.2630216623376624,0.13136727272727283,15.745,163.549,520.667,35.838,0.16984415584415585,0.8611896709956709,"{""1"": 0.6620642727272728, ""2"": 0.5299450909090909, ""3"": 0.9823721818181819, ""4"": 0.2001708181818182, ""5"": 0.9446373636363637, ""6"": 0.933466, ""7"": 0.9906720909090909, ""8"": 0.3504819090909091, ""9"": 0.9870881818181818, ""10"": 0.9285634545454545, ""11"": 0.9218411818181819, ""12"": 0.985110090909091, ""13"": 0.9763417272727272, ""14"": 0.9791405454545454, ""15"": 0.9895183636363636, ""16"": 0.9409685454545454, ""17"": 0.9877057272727273, ""18"": 0.9353992727272727, ""19"": 0.8900861818181818, ""20"": 0.9871531818181819, ""21"": 0.9822569090909091}",0.0024893917963224894,65.001,90.001,5162,,
rq2_e_r1_s120_n_glm_5_3_flash,dp_r1_s120_u5,RQ2,E,N,GLM-5.3-Flash,1.334917852813853,0.11947636363636366,16.333,158.452,497.827,31.447000000000003,0.18464069264069263,0.8774341428571428,"{""1"": 0.9735016363636363, ""2"": 0.5158702727272727, ""3"": 0.9878791818181817, ""4"": 0.1955179090909091, ""5"": 0.9479048181818183, ""6"": 0.9315363636363637, ""7"": 0.9837610909090908, ""8"": 0.3520648181818182, ""9"": 0.9812574545454545, ""10"": 0.9776061818181818, ""11"": 0.9235971818181818, ""12"": 0.9876128181818182, ""13"": 0.9856550909090908, ""14"": 0.9745963636363637, ""15"": 0.9901419999999999, ""16"": 0.934313090909091, ""17"": 0.9892362727272728, ""18"": 0.9372254545454546, ""19"": 0.8868448181818183, ""20"": 0.9874621818181818, ""21"": 0.9825320000000001}",0.0023856671381423857,70.0,97.00059999999989,4868,,
rq2_e_r1_s120_n_jev_1_13_0,dp_r1_s120_u5,RQ2,E,N,Jev-1.13.0,1.2438158095238094,0.1244181818181818,15.745,173.184,547.527,34.365,0.17573160173160174,0.9105631515151515,"{""1"": 0.6385104545454545, ""2"": 0.9609536363636364, ""3"": 0.9822975454545454, ""4"": 0.7529320909090909, ""5"": 0.9446425454545455, ""6"": 0.9337038181818182, ""7"": 0.9904604545454545, ""8"": 0.3460773636363636, ""9"": 0.9862587272727273, ""10"": 0.9473274545454544, ""11"": 0.9578947272727272, ""12"": 0.9877791818181818, ""13"": 0.9864871818181818, ""14"": 0.9759244545454546, ""15"": 0.9902018181818182, ""16"": 0.9404753636363635, ""17"": 0.9878069090909092, ""18"": 0.9326662727272728, ""19"": 0.9066114545454546, ""20"": 0.9873104545454546, ""21"": 0.9855042727272727}",0.002442244224422442,70.0,100.001,5033,,
rq2_e_r1_s120_n_qwen3_5_4b_json,dp_r1_s120_u5,RQ2,E,N,Qwen3.5-4B-JSON,1.2584841558441557,0.1191738181818181,16.048,165.504,512.969,35.573,0.20187878787878788,0.8750202727272728,"{""1"": 0.6497450909090909, ""2"": 0.9606416363636363, ""3"": 0.9820910909090909, ""4"": 0.19800472727272725, ""5"": 0.9440069999999999, ""6"": 0.9318740909090909, ""7"": 0.9905933636363637, ""8"": 0.3384575454545454, ""9"": 0.9803425454545455, ""10"": 0.9527233636363636, ""11"": 0.9231405454545455, ""12"": 0.9834830909090909, ""13"": 0.9841278181818183, ""14"": 0.9758550909090908, ""15"": 0.9860894545454545, ""16"": 0.9398900909090908, ""17"": 0.989065090909091, ""18"": 0.9044898181818182, ""19"": 0.7933087272727273, ""20"": 0.9843743636363635, ""21"": 0.9831211818181818}",0.0023102310231023103,65.786,124.00019999999992,5193,,
rq2_e_r1_s120_n_qwen3_8_flash,dp_r1_s120_u5,RQ2,E,N,Qwen3.8-Flash,1.3262778701298705,0.117690909090909,16.383,169.644,521.583,31.499999999999996,0.19125541125541126,0.8753196406926407,"{""1"": 0.9705220909090909, ""2"": 0.5249202727272727, ""3"": 0.9822559090909092, ""4"": 0.19075663636363638, ""5"": 0.9529612727272727, ""6"": 0.9329515454545454, ""7"": 0.9795256363636364, ""8"": 0.3528113636363636, ""9"": 0.9809192727272726, ""10"": 0.922244, ""11"": 0.9500780909090909, ""12"": 0.9858250000000001, ""13"": 0.9833192727272727, ""14"": 0.9782603636363636, ""15"": 0.9883081818181817, ""16"": 0.9327724545454545, ""17"": 0.9889306363636363, ""18"": 0.9335655454545455, ""19"": 0.8836606363636363, ""20"": 0.9839276363636364, ""21"": 0.9831966363636364}",0.002376237623762376,69.9285,111.75099999999983,5156,,
rq2_e_r1_s120_n_semif_qwen3_5_4b,dp_r1_s120_u5,RQ2,E,N,SemIf-Qwen3.5-4B,1.0735244155844157,0.13235272727272732,13.594,189.485,564.3,43.379999999999995,0.1853073593073593,0.857360212121212,"{""1"": 0.6119272727272728, ""2"": 0.5302284545454545, ""3"": 0.9823233636363635, ""4"": 0.09478163636363636, ""5"": 0.9433340909090909, ""6"": 0.970877, ""7"": 0.99041, ""8"": 0.3502980909090909, ""9"": 0.9864475454545455, ""10"": 0.9475114545454546, ""11"": 0.9248701818181818, ""12"": 0.9827528181818181, ""13"": 0.9870439090909091, ""14"": 0.9837989999999999, ""15"": 0.9895790909090909, ""16"": 0.9447168181818182, ""17"": 0.988983909090909, ""18"": 0.9326734545454546, ""19"": 0.8841368181818181, ""20"": 0.9880077272727273, ""21"": 0.9898618181818182}",0.002442244224422442,65.001,90.0,5024,,
rq2_e_r1_s3_a_anyjev_l0,dp_r1_s3_u5,RQ2,E,A,AnyJev-L0,1.7030054025974022,0.19966545454545467,22.578,124.348,256.829,41.482,0.07998268398268399,0.8298196623376622,"{""1"": 0.5630707272727272, ""2"": 0.479874, ""3"": 0.9974389090909092, ""4"": 0.21394627272727273, ""5"": 0.9931696363636363, ""6"": 0.9657983636363637, ""7"": 0.9961376363636363, ""8"": 0.9898138181818182, ""9"": 0.9549757272727274, ""10"": 0.8600494545454546, ""11"": 0.9996222727272727, ""12"": 0.9964065454545454, ""13"": 0.43487545454545457, ""14"": 0.8913613636363635, ""15"": 0.9960488181818182, ""16"": 0.1489339090909091, ""17"": 0.9918108181818182, ""18"": 0.997152909090909, ""19"": 0.9744037272727273, ""20"": 0.9994230909090909, ""21"": 0.9818994545454546}",0.00021687883074021687,70.0,84.5009,5,,
rq2_e_r1_s3_a_deepseek_v4_1_flash,dp_r1_s3_u5,RQ2,E,A,DeepSeek-V4.1-Flash,1.7038386839826836,0.19818909090909115,22.382,123.652,259.876,41.367,0.07487445887445887,0.8326372683982685,"{""1"": 0.5643662727272728, ""2"": 0.479652, ""3"": 0.997373090909091, ""4"": 0.21406627272727274, ""5"": 0.9932958181818181, ""6"": 0.9658109090909092, ""7"": 0.996363, ""8"": 0.9909172727272727, ""9"": 0.9546853636363637, ""10"": 0.863162, ""11"": 0.9996276363636364, ""12"": 0.9965272727272728, ""13"": 0.4811763636363636, ""14"": 0.8997143636363636, ""15"": 0.9939066363636363, ""16"": 0.14908763636363637, ""17"": 0.9914828181818183, ""18"": 0.997125090909091, ""19"": 0.975261, ""20"": 0.9994708181818182, ""21"": 0.9823109999999999}",0.0002923149457802923,65.001,80.0005,5,,
rq2_e_r1_s3_a_glm_5_3_flash,dp_r1_s3_u5,RQ2,E,A,GLM-5.3-Flash,1.7038386839826836,0.19818909090909115,22.382,123.652,259.876,41.367,0.07487445887445887,0.8326372683982685,"{""1"": 0.5643662727272728, ""2"": 0.479652, ""3"": 0.997373090909091, ""4"": 0.21406627272727274, ""5"": 0.9932958181818181, ""6"": 0.9658109090909092, ""7"": 0.996363, ""8"": 0.9909172727272727, ""9"": 0.9546853636363637, ""10"": 0.863162, ""11"": 0.9996276363636364, ""12"": 0.9965272727272728, ""13"": 0.4811763636363636, ""14"": 0.8997143636363636, ""15"": 0.9939066363636363, ""16"": 0.14908763636363637, ""17"": 0.9914828181818183, ""18"": 0.997125090909091, ""19"": 0.975261, ""20"": 0.9994708181818182, ""21"": 0.9823109999999999}",0.0002923149457802923,65.001,80.0005,5,,
rq2_e_r1_s3_a_jev_1_13_0,dp_r1_s3_u5,RQ2,E,A,Jev-1.13.0,1.7021758614718612,0.19806545454545468,22.121,124.104,259.148,41.422000000000004,0.0752900432900433,0.8321191212121212,"{""1"": 0.5644718181818181, ""2"": 0.4688796363636364, ""3"": 0.9974092727272728, ""4"": 0.2141490909090909, ""5"": 0.9933670909090909, ""6"": 0.9658156363636364, ""7"": 0.9964893636363638, ""8"": 0.9910558181818181, ""9"": 0.9547920909090908, ""10"": 0.8632296363636364, ""11"": 0.9996428181818181, ""12"": 0.9965322727272727, ""13"": 0.4791575454545455, ""14"": 0.9001488181818181, ""15"": 0.9935591818181818, ""16"": 0.149191, ""17"": 0.9917685454545455, ""18"": 0.9973743636363636, ""19"": 0.975643090909091, ""20"": 0.9994611818181819, ""21"": 0.9823632727272728}",0.0002923149457802923,65.001,85.0005,5,,
rq2_e_r1_s3_a_qwen3_5_4b_json,dp_r1_s3_u5,RQ2,E,A,Qwen3.5-4B-JSON,1.695269748917749,0.19769818181818194,22.086,123.815,260.384,41.564,0.07550649350649351,0.8318445108225109,"{""1"": 0.5639269090909091, ""2"": 0.46555963636363634, ""3"": 0.9973336363636364, ""4"": 0.21404772727272728, ""5"": 0.993347090909091, ""6"": 0.9655893636363637, ""7"": 0.9965623636363635, ""8"": 0.9908098181818181, ""9"": 0.9549243636363636, ""10"": 0.8625651818181818, ""11"": 0.9996285454545455, ""12"": 0.9965239090909092, ""13"": 0.48020254545454544, ""14"": 0.8989739999999999, ""15"": 0.9939755454545455, ""16"": 0.14908590909090907, ""17"": 0.9915803636363636, ""18"": 0.9971787272727273, ""19"": 0.9753954545454545, ""20"": 0.9994028181818182, ""21"": 0.9821208181818183}",0.0002923149457802923,65.001,87.5005,5,,
rq2_e_r1_s3_a_qwen3_8_flash,dp_r1_s3_u5,RQ2,E,A,Qwen3.8-Flash,1.7038386839826836,0.19818909090909115,22.382,123.652,259.876,41.367,0.07487445887445887,0.8326372683982685,"{""1"": 0.5643662727272728, ""2"": 0.479652, ""3"": 0.997373090909091, ""4"": 0.21406627272727274, ""5"": 0.9932958181818181, ""6"": 0.9658109090909092, ""7"": 0.996363, ""8"": 0.9909172727272727, ""9"": 0.9546853636363637, ""10"": 0.863162, ""11"": 0.9996276363636364, ""12"": 0.9965272727272728, ""13"": 0.4811763636363636, ""14"": 0.8997143636363636, ""15"": 0.9939066363636363, ""16"": 0.14908763636363637, ""17"": 0.9914828181818183, ""18"": 0.997125090909091, ""19"": 0.975261, ""20"": 0.9994708181818182, ""21"": 0.9823109999999999}",0.0002923149457802923,65.001,80.0005,5,,
rq2_e_r1_s3_a_semif_qwen3_5_4b,dp_r1_s3_u5,RQ2,E,A,SemIf-Qwen3.5-4B,1.7008474458874456,0.1987018181818183,22.239,123.362,259.667,41.394000000000005,0.07475324675324675,0.8331591471861473,"{""1"": 0.5647304545454546, ""2"": 0.4796314545454546, ""3"": 0.9973971818181818, ""4"": 0.2139449090909091, ""5"": 0.9933304545454544, ""6"": 0.9657864545454545, ""7"": 0.996343, ""8"": 0.990766909090909, ""9"": 0.9543928181818182, ""10"": 0.8630874545454545, ""11"": 0.9996356363636365, ""12"": 0.9965515454545454, ""13"": 0.489881, ""14"": 0.9006687272727273, ""15"": 0.9955925454545456, ""16"": 0.1490690909090909, ""17"": 0.9914598181818183, ""18"": 0.9971192727272729, ""19"": 0.9751282727272728, ""20"": 0.9994789999999999, ""21"": 0.9823460909090909}",0.000264026402640264,65.0,80.00065000000001,5,,
rq2_e_r1_s3_n_anyjev_l0,dp_r1_s3_u5,RQ2,E,N,AnyJev-L0,1.7027867878787877,0.19853818181818184,22.418,123.086,260.66,41.47,0.07591341991341992,0.8316136666666666,"{""1"": 0.5641113636363637, ""2"": 0.4644750909090909, ""3"": 0.9974152727272727, ""4"": 0.21394190909090907, ""5"": 0.9933043636363637, ""6"": 0.9661479090909091, ""7"": 0.9966011818181817, ""8"": 0.9909253636363636, ""9"": 0.9547740909090909, ""10"": 0.8652009090909091, ""11"": 0.9996213636363636, ""12"": 0.9967221818181817, ""13"": 0.47373963636363636, ""14"": 0.898679, ""15"": 0.9939219090909092, ""16"": 0.1489890909090909, ""17"": 0.9917250909090909, ""18"": 0.9972200909090909, ""19"": 0.9751904545454545, ""20"": 0.9994179999999999, ""21"": 0.9817627272727274}",0.00027345591702027344,65.001,85.001,5,,
rq2_e_r1_s3_n_deepseek_v4_1_flash,dp_r1_s3_u5,RQ2,E,N,DeepSeek-V4.1-Flash,1.7109845194805193,0.19834909090909095,22.643,123.926,256.455,41.236000000000004,0.07747186147186147,0.8300390303030302,"{""1"": 0.5641462727272727, ""2"": 0.4808053636363636, ""3"": 0.9974333636363636, ""4"": 0.21385981818181818, ""5"": 0.9931925454545455, ""6"": 0.9654330909090909, ""7"": 0.9963288181818183, ""8"": 0.9912619090909089, ""9"": 0.9547647272727272, ""10"": 0.8619138181818181, ""11"": 0.9995910909090908, ""12"": 0.9965878181818182, ""13"": 0.43456809090909093, ""14"": 0.8906949090909091, ""15"": 0.9960359999999999, ""16"": 0.149408, ""17"": 0.9917545454545456, ""18"": 0.9971300000000001, ""19"": 0.9750132727272727, ""20"": 0.9994051818181819, ""21"": 0.9814910000000001}",0.00023573785950023574,70.0,149.99999999999977,5,,
rq2_e_r1_s3_n_glm_5_3_flash,dp_r1_s3_u5,RQ2,E,N,GLM-5.3-Flash,1.7039909956709953,0.19700363636363652,22.41,123.696,260.308,41.451,0.07584415584415584,0.832596696969697,"{""1"": 0.5636203636363636, ""2"": 0.48123172727272734, ""3"": 0.9974295454545453, ""4"": 0.2140291818181818, ""5"": 0.9933479090909092, ""6"": 0.9649396363636364, ""7"": 0.9965260909090908, ""8"": 0.9910273636363637, ""9"": 0.9548703636363637, ""10"": 0.862269, ""11"": 0.9996230909090909, ""12"": 0.9966301818181819, ""13"": 0.48064954545454547, ""14"": 0.8993810000000001, ""15"": 0.9939953636363636, ""16"": 0.14909745454545456, ""17"": 0.9921666363636363, ""18"": 0.9974057272727271, ""19"": 0.975043, ""20"": 0.9995173636363637, ""21"": 0.9817300909090909}",0.0002923149457802923,65.001,82.5005,5,,
rq2_e_r1_s3_n_jev_1_13_0,dp_r1_s3_u5,RQ2,E,N,Jev-1.13.0,1.7110390476190478,0.19836727272727256,22.524,122.609,257.177,40.816,0.07815584415584416,0.8295237272727273,"{""1"": 0.563554, ""2"": 0.46946154545454544, ""3"": 0.9973729090909091, ""4"": 0.21426827272727272, ""5"": 0.9933652727272728, ""6"": 0.9658846363636363, ""7"": 0.9966950909090908, ""8"": 0.9909815454545454, ""9"": 0.9549978181818181, ""10"": 0.8627256363636363, ""11"": 0.9996277272727273, ""12"": 0.9964162727272727, ""13"": 0.4331259090909091, ""14"": 0.8914885454545454, ""15"": 0.9958454545454546, ""16"": 0.14955954545454545, ""17"": 0.9918158181818182, ""18"": 0.9971247272727272, ""19"": 0.9743855454545455, ""20"": 0.999381909090909, ""21"": 0.9819200909090909}",0.00023573785950023574,65.001,87.99999999999997,5,,
rq2_e_r1_s3_n_qwen3_5_4b_json,dp_r1_s3_u5,RQ2,E,N,Qwen3.5-4B-JSON,1.6965679134199132,0.19885818181818174,22.162,123.856,260.925,41.508,0.07522943722943723,0.8325294415584414,"{""1"": 0.5641734545454545, ""2"": 0.4815033636363636, ""3"": 0.9974294545454545, ""4"": 0.2142739090909091, ""5"": 0.9933554545454546, ""6"": 0.9650356363636363, ""7"": 0.9964583636363636, ""8"": 0.9912795454545454, ""9"": 0.954623, ""10"": 0.8611280909090909, ""11"": 0.9996160000000001, ""12"": 0.9966320000000001, ""13"": 0.47963590909090914, ""14"": 0.9002343636363637, ""15"": 0.9937729090909091, ""16"": 0.14900336363636363, ""17"": 0.992, ""18"": 0.997017090909091, ""19"": 0.9749006363636363, ""20"": 0.9994723636363636, ""21"": 0.9815733636363637}",0.0002923149457802923,65.0,95.0005,5,,
rq2_e_r1_s3_n_qwen3_8_flash,dp_r1_s3_u5,RQ2,E,N,Qwen3.8-Flash,1.7305799826839825,0.1826036363636368,22.577,125.029,260.051,39.875,0.08043290043290044,0.8257150779220779,"{""1"": 0.5680177272727273, ""2"": 0.45225618181818183, ""3"": 0.9974243636363636, ""4"": 0.2143408181818182, ""5"": 0.9933045454545455, ""6"": 0.966628, ""7"": 0.9965603636363637, ""8"": 0.9903188181818181, ""9"": 0.9552235454545454, ""10"": 0.8243682727272728, ""11"": 0.9996098181818182, ""12"": 0.996071, ""13"": 0.4330215454545454, ""14"": 0.8939139090909091, ""15"": 0.9960535454545454, ""16"": 0.1461141818181818, ""17"": 0.9636953636363637, ""18"": 0.995475, ""19"": 0.9759376363636364, ""20"": 0.9994658181818181, ""21"": 0.9822161818181817}",0.00020744931636020744,67.5005,84.75095,5,,
rq2_e_r1_s3_n_semif_qwen3_5_4b,dp_r1_s3_u5,RQ2,E,N,SemIf-Qwen3.5-4B,1.7027108225108223,0.19765090909090904,22.254,123.652,256.676,41.550000000000004,0.07595670995670996,0.8323297272727274,"{""1"": 0.5638600909090908, ""2"": 0.4801645454545455, ""3"": 0.9974516363636363, ""4"": 0.213808, ""5"": 0.9933535454545454, ""6"": 0.964997181818182, ""7"": 0.9967711818181818, ""8"": 0.9911583636363637, ""9"": 0.9549385454545454, ""10"": 0.8631068181818182, ""11"": 0.9996187272727273, ""12"": 0.9965505454545455, ""13"": 0.4739835454545454, ""14"": 0.9017094545454546, ""15"": 0.9938127272727272, ""16"": 0.14847227272727273, ""17"": 0.9916182727272727, ""18"": 0.9969844545454546, ""19"": 0.9752748181818183, ""20"": 0.9994844545454545, ""21"": 0.9818050909090908}",0.00027345591702027344,70.0,95.99999999999997,5,,
rq2_e_r1_s60_a_anyjev_l0,dp_r1_s60_u5,RQ2,E,A,AnyJev-L0,1.2670372640692638,0.09656,15.695,178.571,564.208,31.363999999999997,0.16303030303030303,0.8665417272727272,"{""1"": 0.7333675454545454, ""2"": 0.4931494545454545, ""3"": 0.9952716363636364, ""4"": 0.26419545454545457, ""5"": 0.9206643636363637, ""6"": 0.9943556363636362, ""7"": 0.9934662727272726, ""8"": 0.3091529090909091, ""9"": 0.9542293636363636, ""10"": 0.8893174545454545, ""11"": 0.9886204545454547, ""12"": 0.9880291818181819, ""13"": 0.9854192727272727, ""14"": 0.9912566363636364, ""15"": 0.9943131818181818, ""16"": 0.8073296363636363, ""17"": 0.9906584545454546, ""18"": 0.983183090909091, ""19"": 0.9448473636363637, ""20"": 0.9887255454545454, ""21"": 0.9878233636363637}",0.0011975483262611976,70.0,90.0,3421,,
rq2_e_r1_s60_a_deepseek_v4_1_flash,dp_r1_s60_u5,RQ2,E,A,DeepSeek-V4.1-Flash,1.2822733679653682,0.0925163636363637,15.887,178.272,562.605,31.308,0.16026839826839828,0.8681199696969697,"{""1"": 0.7455069090909091, ""2"": 0.49508481818181815, ""3"": 0.9681770909090909, ""4"": 0.264289, ""5"": 0.9274200909090909, ""6"": 0.9943223636363636, ""7"": 0.9934200909090908, ""8"": 0.3166171818181818, ""9"": 0.9742339090909091, ""10"": 0.8866989090909091, ""11"": 0.9889415454545455, ""12"": 0.9918936363636365, ""13"": 0.9863906363636364, ""14"": 0.9892848181818181, ""15"": 0.9947428181818182, ""16"": 0.8061167272727272, ""17"": 0.9898312727272727, ""18"": 0.9847363636363636, ""19"": 0.9557057272727273, ""20"": 0.9888697272727272, ""21"": 0.9882357272727271}",0.0012446958981612447,65.001,100.00045,3257,,
rq2_e_r1_s60_a_glm_5_3_flash,dp_r1_s60_u5,RQ2,E,A,GLM-5.3-Flash,1.2849791861471858,0.09215999999999999,15.955,179.952,567.436,31.215,0.1626926406926407,0.8673245930735931,"{""1"": 0.7435571818181819, ""2"": 0.4957343636363637, ""3"": 0.9687624545454545, ""4"": 0.2645138181818182, ""5"": 0.9158561818181817, ""6"": 0.9943611818181818, ""7"": 0.9934229090909091, ""8"": 0.3133447272727273, ""9"": 0.9753847272727272, ""10"": 0.8874421818181819, ""11"": 0.9888304545454546, ""12"": 0.9890440909090908, ""13"": 0.9855702727272726, ""14"": 0.989878090909091, ""15"": 0.9946613636363637, ""16"": 0.804559, ""17"": 0.9911336363636364, ""18"": 0.9846678181818183, ""19"": 0.9554244545454544, ""20"": 0.9893714545454546, ""21"": 0.988296090909091}",0.0012352663837812354,65.001,92.5,3260,,
rq2_e_r1_s60_a_jev_1_13_0,dp_r1_s60_u5,RQ2,E,A,Jev-1.13.0,1.2822733679653682,0.0925163636363637,15.887,178.272,562.605,31.308,0.16026839826839828,0.8681199696969697,"{""1"": 0.7455069090909091, ""2"": 0.49508481818181815, ""3"": 0.9681770909090909, ""4"": 0.264289, ""5"": 0.9274200909090909, ""6"": 0.9943223636363636, ""7"": 0.9934200909090908, ""8"": 0.3166171818181818, ""9"": 0.9742339090909091, ""10"": 0.8866989090909091, ""11"": 0.9889415454545455, ""12"": 0.9918936363636365, ""13"": 0.9863906363636364, ""14"": 0.9892848181818181, ""15"": 0.9947428181818182, ""16"": 0.8061167272727272, ""17"": 0.9898312727272727, ""18"": 0.9847363636363636, ""19"": 0.9557057272727273, ""20"": 0.9888697272727272, ""21"": 0.9882357272727271}",0.0012446958981612447,65.001,100.00045,3257,,
rq2_e_r1_s60_a_qwen3_5_4b_json,dp_r1_s60_u5,RQ2,E,A,Qwen3.5-4B-JSON,1.2388698008658006,0.0964272727272728,15.561,184.227,577.445,33.933,0.15997402597402596,0.8692800303030302,"{""1"": 0.7385689999999999, ""2"": 0.4944714545454545, ""3"": 0.9956767272727273, ""4"": 0.2637057272727273, ""5"": 0.9163531818181818, ""6"": 0.9942904545454545, ""7"": 0.9953469090909091, ""8"": 0.311384, ""9"": 0.9746998181818181, ""10"": 0.8881308181818182, ""11"": 0.988774909090909, ""12"": 0.9919619090909092, ""13"": 0.9856900909090909, ""14"": 0.9919079090909091, ""15"": 0.9945281818181818, ""16"": 0.8075200909090909, ""17"": 0.990704, ""18"": 0.9849095454545455, ""19"": 0.9691073636363636, ""20"": 0.9891829090909091, ""21"": 0.9879656363636362}",0.0012258368694012258,65.001,89.93565,3268,,
rq2_e_r1_s60_a_qwen3_8_flash,dp_r1_s60_u5,RQ2,E,A,Qwen3.8-Flash,1.2408159480519478,0.0966490909090909,15.695,182.966,571.343,34.382999999999996,0.1627012987012987,0.8667621818181818,"{""1"": 0.6826460000000001, ""2"": 0.4951064545454546, ""3"": 0.9956459999999999, ""4"": 0.26347254545454546, ""5"": 0.9334485454545455, ""6"": 0.9943405454545454, ""7"": 0.9954075454545455, ""8"": 0.3073063636363636, ""9"": 0.9733727272727273, ""10"": 0.8856250909090909, ""11"": 0.9889712727272728, ""12"": 0.9886593636363636, ""13"": 0.9860093636363637, ""14"": 0.9915655454545454, ""15"": 0.9945632727272729, ""16"": 0.8080867272727272, ""17"": 0.9896245454545455, ""18"": 0.9848461818181817, ""19"": 0.9666682727272727, ""20"": 0.9886064545454546, ""21"": 0.9880329999999999}",0.001206977840641207,65.001,88.15739999999995,3261,,
rq2_e_r1_s60_a_semif_qwen3_5_4b,dp_r1_s60_u5,RQ2,E,A,SemIf-Qwen3.5-4B,1.2687368831168833,0.09175090909090912,15.482,184.728,588.7,29.017,0.15316883116883118,0.8675741991341991,"{""1"": 0.7344387272727273, ""2"": 0.49777327272727273, ""3"": 0.9958003636363636, ""4"": 0.26291945454545457, ""5"": 0.9131635454545455, ""6"": 0.9938055454545454, ""7"": 0.9932462727272726, ""8"": 0.3148410909090909, ""9"": 0.9752586363636363, ""10"": 0.888685, ""11"": 0.9889046363636365, ""12"": 0.981109, ""13"": 0.9769170909090908, ""14"": 0.992130090909091, ""15"": 0.9987004545454545, ""16"": 0.8073288181818181, ""17"": 0.9905955454545454, ""18"": 0.9843088181818183, ""19"": 0.9518236363636364, ""20"": 0.9887550909090909, ""21"": 0.9885530909090909}",0.001272984441301273,65.001,91.5007,3049,,
rq2_e_r1_s60_n_anyjev_l0,dp_r1_s60_u5,RQ2,E,N,AnyJev-L0,1.237283722943723,0.09748545454545451,15.561,184.352,567.87,33.81399999999999,0.15833766233766233,0.8689510779220779,"{""1"": 0.7454972727272727, ""2"": 0.4793296363636364, ""3"": 0.9956261818181817, ""4"": 0.2630667272727273, ""5"": 0.9218121818181818, ""6"": 0.9939312727272727, ""7"": 0.9955676363636363, ""8"": 0.3091274545454546, ""9"": 0.9642074545454544, ""10"": 0.891835909090909, ""11"": 0.9888115454545455, ""12"": 0.9919338181818181, ""13"": 0.9864040909090909, ""14"": 0.9917684545454546, ""15"": 0.9945387272727273, ""16"": 0.8094455454545454, ""17"": 0.9897121818181818, ""18"": 0.9844658181818181, ""19"": 0.9701900909090909, ""20"": 0.9925622727272728, ""21"": 0.9881383636363635}",0.0012635549269212636,70.0,91.75064999999998,3227,,
rq2_e_r1_s60_n_deepseek_v4_1_flash,dp_r1_s60_u5,RQ2,E,N,DeepSeek-V4.1-Flash,1.2014121558441557,0.09690363636363641,14.775,188.03,565.026,36.739,0.15748917748917748,0.8585753246753247,"{""1"": 0.7451573636363636, ""2"": 0.48947190909090904, ""3"": 0.997138, ""4"": 0.26275645454545454, ""5"": 0.9130764545454545, ""6"": 0.9943481818181817, ""7"": 0.9972872727272728, ""8"": 0.3105253636363636, ""9"": 0.9702264545454545, ""10"": 0.6905831818181818, ""11"": 0.9889841818181817, ""12"": 0.9873612727272726, ""13"": 0.9767517272727272, ""14"": 0.9913624545454545, ""15"": 0.9987725454545454, ""16"": 0.805868, ""17"": 0.9905339999999999, ""18"": 0.9847995454545455, ""19"": 0.9540844545454545, ""20"": 0.9928090909090909, ""21"": 0.988183909090909}",0.0012446958981612447,65.001,85.001,3080,,
rq2_e_r1_s60_n_glm_5_3_flash,dp_r1_s60_u5,RQ2,E,N,GLM-5.3-Flash,1.2826641731601731,0.09681636363636367,15.666,191.808,559.208,30.292,0.1680865800865801,0.8681342207792208,"{""1"": 0.702987090909091, ""2"": 0.4870486363636364, ""3"": 0.9959079090909092, ""4"": 0.2671429090909091, ""5"": 0.9654363636363636, ""6"": 0.9934597272727271, ""7"": 0.9933585454545455, ""8"": 0.31516136363636366, ""9"": 0.9713413636363637, ""10"": 0.891764, ""11"": 0.9888670909090909, ""12"": 0.9758069090909091, ""13"": 0.9852972727272727, ""14"": 0.9920785454545454, ""15"": 0.9941532727272728, ""16"": 0.807921, ""17"": 0.9899688181818181, ""18"": 0.9836773636363637, ""19"": 0.9530454545454544, ""20"": 0.9879818181818182, ""21"": 0.9884131818181818}",0.0011975483262611976,65.001,105.00070000000001,3372,,
rq2_e_r1_s60_n_jev_1_13_0,dp_r1_s60_u5,RQ2,E,N,Jev-1.13.0,1.2823322943722943,0.09966363636363638,15.512,178.871,554.642,30.241999999999997,0.1400952380952381,0.873913329004329,"{""1"": 0.7576919999999999, ""2"": 0.5859077272727273, ""3"": 0.9970569090909092, ""4"": 0.2663832727272727, ""5"": 0.915389, ""6"": 0.9946779090909091, ""7"": 0.9933326363636363, ""8"": 0.31720454545454546, ""9"": 0.9783448181818182, ""10"": 0.8941809090909091, ""11"": 0.988456, ""12"": 0.9888834545454546, ""13"": 0.9864287272727272, ""14"": 0.9862479999999999, ""15"": 0.9943878181818183, ""16"": 0.8076923636363637, ""17"": 0.990507, ""18"": 0.9863518181818183, ""19"": 0.9460262727272727, ""20"": 0.9888828181818181, ""21"": 0.988145909090909}",0.0012918434700612917,65.001,86.00079999999994,3249,,
rq2_e_r1_s60_n_qwen3_5_4b_json,dp_r1_s60_u5,RQ2,E,N,Qwen3.5-4B-JSON,1.2988986493506496,0.09720181818181824,15.795,180.199,549.671,30.685000000000002,0.16496969696969696,0.8709773722943723,"{""1"": 0.7332588181818182, ""2"": 0.4947985454545455, ""3"": 0.9958399090909091, ""4"": 0.26593799999999995, ""5"": 0.9618901818181818, ""6"": 0.9937162727272727, ""7"": 0.9931807272727273, ""8"": 0.3162033636363636, ""9"": 0.9749030909090909, ""10"": 0.8893653636363636, ""11"": 0.9888488181818181, ""12"": 0.9873228181818182, ""13"": 0.9772713636363636, ""14"": 0.992225909090909, ""15"": 0.9988231818181819, ""16"": 0.807369, ""17"": 0.9910597272727273, ""18"": 0.9840885454545454, ""19"": 0.9681316363636363, ""20"": 0.9883344545454544, ""21"": 0.987955090909091}",0.0012352663837812354,65.001,125.0,3060,,
rq2_e_r1_s60_n_qwen3_8_flash,dp_r1_s60_u5,RQ2,E,N,Qwen3.8-Flash,1.2735700432900434,0.0966254545454545,15.718,181.006,571.168,30.915999999999997,0.156025974025974,0.8680628181818182,"{""1"": 0.751423, ""2"": 0.49517936363636367, ""3"": 0.995723, ""4"": 0.26247045454545453, ""5"": 0.9196058181818182, ""6"": 0.9942710909090909, ""7"": 0.9935444545454545, ""8"": 0.313972, ""9"": 0.9453803636363637, ""10"": 0.8930194545454546, ""11"": 0.9889713636363636, ""12"": 0.9917078181818182, ""13"": 0.9855551818181818, ""14"": 0.984508090909091, ""15"": 0.9945805454545456, ""16"": 0.8092098181818183, ""17"": 0.9896195454545454, ""18"": 0.984247090909091, ""19"": 0.9556199090909091, ""20"": 0.9924108181818182, ""21"": 0.9882999999999998}",0.0012635549269212636,70.0,85.00035,3270,,
rq2_e_r1_s60_n_semif_qwen3_5_4b,dp_r1_s60_u5,RQ2,E,N,SemIf-Qwen3.5-4B,1.301594077922078,0.09218909090909101,15.745,182.209,553.165,30.736,0.16086580086580088,0.8704800173160173,"{""1"": 0.7436027272727272, ""2"": 0.496487, ""3"": 0.9957223636363636, ""4"": 0.2659492727272727, ""5"": 0.9661139090909091, ""6"": 0.9932728181818181, ""7"": 0.993295090909091, ""8"": 0.3148587272727273, ""9"": 0.9681204545454545, ""10"": 0.8915453636363636, ""11"": 0.9886265454545454, ""12"": 0.9883922727272728, ""13"": 0.9766369090909092, ""14"": 0.9903976363636364, ""15"": 0.998707, ""16"": 0.8069775454545455, ""17"": 0.9909155454545455, ""18"": 0.9846014545454546, ""19"": 0.9496320909090908, ""20"": 0.9882133636363636, ""21"": 0.9880122727272727}",0.0012352663837812354,65.001,102.5005,3071,,
rq3_e_r0p1_s30_n_anyjev_l0,dp_rq3_anyjev_l0_r0p1_u5,RQ3,E,N,AnyJev-L0,1.3230309864448984,0.19824839664528193,16.048,178.924,580.315,29.070999999999998,0.11415885545140601,0.8861358663988538,"{""1"": 0.8791290700542674, ""2"": 0.43382816970892946, ""3"": 0.9866585347804637, ""4"": 0.3389593734583128, ""5"": 0.9793474346324618, ""6"": 0.9329322027627035, ""7"": 0.9956867908238777, ""8"": 0.8622456956092748, ""9"": 0.9855860754810064, ""10"": 0.9179701159348792, ""11"": 0.9923534040453873, ""12"": 0.9940878761716823, ""13"": 0.9549656635421806, ""14"": 0.5930413542180561, ""15"": 0.9922137641835225, ""16"": 0.95441311050814, ""17"": 0.9932442525900346, ""18"": 0.9565994326591021, ""19"": 0.8928550320670943, ""20"": 0.9868191292550568, ""21"": 0.9859167118894918}",0.006483591363711198,65.001,100.00045,3556,,
rq3_e_r0p1_s30_n_deepseek_v4_1_flash,dp_rq3_deepseek_v4_1_flash_r0p1_u5,RQ3,E,N,DeepSeek-V4.1-Flash,1.3951093640613617,0.2177666502219889,16.048,155.869,552.723,25.309000000000005,0.10053915004581014,0.8556125678342377,"{""1"": 0.760314183522447, ""2"": 0.4213799087321164, ""3"": 0.9857370374938332, ""4"": 0.2874870621608288, ""5"": 0.9794194869264924, ""6"": 0.843274099654662, ""7"": 0.9897713862851504, ""8"": 0.7006300197335964, ""9"": 0.9851089047853971, ""10"": 0.9216651085347805, ""11"": 0.8817952269363591, ""12"": 0.9549107918105575, ""13"": 0.9568828687715836, ""14"": 0.6318351751356684, ""15"": 0.9921632955106068, ""16"": 0.8467598791317217, ""17"": 0.9888009126788357, ""18"": 0.9285684879131723, ""19"": 0.946740749876665, ""20"": 0.978917994573261, ""21"": 0.985701344351258}",0.006589302092467358,65.001,95.0,3688,,
rq3_e_r0p1_s30_n_glm_5_3_flash,dp_rq3_glm_5_3_flash_r0p1_u5,RQ3,E,N,GLM-5.3-Flash,1.436663006554373,0.22230685742475498,16.098,149.042,552.989,25.641,0.08927925388211526,0.854674016844034,"{""1"": 0.7701460039467193, ""2"": 0.4276783670448939, ""3"": 0.9861293413912186, ""4"": 0.2973311174148988, ""5"": 0.9797398125308338, ""6"": 0.8451117538233843, ""7"": 0.9903813887518501, ""8"": 0.5783828317710903, ""9"": 0.9948076591021213, ""10"": 0.9259022323630982, ""11"": 0.893630883078441, ""12"": 0.9581437345831277, ""13"": 0.9579474469659596, ""14"": 0.6384215589541195, ""15"": 0.9926361618154909, ""16"": 0.846784866798224, ""17"": 0.9903045140601875, ""18"": 0.9295366304884065, ""19"": 0.9684660582141095, ""20"": 0.990524494326591, ""21"": 0.9861474962999507}",0.006788977913451218,65.001,90.0,3396,,
rq3_e_r0p1_s30_n_jev_1_13_0,dp_rq3_jev_1_13_0_r0p1_u5,RQ3,E,N,Jev-1.13.0,1.3003200413465827,0.19322545633941016,15.511,182.482,594.449,24.361,0.1097634317663918,0.8560126653276012,"{""1"": 0.9120803527380366, ""2"": 0.42282359398125313, ""3"": 0.9956765416872224, ""4"": 0.31157947705969413, ""5"": 0.978543327577701, ""6"": 0.8429793907252097, ""7"": 0.9907149235323137, ""8"": 0.5760660705476073, ""9"": 0.9795807597434633, ""10"": 0.9252912678835717, ""11"": 0.9114431425752343, ""12"": 0.9884043043907252, ""13"": 0.940547644301924, ""14"": 0.6318761963492846, ""15"": 0.9971948815984213, ""16"": 0.8322719536260483, ""17"": 0.9798337321164282, ""18"": 0.8101837074494327, ""19"": 0.9694322890971879, ""20"": 0.9931191292550567, ""21"": 0.9866232856438085}",0.00634264372536965,65.001,95.0,3150,,
rq3_e_r0p1_s30_n_qwen3_5_4b_json,dp_rq3_qwen3_5_4b_json_r0p1_u5,RQ3,E,N,Qwen3.5-4B-JSON,1.354094408814339,0.22854884065119177,15.818,157.954,567.722,27.11,0.10625484530269927,0.8640280933587051,"{""1"": 0.6561775407005427, ""2"": 0.43804414158855454, ""3"": 0.9858431795757276, ""4"": 0.28925679575727675, ""5"": 0.9794071410952145, ""6"": 0.8421842624568328, ""7"": 0.9958361618154908, ""8"": 0.7008957079427726, ""9"": 0.9935634681795757, ""10"": 0.9232962012826839, ""11"": 0.873736211149482, ""12"": 0.964767316230883, ""13"": 0.9573904415392206, ""14"": 0.882888172175629, ""15"": 0.9924944745929946, ""16"": 0.8528513320177602, ""17"": 0.9899654785397138, ""18"": 0.9557323877651702, ""19"": 0.9029279353724716, ""20"": 0.9813191909225456, ""21"": 0.9860124198322645}",0.006741995367337369,65.001,100.00035,3243,,
rq3_e_r0p1_s30_n_qwen3_8_flash,dp_rq3_qwen3_8_flash_r0p1_u5,RQ3,E,N,Qwen3.8-Flash,1.443732978598445,0.20871386285149635,16.333,148.876,558.412,25.130000000000003,0.0978105104893462,0.8570975109826862,"{""1"": 0.6303835841144548, ""2"": 0.4214859398125308, ""3"": 0.9863300814010854, ""4"": 0.2805534410458806, ""5"": 0.9795147508633448, ""6"": 0.8447113344844598, ""7"": 0.9902360384805131, ""8"": 0.7018539097187964, ""9"": 0.9935063147508633, ""10"": 0.9242726936359151, ""11"": 0.9918018376911693, ""12"": 0.9591526517020227, ""13"": 0.9552421682289097, ""14"": 0.6349611371484953, ""15"": 0.9919771213616182, ""16"": 0.8519055377405033, ""17"": 0.9789022200296004, ""18"": 0.9555450172668969, ""19"": 0.9685679945732609, ""20"": 0.9714234583127775, ""21"": 0.9867204982733102}",0.006659775911638133,65.001,90.001,3145,,
rq3_e_r0p1_s30_n_semif_qwen3_5_4b,dp_rq3_semif_qwen3_5_4b_r0p1_u5,RQ3,E,N,SemIf-Qwen3.5-4B,1.370749533676322,0.2093569314257456,15.872,167.86,596.176,24.353,0.10045927596494937,0.8581853019945029,"{""1"": 0.6164203256043413, ""2"": 0.42397556734089786, ""3"": 0.9861670202269364, ""4"": 0.3042852984706463, ""5"": 0.9789115318204242, ""6"": 0.8576975703009374, ""7"": 0.9908031203749383, ""8"": 0.6900252343364578, ""9"": 0.9881896891958559, ""10"": 0.9189410088801183, ""11"": 0.9921451899358658, ""12"": 0.9497077577701035, ""13"": 0.9590852121361618, ""14"": 0.653715860878145, ""15"": 0.9923112481499753, ""16"": 0.85998744449926, ""17"": 0.9917218796250618, ""18"": 0.9550758880118402, ""19"": 0.9489462876171681, ""20"": 0.9775547853971386, ""21"": 0.9862234213122841}",0.006518828273296585,65.001,100.0,3618,,
rq3_e_r0p5_s30_n_anyjev_l0,dp_rq3_anyjev_l0_r0p5_u5,RQ3,E,N,AnyJev-L0,1.5178190756137846,0.092966490299824,17.765,149.422,448.555,31.555,0.13707343019512333,0.8613375689370397,"{""1"": 0.5805656084656085, ""2"": 0.42700241034685477, ""3"": 0.9975821869488537, ""4"": 0.2657068195179306, ""5"": 0.9958067019400352, ""6"": 0.9347950029394474, ""7"": 0.9977115226337447, ""8"": 0.6664775426219871, ""9"": 0.9776110523221635, ""10"": 0.6422728982951206, ""11"": 0.9905934156378601, ""12"": 0.9864666666666667, ""13"": 0.9652276895943562, ""14"": 0.9235245737801293, ""15"": 0.9982830687830688, ""16"": 0.8026756025867138, ""17"": 0.9954851851851853, ""18"": 0.9883007642563199, ""19"": 0.9654652557319224, ""20"": 0.9977815402704292, ""21"": 0.9887534391534392}",0.0013507482007731662,65.143,97.99999999999997,9,,
rq3_e_r0p5_s30_n_deepseek_v4_1_flash,dp_rq3_deepseek_v4_1_flash_r0p5_u5,RQ3,E,N,DeepSeek-V4.1-Flash,1.4654171607737745,0.0861046443268667,17.278,166.16,436.997,31.282000000000004,0.14887041236247586,0.8647375689370398,"{""1"": 0.5561295708406819, ""2"": 0.5587278659611993, ""3"": 0.9961121693121693, ""4"": 0.2624098177542622, ""5"": 0.9957918283362727, ""6"": 0.9132774838330393, ""7"": 0.9978218106995885, ""8"": 0.6368268077601411, ""9"": 0.9837749559082892, ""10"": 0.6531340975896531, ""11"": 0.9916887713109935, ""12"": 0.9906155790711346, ""13"": 0.9658688418577307, ""14"": 0.9238546149323926, ""15"": 0.9979849500293945, ""16"": 0.8045786596119929, ""17"": 0.994787948265726, ""18"": 0.98824050558495, ""19"": 0.9612495590828923, ""20"": 0.9978278071722516, ""21"": 0.9887853027630805}",0.0012920200181308547,70.0,105.0,11,,
rq3_e_r0p5_s30_n_glm_5_3_flash,dp_rq3_glm_5_3_flash_r0p5_u5,RQ3,E,N,GLM-5.3-Flash,1.5110063548052965,0.08517577895355694,17.567,140.559,441.339,32.432,0.1432994597015761,0.8668988690126257,"{""1"": 0.586701998824221, ""2"": 0.5553713697824809, ""3"": 0.9974396237507349, ""4"": 0.26524379776602003, ""5"": 0.9958093474426807, ""6"": 0.9247112874779542, ""7"": 0.9978463256907701, ""8"": 0.6685672545561434, ""9"": 0.9708714285714285, ""10"": 0.6380119929453263, ""11"": 0.9892935332157554, ""12"": 0.9850987066431511, ""13"": 0.9667194591416813, ""14"": 0.9237522633744856, ""15"": 0.9982601410934745, ""16"": 0.8050979423868313, ""17"": 0.9953269253380364, ""18"": 0.9885477954144621, ""19"": 0.9658054085831864, ""20"": 0.997579012345679, ""21"": 0.9888206349206349}",0.0013272569277162417,65.144,95.0004,11,,
rq3_e_r0p5_s30_n_jev_1_13_0,dp_rq3_jev_1_13_0_r0p5_u5,RQ3,E,N,Jev-1.13.0,1.4739319056017468,0.08451969429747229,17.254,155.644,448.572,32.076,0.15230256711738194,0.8760614764424287,"{""1"": 0.8274997060552616, ""2"": 0.5573151087595533, ""3"": 0.997135214579659, ""4"": 0.2645885949441505, ""5"": 0.9959198706643151, ""6"": 0.8978654908877131, ""7"": 0.9978553203997648, ""8"": 0.6383268077601411, ""9"": 0.9666653733098178, ""10"": 0.6483012933568489, ""11"": 0.9929113462669018, ""12"": 0.9851344503233392, ""13"": 0.9664443268665491, ""14"": 0.9238484420928866, ""15"": 0.9981971781305115, ""16"": 0.8050674897119341, ""17"": 0.9947499706055262, ""18"": 0.9883407995296885, ""19"": 0.9644516754850089, ""20"": 0.9977993533215755, ""21"": 0.9888731922398589}",0.0013155112911877793,65.465,99.49999999999989,9,,
rq3_e_r0p5_s30_n_qwen3_5_4b_json,dp_rq3_qwen3_5_4b_json_r0p5_u5,RQ3,E,N,Qwen3.5-4B-JSON,1.5565628254528148,0.0956684303350974,17.482,150.294,458.587,26.943,0.14458161865569272,0.8733156966490301,"{""1"": 0.58503468547913, ""2"": 0.4153593768371546, ""3"": 0.9975119929453263, ""4"": 0.26445820105820106, ""5"": 0.9957354497354498, ""6"": 0.9288215167548501, ""7"": 0.9944807172251616, ""8"": 0.646322633744856, ""9"": 0.9398570252792474, ""10"": 0.9661677836566726, ""11"": 0.9917952380952381, ""12"": 0.9911065843621399, ""13"": 0.9665108171663728, ""14"": 0.9237162845385067, ""15"": 0.9978824221046443, ""16"": 0.802238683127572, ""17"": 0.9909068195179307, ""18"": 0.9886610229276895, ""19"": 0.9663242210464432, ""20"": 0.9975745443856555, ""21"": 0.9891636096413874}",0.001303765654659317,70.0,120.0,12,,
rq3_e_r0p5_s30_n_qwen3_8_flash,dp_rq3_qwen3_8_flash_r0p5_u5,RQ3,E,N,Qwen3.8-Flash,1.5180474342823547,0.14877836566725444,17.324,148.87,441.094,31.194,0.1328350270149212,0.865427496430671,"{""1"": 0.7066496766607877, ""2"": 0.43466584362139915, ""3"": 0.9964146384479717, ""4"": 0.2655182833627278, ""5"": 0.9957177542621987, ""6"": 0.9337420340975897, ""7"": 0.9977298647854204, ""8"": 0.6421566137566137, ""9"": 0.9886946502057614, ""10"": 0.6200418577307466, ""11"": 0.9805128747795414, ""12"": 0.9909265726043504, ""13"": 0.965643445032334, ""14"": 0.9241606114050559, ""15"": 0.9984103468547914, ""16"": 0.8031653733098177, ""17"": 0.9941236919459142, ""18"": 0.9885285714285714, ""19"": 0.9625415049970606, ""20"": 0.995637389770723, ""21"": 0.9889958259847148}",0.0013272569277162417,65.001,105.0,11,,
rq3_e_r0p5_s30_n_semif_qwen3_5_4b,dp_rq3_semif_qwen3_5_4b_r0p5_u5,RQ3,E,N,SemIf-Qwen3.5-4B,1.5317087875479407,0.08953556731334526,18.369,143.034,438.214,31.512,0.14491195655216818,0.8701318804064836,"{""1"": 0.6581929453262786, ""2"": 0.45834509112286886, ""3"": 0.998789594356261, ""4"": 0.2642609641387419, ""5"": 0.9957172839506172, ""6"": 0.932247619047619, ""7"": 0.9975985302763081, ""8"": 0.8117611992945327, ""9"": 0.9929611992945326, ""10"": 0.5908353909465021, ""11"": 0.9510829512051734, ""12"": 0.9905871252204584, ""13"": 0.9642068195179306, ""14"": 0.9239350970017636, ""15"": 0.9988470311581423, ""16"": 0.8022764844209288, ""17"": 0.99581240446796, ""18"": 0.9880979423868312, ""19"": 0.9709339800117578, ""20"": 0.9973435038212816, ""21"": 0.9889363315696649}",0.0012567831085454678,65.001,90.00070000000001,8,,
rq3_e_r1_s30_n_anyjev_l0,dp_rq3_anyjev_l0_r1_u5,RQ3,E,N,AnyJev-L0,1.5824819740259741,0.10987999999999987,18.301,146.663,410.772,30.381,0.11837229437229438,0.8923818138528138,"{""1"": 0.6847937272727272, ""2"": 0.7408482727272727, ""3"": 0.9975759090909091, ""4"": 0.3384726363636364, ""5"": 0.9952357272727272, ""6"": 0.8996096363636363, ""7"": 0.995108909090909, ""8"": 0.6625518181818182, ""9"": 0.9866716363636363, ""10"": 0.8444710909090909, ""11"": 0.9901270909090908, ""12"": 0.9874174545454546, ""13"": 0.9685600909090908, ""14"": 0.9855753636363637, ""15"": 0.9990459090909091, ""16"": 0.7015239999999999, ""17"": 0.9936603636363636, ""18"": 0.9923486363636363, ""19"": 0.9896791818181817, ""20"": 0.9977986363636364, ""21"": 0.988942}",0.0010336160145046837,65.001,119.74999999999987,7,,
rq3_e_r1_s30_n_deepseek_v4_1_flash,dp_rq3_deepseek_v4_1_flash_r1_u5,RQ3,E,N,DeepSeek-V4.1-Flash,1.5243606926406925,0.11535636363636365,18.701,149.59,412.717,34.19,0.12383549783549784,0.8881687229437228,"{""1"": 0.6868177272727273, ""2"": 0.742514, ""3"": 0.9974804545454545, ""4"": 0.33586909090909095, ""5"": 0.9952407272727272, ""6"": 0.8839344545454545, ""7"": 0.9973807272727272, ""8"": 0.6588525454545454, ""9"": 0.9777196363636365, ""10"": 0.7854079090909091, ""11"": 0.988220909090909, ""12"": 0.9872439090909091, ""13"": 0.966549, ""14"": 0.9862060000000001, ""15"": 0.9989801818181819, ""16"": 0.700069, ""17"": 0.9937249090909092, ""18"": 0.9929485454545455, ""19"": 0.989321909090909, ""20"": 0.997894, ""21"": 0.9891675454545454}",0.0010336160145046837,65.001,120.00065000000001,7,,
rq3_e_r1_s30_n_glm_5_3_flash,dp_rq3_glm_5_3_flash_r1_u5,RQ3,E,N,GLM-5.3-Flash,1.5284252121212119,0.1220581818181817,18.56,149.486,424.213,31.813,0.12154978354978355,0.8782545367965368,"{""1"": 0.6870404545454546, ""2"": 0.5227100909090909, ""3"": 0.9974887272727272, ""4"": 0.33604463636363635, ""5"": 0.9952480909090908, ""6"": 0.8987251818181818, ""7"": 0.9978897272727272, ""8"": 0.6622541818181819, ""9"": 0.9891690000000001, ""10"": 0.7668388181818182, ""11"": 0.9883464545454546, ""12"": 0.9877641818181818, ""13"": 0.96627, ""14"": 0.9863803636363636, ""15"": 0.9989729090909092, ""16"": 0.6970970909090909, ""17"": 0.9956058181818183, ""18"": 0.9927881818181818, ""19"": 0.9892683636363635, ""20"": 0.9980026363636363, ""21"": 0.9894403636363636}",0.0010101247414477591,65.001,98.75075000000001,8,,
rq3_e_r1_s30_n_jev_1_13_0,dp_rq3_jev_1_13_0_r1_u5,RQ3,E,N,Jev-1.13.0,1.5654870476190474,0.12256363636363644,18.179,147.545,428.705,30.469,0.11836363636363637,0.8805611341991341,"{""1"": 0.6823871818181818, ""2"": 0.530299, ""3"": 0.997613, ""4"": 0.33695745454545456, ""5"": 0.9952164545454546, ""6"": 0.8993502727272727, ""7"": 0.9955402727272727, ""8"": 0.6593134545454546, ""9"": 0.9870232727272727, ""10"": 0.8280176363636363, ""11"": 0.991871, ""12"": 0.9876257272727273, ""13"": 0.9644227272727273, ""14"": 0.9864557272727273, ""15"": 0.9990290000000001, ""16"": 0.6960940909090909, ""17"": 0.9859528181818181, ""18"": 0.9928886363636363, ""19"": 0.9885323636363637, ""20"": 0.998060909090909, ""21"": 0.9891328181818182}",0.0010336160145046837,67.5005,126.49999999999991,8,,
rq3_e_r1_s30_n_qwen3_5_4b_json,dp_rq3_qwen3_5_4b_json_r1_u5,RQ3,E,N,Qwen3.5-4B-JSON,1.5251486753246752,0.08987199999999977,18.681,152.324,420.376,32.316,0.12694372294372294,0.8769553073593074,"{""1"": 0.6812585454545454, ""2"": 0.5929241818181817, ""3"": 0.9976483636363636, ""4"": 0.3378278181818182, ""5"": 0.9952336363636364, ""6"": 0.8990497272727273, ""7"": 0.9978060000000001, ""8"": 0.656088, ""9"": 0.9865613636363636, ""10"": 0.6946291818181818, ""11"": 0.9891071818181819, ""12"": 0.9881322727272728, ""13"": 0.9641803636363637, ""14"": 0.9864512727272726, ""15"": 0.9990406363636364, ""16"": 0.6964308181818182, ""17"": 0.986429909090909, ""18"": 0.9931164545454546, ""19"": 0.9869354545454545, ""20"": 0.998168909090909, ""21"": 0.9890413636363636}",0.0010101247414477591,65.001,120.0,8,,
rq3_e_r1_s30_n_qwen3_8_flash,dp_rq3_qwen3_8_flash_r1_u5,RQ3,E,N,Qwen3.8-Flash,1.5146399999999998,0.11527272727272722,18.692,150.314,397.379,34.974999999999994,0.12617316017316016,0.9012396277056277,"{""1"": 0.7537353636363636, ""2"": 0.7476372727272727, ""3"": 0.997315, ""4"": 0.33426936363636367, ""5"": 0.9951114545454545, ""6"": 0.8846691818181818, ""7"": 0.9975607272727274, ""8"": 0.676584, ""9"": 0.9870886363636363, ""10"": 0.9606978181818181, ""11"": 0.989087909090909, ""12"": 0.9876121818181818, ""13"": 0.9663913636363637, ""14"": 0.9863700000000001, ""15"": 0.9989823636363636, ""16"": 0.7005087272727273, ""17"": 0.9938817272727273, ""18"": 0.9927512727272727, ""19"": 0.9887911818181818, ""20"": 0.9980205454545454, ""21"": 0.9889660909090908}",0.0010101247414477591,70.0,122.50025,8,,
rq3_e_r1_s30_n_semif_qwen3_5_4b,dp_rq3_semif_qwen3_5_4b_r1_u5,RQ3,E,N,SemIf-Qwen3.5-4B,1.5195263030303028,0.11177090909090909,17.861,155.296,420.614,35.543,0.11522943722943722,0.9115367359307359,"{""1"": 0.7398328181818182, ""2"": 0.6065204545454546, ""3"": 0.9988514545454545, ""4"": 0.7482343636363636, ""5"": 0.9943762727272726, ""6"": 0.9901955454545454, ""7"": 0.9955881818181818, ""8"": 0.6701975454545455, ""9"": 0.9908224545454546, ""10"": 0.8465521818181818, ""11"": 0.9704521818181818, ""12"": 0.9879974545454545, ""13"": 0.9652583636363636, ""14"": 0.9859335454545455, ""15"": 0.999018090909091, ""16"": 0.6969828181818182, ""17"": 0.9862234545454546, ""18"": 0.9929223636363637, ""19"": 0.9898547272727274, ""20"": 0.9974888181818181, ""21"": 0.9889683636363636}",0.001045361651033146,70.0,96.00039999999994,10,,
rq3_e_r2_s30_n_anyjev_l0,dp_rq3_anyjev_l0_r2_u5,RQ3,E,N,AnyJev-L0,1.510644190476191,0.10364727272727252,18.685,152.236,418.421,34.627,0.13022510822510822,0.8925705411255412,"{""1"": 0.7560982727272727, ""2"": 0.7461042727272728, ""3"": 0.9970777272727273, ""4"": 0.3343924545454546, ""5"": 0.9952131818181819, ""6"": 0.89906, ""7"": 0.9973777272727272, ""8"": 0.6545862727272728, ""9"": 0.9889530000000001, ""10"": 0.7828281818181818, ""11"": 0.9903483636363636, ""12"": 0.9873059999999999, ""13"": 0.9658599999999999, ""14"": 0.9856724545454546, ""15"": 0.9990566363636363, ""16"": 0.700513909090909, ""17"": 0.9942124545454546, ""18"": 0.992674909090909, ""19"": 0.9889827272727274, ""20"": 0.9981662727272727, ""21"": 0.9894965454545456}",0.0009983791049192968,70.0,123.97139999999999,8,,
rq3_e_r2_s30_n_deepseek_v4_1_flash,dp_rq3_deepseek_v4_1_flash_r2_u5,RQ3,E,N,DeepSeek-V4.1-Flash,1.5212740432900433,0.11649454545454554,18.704,152.954,414.721,34.146,0.12298701298701299,0.8773835238095238,"{""1"": 0.6885619090909091, ""2"": 0.5339887272727273, ""3"": 0.9975281818181818, ""4"": 0.339028, ""5"": 0.9950159999999999, ""6"": 0.8930829090909091, ""7"": 0.9977672727272728, ""8"": 0.6656747272727273, ""9"": 0.9534790000000001, ""10"": 0.7754929090909091, ""11"": 0.9882556363636364, ""12"": 0.9876647272727272, ""13"": 0.9672033636363637, ""14"": 0.9862006363636363, ""15"": 0.999036909090909, ""16"": 0.6971326363636364, ""17"": 0.9892040909090908, ""18"": 0.9940761818181818, ""19"": 0.9893149999999999, ""20"": 0.9982140909090909, ""21"": 0.9891310909090909}",0.0010218703779762213,65.001,88.50070000000002,11,,
rq3_e_r2_s30_n_glm_5_3_flash,dp_rq3_glm_5_3_flash_r2_u5,RQ3,E,N,GLM-5.3-Flash,1.534434805194805,0.09600727272727244,18.588,151.768,417.141,33.888000000000005,0.11993073593073593,0.9044764025974027,"{""1"": 0.7564276363636363, ""2"": 0.7593476363636364, ""3"": 0.9989543636363636, ""4"": 0.33926963636363633, ""5"": 0.9947919999999999, ""6"": 0.898742, ""7"": 0.9971736363636364, ""8"": 0.7221734545454546, ""9"": 0.9981506363636363, ""10"": 0.9564485454545454, ""11"": 0.9655118181818181, ""12"": 0.9879743636363636, ""13"": 0.9679922727272727, ""14"": 0.9860659999999999, ""15"": 0.9990752727272727, ""16"": 0.7007566363636364, ""17"": 0.9955667272727272, ""18"": 0.9939172727272727, ""19"": 0.9887708181818181, ""20"": 0.9979545454545454, ""21"": 0.9889391818181819}",0.001045361651033146,70.0,110.99999999999994,6,,
rq3_e_r2_s30_n_jev_1_13_0,dp_rq3_jev_1_13_0_r2_u5,RQ3,E,N,Jev-1.13.0,1.5515670476190475,0.10326727272727257,18.417,142.488,428.959,30.526,0.1212987012987013,0.892365038961039,"{""1"": 0.741368090909091, ""2"": 0.7646979090909091, ""3"": 0.998982, ""4"": 0.33544227272727273, ""5"": 0.992747909090909, ""6"": 0.8988985454545455, ""7"": 0.996859, ""8"": 0.6572870909090909, ""9"": 0.9934348181818181, ""10"": 0.7774920909090909, ""11"": 0.977054818181818, ""12"": 0.9875337272727273, ""13"": 0.9684935454545456, ""14"": 0.9859579090909091, ""15"": 0.9990377272727272, ""16"": 0.6997466363636364, ""17"": 0.994916909090909, ""18"": 0.9935765454545454, ""19"": 0.9886071818181819, ""20"": 0.9980412727272726, ""21"": 0.9894898181818181}",0.001045361651033146,65.001,118.00059999999998,6,,
rq3_e_r2_s30_n_qwen3_5_4b_json,dp_rq3_qwen3_5_4b_json_r2_u5,RQ3,E,N,Qwen3.5-4B-JSON,1.4938937489177488,0.08102581818181795,18.772,155.658,413.724,36.376,0.12980952380952382,0.8911205454545453,"{""1"": 0.6920145454545454, ""2"": 0.7436593636363636, ""3"": 0.9974775454545455, ""4"": 0.3363387272727273, ""5"": 0.9950178181818182, ""6"": 0.8996970909090909, ""7"": 0.997452, ""8"": 0.6598603636363637, ""9"": 0.9954525454545455, ""10"": 0.8062122727272727, ""11"": 0.9849128181818182, ""12"": 0.9895010909090909, ""13"": 0.9678941818181819, ""14"": 0.9860949090909091, ""15"": 0.9989499090909092, ""16"": 0.6998598181818181, ""17"": 0.9958471818181819, ""18"": 0.994270090909091, ""19"": 0.9856095454545454, ""20"": 0.9982486363636364, ""21"": 0.989161}",0.0010218703779762213,69.215,109.00000000000006,8,,
rq3_e_r2_s30_n_qwen3_8_flash,dp_rq3_qwen3_8_flash_r2_u5,RQ3,E,N,Qwen3.8-Flash,1.5158008311688311,0.11346545454545458,18.667,152.638,411.428,34.688,0.12595670995670996,0.8900624502164504,"{""1"": 0.6923324545454546, ""2"": 0.7451796363636364, ""3"": 0.9974604545454545, ""4"": 0.33470072727272726, ""5"": 0.9953168181818183, ""6"": 0.8985379090909091, ""7"": 0.9972556363636363, ""8"": 0.6619538181818181, ""9"": 0.9867373636363637, ""10"": 0.7862774545454546, ""11"": 0.9905807272727273, ""12"": 0.9874086363636364, ""13"": 0.967983, ""14"": 0.9861493636363636, ""15"": 0.9990894545454545, ""16"": 0.6996171818181818, ""17"": 0.993854909090909, ""18"": 0.9938548181818181, ""19"": 0.9890893636363636, ""20"": 0.9982858181818182, ""21"": 0.9896459090909091}",0.0010218703779762213,70.0,98.50000000000001,8,,
rq3_e_r2_s30_n_semif_qwen3_5_4b,dp_rq3_semif_qwen3_5_4b_r2_u5,RQ3,E,N,SemIf-Qwen3.5-4B,1.5305529523809522,0.1071309090909089,18.705,146.821,414.407,34.268,0.12503896103896103,0.8903085194805194,"{""1"": 0.6892690909090909, ""2"": 0.7362221818181818, ""3"": 0.9975448181818181, ""4"": 0.33847127272727273, ""5"": 0.9948829090909092, ""6"": 0.8995221818181818, ""7"": 0.9977007272727273, ""8"": 0.6669041818181818, ""9"": 0.9867977272727272, ""10"": 0.7946536363636364, ""11"": 0.9889338181818181, ""12"": 0.9878207272727272, ""13"": 0.9694502727272727, ""14"": 0.9858067272727273, ""15"": 0.9990524545454544, ""16"": 0.6991109090909091, ""17"": 0.9948442727272727, ""18"": 0.9937775454545453, ""19"": 0.9886471818181818, ""20"": 0.9981406363636364, ""21"": 0.9889256363636363}",0.0010218703779762213,69.857,108.50000000000001,8,,
rq3_scale_e_r1_s30_n_anyjev_l0,dp_rq3_anyjev_l0_r1_u20,RQ3,E,N,AnyJev-L0,0.28987978354978344,0.024550000000000044,59.862,619.456,1670.002,130.29899999999998,0.4167272727272727,0.9605695974025975,"{""1"": 0.9391713636363637, ""2"": 0.9731808181818182, ""3"": 0.965244909090909, ""4"": 0.9945582727272726, ""5"": 0.9965594545454546, ""6"": 0.9424452727272729, ""7"": 0.9886623636363637, ""8"": 0.9567134545454545, ""9"": 0.9020444545454546, ""10"": 0.889813, ""11"": 0.9940121818181817, ""12"": 0.9940589999999999, ""13"": 0.9570571818181818, ""14"": 0.9822412727272728, ""15"": 0.9683789090909091, ""16"": 0.9838506363636363, ""17"": 0.9774879999999999, ""18"": 0.984265, ""19"": 0.9098738181818182, ""20"": 0.9456359999999999, ""21"": 0.9267061818181819}",0.0065151515151515155,70.001,299.221,696,,
rq3_scale_e_r1_s30_n_deepseek_v4_1_flash,dp_rq3_deepseek_v4_1_flash_r1_u20,RQ3,E,N,DeepSeek-V4.1-Flash,0.29688610822510825,0.028939090909090973,62.371,598.143,1696.298,127.136,0.41455844155844157,0.9573557792207792,"{""1"": 0.9229325454545455, ""2"": 0.9077681818181818, ""3"": 0.9551450909090908, ""4"": 0.9950301818181819, ""5"": 0.9895516363636363, ""6"": 0.9548461818181818, ""7"": 0.9902792727272727, ""8"": 0.9634960909090909, ""9"": 0.8833635454545454, ""10"": 0.8677752727272727, ""11"": 0.9943958181818181, ""12"": 0.9706043636363636, ""13"": 0.9820395454545455, ""14"": 0.9458395454545455, ""15"": 0.9755887272727273, ""16"": 0.9745796363636362, ""17"": 0.9841869090909092, ""18"": 0.9905862727272727, ""19"": 0.9194146363636363, ""20"": 0.9490583636363635, ""21"": 0.9879895454545453}",0.00670995670995671,70.006,242.68985000000006,744,,
rq3_scale_e_r1_s30_n_glm_5_3_flash,dp_rq3_glm_5_3_flash_r1_u20,RQ3,E,N,GLM-5.3-Flash,0.3036826147186147,0.02118954545454527,60.885,587.043,1651.027,125.35,0.4122251082251082,0.9613244632034631,"{""1"": 0.9405724545454545, ""2"": 0.9645387272727273, ""3"": 0.919811909090909, ""4"": 0.998991090909091, ""5"": 0.995933, ""6"": 0.9786440909090909, ""7"": 0.9901602727272728, ""8"": 0.9396635454545453, ""9"": 0.8993224545454545, ""10"": 0.8637199090909091, ""11"": 0.9958719090909092, ""12"": 0.9875817272727272, ""13"": 0.9446354545454545, ""14"": 0.987633090909091, ""15"": 0.9817932727272728, ""16"": 0.9760156363636363, ""17"": 0.9550233636363635, ""18"": 0.9889362727272727, ""19"": 0.9449796363636364, ""20"": 0.9538331818181818, ""21"": 0.9801527272727272}",0.007142857142857143,70.006,280.5037500000001,592,,
rq3_scale_e_r1_s30_n_jev_1_13_0,dp_rq3_jev_1_13_0_r1_u20,RQ3,E,N,Jev-1.13.0,0.30968720779220776,0.024399090909090683,61.202,556.077,1640.232,126.13400000000001,0.4116255411255411,0.9634412857142857,"{""1"": 0.968014909090909, ""2"": 0.9709883636363635, ""3"": 0.9615337272727273, ""4"": 0.999139090909091, ""5"": 0.9904864545454546, ""6"": 0.9202212727272727, ""7"": 0.9875651818181818, ""8"": 0.9719227272727273, ""9"": 0.8942734545454545, ""10"": 0.8747241818181818, ""11"": 0.9957973636363636, ""12"": 0.9821599090909091, ""13"": 0.9556104545454545, ""14"": 0.9833813636363635, ""15"": 0.9806633636363637, ""16"": 0.9618314545454545, ""17"": 0.9789956363636363, ""18"": 0.9981905454545456, ""19"": 0.9192081818181819, ""20"": 0.9484081818181819, ""21"": 0.9891511818181817}",0.0070562770562770565,70.006,318.57425,485,,
rq3_scale_e_r1_s30_n_qwen3_5_4b_json,dp_rq3_qwen3_5_4b_json_r1_u20,RQ3,E,N,Qwen3.5-4B-JSON,0.30228067965367955,0.018094909090909075,59.372,571.979,1608.417,126.616,0.4145952380952381,0.958633974025974,"{""1"": 0.9648756363636364, ""2"": 0.8891803636363637, ""3"": 0.9537915454545454, ""4"": 0.9970384545454545, ""5"": 0.9742546363636364, ""6"": 0.9070096363636364, ""7"": 0.9922821818181817, ""8"": 0.9637412727272726, ""9"": 0.9454725454545455, ""10"": 0.8689071818181818, ""11"": 0.995955, ""12"": 0.9642237272727272, ""13"": 0.9702475454545455, ""14"": 0.982504090909091, ""15"": 0.9898442727272727, ""16"": 0.9860126363636365, ""17"": 0.9721566363636364, ""18"": 0.9983817272727273, ""19"": 0.9128984545454546, ""20"": 0.9417720909090909, ""21"": 0.9607638181818182}",0.006991341991341991,70.006,264.9444,640,,
rq3_scale_e_r1_s30_n_qwen3_8_flash,dp_rq3_qwen3_8_flash_r1_u20,RQ3,E,N,Qwen3.8-Flash,0.29066693939393945,0.021006727272727246,59.607,590.287,1653.696,130.421,0.42418398268398266,0.9625456147186148,"{""1"": 0.9647186363636363, ""2"": 0.9330642727272727, ""3"": 0.9901899090909092, ""4"": 0.9907081818181818, ""5"": 0.9407081818181818, ""6"": 0.9615758181818183, ""7"": 0.9935366363636364, ""8"": 0.9670616363636364, ""9"": 0.933004, ""10"": 0.8715977272727273, ""11"": 0.9958016363636363, ""12"": 0.9345106363636364, ""13"": 0.9721939999999999, ""14"": 0.9733169090909091, ""15"": 0.9910582727272726, ""16"": 0.9797450909090908, ""17"": 0.979688909090909, ""18"": 0.9852301818181819, ""19"": 0.9407231818181818, ""20"": 0.9757746363636364, ""21"": 0.9392494545454546}",0.006688311688311689,74.86,282.53499999999985,719,,
rq3_scale_e_r1_s30_n_semif_qwen3_5_4b,dp_rq3_semif_qwen3_5_4b_r1_u20,RQ3,E,N,SemIf-Qwen3.5-4B,0.2900265627705627,0.023190909090908856,62.459,579.563,1592.991,129.649,0.4232554112554113,0.9649746883116883,"{""1"": 0.935772090909091, ""2"": 0.9656443636363637, ""3"": 0.9873757272727273, ""4"": 0.994971090909091, ""5"": 0.9651940909090909, ""6"": 0.9759067272727272, ""7"": 0.9667470000000001, ""8"": 0.8300464545454546, ""9"": 0.9534222727272728, ""10"": 0.953299181818182, ""11"": 0.9941815454545454, ""12"": 0.9666457272727274, ""13"": 0.9662719090909092, ""14"": 0.9784904545454546, ""15"": 0.9857705454545455, ""16"": 0.9854311818181819, ""17"": 0.9786374545454545, ""18"": 0.991079909090909, ""19"": 0.945458909090909, ""20"": 0.9745351818181817, ""21"": 0.9695866363636364}",0.006190476190476191,74.22,253.85825,466,,
rq5_e_r0p3_s30_b_requery_1s_anyjev_l0,dp_r0p3_s30_u5,RQ5,E,b-requery-1s,AnyJev-L0,1.5597865812214777,0.19691884648994723,16.635,145.718,427.939,27.800999999999995,0.14228288460738214,0.9012461889503836,"{""1"": 0.7212463443052723, ""2"": 0.4479379842703175, ""3"": 0.9967364113020681, ""4"": 0.898810952519662, ""5"": 0.9908571511797262, ""6"": 0.9298940285464609, ""7"": 0.9912160792309933, ""8"": 0.6540584911156423, ""9"": 0.9858130789397028, ""10"": 0.8944359452374017, ""11"": 0.993339877658025, ""12"": 0.9948577920186426, ""13"": 0.9432531605010195, ""14"": 0.771702359452374, ""15"": 0.9932546752111856, ""16"": 0.8179544421788524, ""17"": 0.9914284882027381, ""18"": 0.9762115933585785, ""19"": 0.9670641421497232, ""20"": 0.9759910865132537, ""21"": 0.9901058840664142}",0.00214992927864215,69.857,153.2499999999999,78,,
rq5_e_r0p3_s30_b_requery_1s_deepseek_v4_1_flash,dp_r0p3_s30_u5,RQ5,E,b-requery-1s,DeepSeek-V4.1-Flash,1.464085495124353,0.1873486746286038,16.457,162.388,463.087,33.555,0.11756481211768133,0.8684618659231825,"{""1"": 0.6719340518496941, ""2"": 0.44643230410719487, ""3"": 0.9959131080687446, ""4"": 0.2298248470725313, ""5"": 0.9552368482376931, ""6"": 0.9567705214098455, ""7"": 0.9910831925429653, ""8"": 0.7059046023885814, ""9"": 0.9906608505680163, ""10"": 0.8934953976114186, ""11"": 0.991709437809496, ""12"": 0.9219207107486163, ""13"": 0.9141011942907078, ""14"": 0.9133651034080978, ""15"": 0.9930102825517041, ""16"": 0.8610458491115642, ""17"": 0.9942975822895427, ""18"": 0.9902619283425576, ""19"": 0.8650293038159044, ""20"": 0.9658413341101078, ""21"": 0.9898607340518496}",0.0022725129655822725,65.143,120.001,186,,
rq5_e_r0p3_s30_b_requery_1s_glm_5_3_flash,dp_r0p3_s30_u5,RQ5,E,b-requery-1s,GLM-5.3-Flash,1.5075928758686694,0.17577920186425713,16.585,151.377,470.232,27.976999999999997,0.13063959052890017,0.8919259303954614,"{""1"": 0.7322516749198952, ""2"": 0.4452497232741043, ""3"": 0.9961508301776872, ""4"": 0.8987881444800465, ""5"": 0.9556425866588989, ""6"": 0.9493638799883484, ""7"": 0.9927771919603845, ""8"": 0.6438249053306146, ""9"": 0.9803744538304691, ""10"": 0.8905545004369356, ""11"": 0.9945342848820273, ""12"": 0.9210279638799884, ""13"": 0.914571919603845, ""14"": 0.7573145936498689, ""15"": 0.9932249053306147, ""16"": 0.8261203903291582, ""17"": 0.9919889600932129, ""18"": 0.9119564812117681, ""19"": 0.9774585785027673, ""20"": 0.9670975240314593, ""21"": 0.9901710457325954}",0.0022065063649222066,67.4295,136.72644999999997,40,,
rq5_e_r0p3_s30_b_requery_1s_jev_1_13_0,dp_r0p3_s30_u5,RQ5,E,b-requery-1s,Jev-1.13.0,1.547690904803517,0.19485464608214162,16.694,151.045,434.218,29.694000000000003,0.1191682965059021,0.8605040739045398,"{""1"": 0.5659624526653073, ""2"": 0.5458173900378678, ""3"": 0.9981371395281096, ""4"": 0.22744981066122924, ""5"": 0.935933644043111, ""6"": 0.9586352170113603, ""7"": 0.9926859889309642, ""8"": 0.5838588989222254, ""9"": 0.9570692979900961, ""10"": 0.8978364113020681, ""11"": 0.9891218759102826, ""12"": 0.9704196038450335, ""13"": 0.9472349548499854, ""14"": 0.7534536556947277, ""15"": 0.9922196912321585, ""16"": 0.8915993300320418, ""17"": 0.9956455286921061, ""18"": 0.9103942907078357, ""19"": 0.987365511214681, ""20"": 0.9794348092047771, ""21"": 0.9903100495193707}",0.002281942479962282,65.001,110.0,33,,
rq5_e_r0p3_s30_b_requery_1s_qwen3_5_4b_json,dp_r0p3_s30_u5,RQ5,E,b-requery-1s,Qwen3.5-4B-JSON,1.4729224751362826,0.18544713078939484,16.507,157.321,453.508,28.953,0.14276559444051434,0.8864572885023512,"{""1"": 0.5346860180600058, ""2"": 0.4404913486746286, ""3"": 0.9959005534517914, ""4"": 0.898482376929799, ""5"": 0.9904111855519954, ""6"": 0.9408296242353626, ""7"": 0.9932237984270317, ""8"": 0.6516680745703467, ""9"": 0.9711872997378386, ""10"": 0.887595018933877, ""11"": 0.9949777745412176, ""12"": 0.9238385085930674, ""13"": 0.9151083017768715, ""14"": 0.9097970579667928, ""15"": 0.9921521701136032, ""16"": 0.8140600640838916, ""17"": 0.9909593358578503, ""18"": 0.9910206233614914, ""19"": 0.8319933877075444, ""20"": 0.9570533061462277, ""21"": 0.9901672298281387}",0.002197076850542197,65.001,103.99999999999977,175,,
rq5_e_r0p3_s30_b_requery_1s_qwen3_8_flash,dp_r0p3_s30_u5,RQ5,E,b-requery-1s,Qwen3.8-Flash,1.5094578669218925,0.17608039615496493,16.741,152.83,427.687,31.110999999999997,0.13797733483139835,0.8940816570263408,"{""1"": 0.7580355083017769, ""2"": 0.44437299737838626, ""3"": 0.996187095834547, ""4"": 0.8992623652781824, ""5"": 0.9905962714826683, ""6"": 0.9484639382464317, ""7"": 0.9731817360908825, ""8"": 0.708085843285756, ""9"": 0.9951725313137197, ""10"": 0.891588872706088, ""11"": 0.9810418001747742, ""12"": 0.9245090882609962, ""13"": 0.9151086804544131, ""14"": 0.7593440722400233, ""15"": 0.9922419458199825, ""16"": 0.8539909117390038, ""17"": 0.9906404019807749, ""18"": 0.9904543547917274, ""19"": 0.8042997378386251, ""20"": 0.9690593067288087, ""21"": 0.9900773376055928}",0.002234794908062235,65.001,116.00079999999994,25,,
rq5_e_r0p3_s30_b_requery_1s_semif_qwen3_5_4b,dp_r0p3_s30_u5,RQ5,E,b-requery-1s,SemIf-Qwen3.5-4B,1.4880044609046645,0.2002132245849097,16.628,163.276,430.466,30.854,0.12213945875466412,0.8634786747673144,"{""1"": 0.6315213515875328, ""2"": 0.546864753859598, ""3"": 0.9960473638217303, ""4"": 0.22776947276434606, ""5"": 0.9547145645208273, ""6"": 0.7736685115059714, ""7"": 0.9928704922808039, ""8"": 0.7184485872414799, ""9"": 0.9767583745994757, ""10"": 0.8995125837459947, ""11"": 0.9899097290999126, ""12"": 0.9231218759102826, ""13"": 0.9170272939120303, ""14"": 0.9711775415088842, ""15"": 0.9932410719487329, ""16"": 0.8646287794931546, ""17"": 0.9945206816195747, ""18"": 0.9101595688901836, ""19"": 0.90337165744247, ""20"": 0.9618269443635304, ""21"": 0.9858909699970871}",0.00231966053748232,65.143,110.00075000000001,176,,
