run_id,rqs,priority_tier,availability,mode,arm,interpreter,rate_per_s,speed_kmh,ues_per_cell,ues,simulated_seconds,stream_file,schedule_file,config_file,rng_run,estimated_wall_hours_mac_m4_max,estimated_wall_hours_mac_m5_max,estimated_wall_hours_l40_cpu,estimated_wall_hours_cluster_b,notes,reused_arm_a_run_id,reused_arm_c_run_id,design_point
rq1_e_r0p3_s30_fixed_0_1,RQ1,1,ready_after_pilot,E,fixed-0.1,control,0.3,30.0,5,105,345.333333,c2-inputs/c2-prod-v1/inputs/streams/rate_0p3_speed_30.json,c2-inputs/c2-prod-v1/inputs/schedules/rq1_e_r0p3_s30_fixed_0_1.csv,c2-inputs/c2-prod-v1/inputs/configs/speed_30_ues_5.json,1,8.9643,7.6196,28.6176,19.7214,,,,dp_r0p3_s30_u5
rq1_e_r0p3_s30_fixed_1,RQ1,1,ready_after_pilot,E,fixed-1,control,0.3,30.0,5,105,345.333333,c2-inputs/c2-prod-v1/inputs/streams/rate_0p3_speed_30.json,c2-inputs/c2-prod-v1/inputs/schedules/rq1_e_r0p3_s30_fixed_1.csv,c2-inputs/c2-prod-v1/inputs/configs/speed_30_ues_5.json,1,8.9643,7.6196,28.6176,19.7214,,,,dp_r0p3_s30_u5
rq1_e_r0p3_s30_fixed_5,RQ1,1,ready_after_pilot,E,fixed-5,control,0.3,30.0,5,105,345.333333,c2-inputs/c2-prod-v1/inputs/streams/rate_0p3_speed_30.json,c2-inputs/c2-prod-v1/inputs/schedules/rq1_e_r0p3_s30_fixed_5.csv,c2-inputs/c2-prod-v1/inputs/configs/speed_30_ues_5.json,1,8.9643,7.6196,28.6176,19.7214,,,,dp_r0p3_s30_u5
rq1_e_r0p3_s30_l_anyjev_l0,RQ1,1,waiting_for_c1_ledger,E,L,AnyJev-L0,0.3,30.0,5,105,345.333333,c2-inputs/c2-prod-v1/inputs/streams/rate_0p3_speed_30.json,c2-inputs/c2-prod-v1/inputs/schedules/rq1_e_r0p3_s30_l_anyjev_l0.csv,c2-inputs/c2-prod-v1/inputs/configs/speed_30_ues_5.json,1,8.9643,7.6196,28.6176,19.7214,,,,dp_r0p3_s30_u5
rq1_e_r0p3_s30_l_deepseek_v4_1_flash,RQ1,1,waiting_for_c1_ledger,E,L,DeepSeek-V4.1-Flash,0.3,30.0,5,105,345.333333,c2-inputs/c2-prod-v1/inputs/streams/rate_0p3_speed_30.json,c2-inputs/c2-prod-v1/inputs/schedules/rq1_e_r0p3_s30_l_deepseek_v4_1_flash.csv,c2-inputs/c2-prod-v1/inputs/configs/speed_30_ues_5.json,1,8.9643,7.6196,28.6176,19.7214,,,,dp_r0p3_s30_u5
rq1_e_r0p3_s30_l_glm_5_3_flash,RQ1,1,waiting_for_c1_ledger,E,L,GLM-5.3-Flash,0.3,30.0,5,105,345.333333,c2-inputs/c2-prod-v1/inputs/streams/rate_0p3_speed_30.json,c2-inputs/c2-prod-v1/inputs/schedules/rq1_e_r0p3_s30_l_glm_5_3_flash.csv,c2-inputs/c2-prod-v1/inputs/configs/speed_30_ues_5.json,1,8.9643,7.6196,28.6176,19.7214,,,,dp_r0p3_s30_u5
rq1_e_r0p3_s30_l_jev_1_13_0,RQ1,1,waiting_for_c1_ledger,E,L,Jev-1.13.0,0.3,30.0,5,105,345.333333,c2-inputs/c2-prod-v1/inputs/streams/rate_0p3_speed_30.json,c2-inputs/c2-prod-v1/inputs/schedules/rq1_e_r0p3_s30_l_jev_1_13_0.csv,c2-inputs/c2-prod-v1/inputs/configs/speed_30_ues_5.json,1,8.9643,7.6196,28.6176,19.7214,,,,dp_r0p3_s30_u5
rq1_e_r0p3_s30_l_qwen3_5_4b_json,RQ1,1,waiting_for_c1_ledger,E,L,Qwen3.5-4B-JSON,0.3,30.0,5,105,345.333333,c2-inputs/c2-prod-v1/inputs/streams/rate_0p3_speed_30.json,c2-inputs/c2-prod-v1/inputs/schedules/rq1_e_r0p3_s30_l_qwen3_5_4b_json.csv,c2-inputs/c2-prod-v1/inputs/configs/speed_30_ues_5.json,1,8.9643,7.6196,28.6176,19.7214,,,,dp_r0p3_s30_u5
rq1_e_r0p3_s30_l_qwen3_8_flash,RQ1,1,waiting_for_c1_ledger,E,L,Qwen3.8-Flash,0.3,30.0,5,105,345.333333,c2-inputs/c2-prod-v1/inputs/streams/rate_0p3_speed_30.json,c2-inputs/c2-prod-v1/inputs/schedules/rq1_e_r0p3_s30_l_qwen3_8_flash.csv,c2-inputs/c2-prod-v1/inputs/configs/speed_30_ues_5.json,1,8.9643,7.6196,28.6176,19.7214,,,,dp_r0p3_s30_u5
rq1_e_r0p3_s30_l_semif_qwen3_5_4b,RQ1,1,waiting_for_c1_ledger,E,L,SemIf-Qwen3.5-4B,0.3,30.0,5,105,345.333333,c2-inputs/c2-prod-v1/inputs/streams/rate_0p3_speed_30.json,c2-inputs/c2-prod-v1/inputs/schedules/rq1_e_r0p3_s30_l_semif_qwen3_5_4b.csv,c2-inputs/c2-prod-v1/inputs/configs/speed_30_ues_5.json,1,8.9643,7.6196,28.6176,19.7214,,,,dp_r0p3_s30_u5
rq1_e_r0p3_s30_no_update,RQ1,1,ready_after_pilot,E,no-update,control,0.3,30.0,5,105,345.333333,c2-inputs/c2-prod-v1/inputs/streams/rate_0p3_speed_30.json,c2-inputs/c2-prod-v1/inputs/schedules/rq1_e_r0p3_s30_no_update.csv,c2-inputs/c2-prod-v1/inputs/configs/speed_30_ues_5.json,1,8.9643,7.6196,28.6176,19.7214,,,,dp_r0p3_s30_u5
rq1_e_r0p3_s30_oracle,RQ1,1,ready_after_pilot,E,oracle,control,0.3,30.0,5,105,345.333333,c2-inputs/c2-prod-v1/inputs/streams/rate_0p3_speed_30.json,c2-inputs/c2-prod-v1/inputs/schedules/rq1_e_r0p3_s30_oracle.csv,c2-inputs/c2-prod-v1/inputs/configs/speed_30_ues_5.json,1,8.9643,7.6196,28.6176,19.7214,,,,dp_r0p3_s30_u5
rq2_e_r0p1_s120_fixed_0_1,RQ2,1,ready_after_pilot,E,fixed-0.1,control,0.1,120.0,5,105,1012.0,c2-inputs/c2-prod-v1/inputs/streams/rate_0p1_speed_120.json,c2-inputs/c2-prod-v1/inputs/schedules/rq2_e_r0p1_s120_fixed_0_1.csv,c2-inputs/c2-prod-v1/inputs/configs/speed_120_ues_5.json,1,26.2698,22.3294,83.8638,57.7936,,,,dp_r0p1_s120_u5
rq2_e_r0p1_s120_fixed_1,RQ2,1,ready_after_pilot,E,fixed-1,control,0.1,120.0,5,105,1012.0,c2-inputs/c2-prod-v1/inputs/streams/rate_0p1_speed_120.json,c2-inputs/c2-prod-v1/inputs/schedules/rq2_e_r0p1_s120_fixed_1.csv,c2-inputs/c2-prod-v1/inputs/configs/speed_120_ues_5.json,1,26.2698,22.3294,83.8638,57.7936,,,,dp_r0p1_s120_u5
rq2_e_r0p1_s120_fixed_5,RQ2,1,ready_after_pilot,E,fixed-5,control,0.1,120.0,5,105,1012.0,c2-inputs/c2-prod-v1/inputs/streams/rate_0p1_speed_120.json,c2-inputs/c2-prod-v1/inputs/schedules/rq2_e_r0p1_s120_fixed_5.csv,c2-inputs/c2-prod-v1/inputs/configs/speed_120_ues_5.json,1,26.2698,22.3294,83.8638,57.7936,,,,dp_r0p1_s120_u5
rq2_e_r0p1_s120_l_anyjev_l0,RQ2,1,waiting_for_c1_ledger,E,L,AnyJev-L0,0.1,120.0,5,105,1012.0,c2-inputs/c2-prod-v1/inputs/streams/rate_0p1_speed_120.json,c2-inputs/c2-prod-v1/inputs/schedules/rq2_e_r0p1_s120_l_anyjev_l0.csv,c2-inputs/c2-prod-v1/inputs/configs/speed_120_ues_5.json,1,26.2698,22.3294,83.8638,57.7936,,,,dp_r0p1_s120_u5
rq2_e_r0p1_s120_l_deepseek_v4_1_flash,RQ2,1,waiting_for_c1_ledger,E,L,DeepSeek-V4.1-Flash,0.1,120.0,5,105,1012.0,c2-inputs/c2-prod-v1/inputs/streams/rate_0p1_speed_120.json,c2-inputs/c2-prod-v1/inputs/schedules/rq2_e_r0p1_s120_l_deepseek_v4_1_flash.csv,c2-inputs/c2-prod-v1/inputs/configs/speed_120_ues_5.json,1,26.2698,22.3294,83.8638,57.7936,,,,dp_r0p1_s120_u5
rq2_e_r0p1_s120_l_glm_5_3_flash,RQ2,1,waiting_for_c1_ledger,E,L,GLM-5.3-Flash,0.1,120.0,5,105,1012.0,c2-inputs/c2-prod-v1/inputs/streams/rate_0p1_speed_120.json,c2-inputs/c2-prod-v1/inputs/schedules/rq2_e_r0p1_s120_l_glm_5_3_flash.csv,c2-inputs/c2-prod-v1/inputs/configs/speed_120_ues_5.json,1,26.2698,22.3294,83.8638,57.7936,,,,dp_r0p1_s120_u5
rq2_e_r0p1_s120_l_jev_1_13_0,RQ2,1,waiting_for_c1_ledger,E,L,Jev-1.13.0,0.1,120.0,5,105,1012.0,c2-inputs/c2-prod-v1/inputs/streams/rate_0p1_speed_120.json,c2-inputs/c2-prod-v1/inputs/schedules/rq2_e_r0p1_s120_l_jev_1_13_0.csv,c2-inputs/c2-prod-v1/inputs/configs/speed_120_ues_5.json,1,26.2698,22.3294,83.8638,57.7936,,,,dp_r0p1_s120_u5
rq2_e_r0p1_s120_l_qwen3_5_4b_json,RQ2,1,waiting_for_c1_ledger,E,L,Qwen3.5-4B-JSON,0.1,120.0,5,105,1012.0,c2-inputs/c2-prod-v1/inputs/streams/rate_0p1_speed_120.json,c2-inputs/c2-prod-v1/inputs/schedules/rq2_e_r0p1_s120_l_qwen3_5_4b_json.csv,c2-inputs/c2-prod-v1/inputs/configs/speed_120_ues_5.json,1,26.2698,22.3294,83.8638,57.7936,,,,dp_r0p1_s120_u5
rq2_e_r0p1_s120_l_qwen3_8_flash,RQ2,1,waiting_for_c1_ledger,E,L,Qwen3.8-Flash,0.1,120.0,5,105,1012.0,c2-inputs/c2-prod-v1/inputs/streams/rate_0p1_speed_120.json,c2-inputs/c2-prod-v1/inputs/schedules/rq2_e_r0p1_s120_l_qwen3_8_flash.csv,c2-inputs/c2-prod-v1/inputs/configs/speed_120_ues_5.json,1,26.2698,22.3294,83.8638,57.7936,,,,dp_r0p1_s120_u5
rq2_e_r0p1_s120_l_semif_qwen3_5_4b,RQ2,1,waiting_for_c1_ledger,E,L,SemIf-Qwen3.5-4B,0.1,120.0,5,105,1012.0,c2-inputs/c2-prod-v1/inputs/streams/rate_0p1_speed_120.json,c2-inputs/c2-prod-v1/inputs/schedules/rq2_e_r0p1_s120_l_semif_qwen3_5_4b.csv,c2-inputs/c2-prod-v1/inputs/configs/speed_120_ues_5.json,1,26.2698,22.3294,83.8638,57.7936,,,,dp_r0p1_s120_u5
rq2_e_r0p1_s120_no_update,RQ2,1,ready_after_pilot,E,no-update,control,0.1,120.0,5,105,1012.0,c2-inputs/c2-prod-v1/inputs/streams/rate_0p1_speed_120.json,c2-inputs/c2-prod-v1/inputs/schedules/rq2_e_r0p1_s120_no_update.csv,c2-inputs/c2-prod-v1/inputs/configs/speed_120_ues_5.json,1,26.2698,22.3294,83.8638,57.7936,,,,dp_r0p1_s120_u5
rq2_e_r0p1_s120_oracle,RQ2,1,ready_after_pilot,E,oracle,control,0.1,120.0,5,105,1012.0,c2-inputs/c2-prod-v1/inputs/streams/rate_0p1_speed_120.json,c2-inputs/c2-prod-v1/inputs/schedules/rq2_e_r0p1_s120_oracle.csv,c2-inputs/c2-prod-v1/inputs/configs/speed_120_ues_5.json,1,26.2698,22.3294,83.8638,57.7936,,,,dp_r0p1_s120_u5
rq2_e_r0p1_s3_fixed_0_1,RQ2,1,ready_after_pilot,E,fixed-0.1,control,0.1,3.0,5,105,1012.0,c2-inputs/c2-prod-v1/inputs/streams/rate_0p1_speed_3.json,c2-inputs/c2-prod-v1/inputs/schedules/rq2_e_r0p1_s3_fixed_0_1.csv,c2-inputs/c2-prod-v1/inputs/configs/speed_3_ues_5.json,1,26.2698,22.3294,83.8638,57.7936,,,,dp_r0p1_s3_u5
rq2_e_r0p1_s3_fixed_1,RQ2,1,ready_after_pilot,E,fixed-1,control,0.1,3.0,5,105,1012.0,c2-inputs/c2-prod-v1/inputs/streams/rate_0p1_speed_3.json,c2-inputs/c2-prod-v1/inputs/schedules/rq2_e_r0p1_s3_fixed_1.csv,c2-inputs/c2-prod-v1/inputs/configs/speed_3_ues_5.json,1,26.2698,22.3294,83.8638,57.7936,,,,dp_r0p1_s3_u5
rq2_e_r0p1_s3_fixed_5,RQ2,1,ready_after_pilot,E,fixed-5,control,0.1,3.0,5,105,1012.0,c2-inputs/c2-prod-v1/inputs/streams/rate_0p1_speed_3.json,c2-inputs/c2-prod-v1/inputs/schedules/rq2_e_r0p1_s3_fixed_5.csv,c2-inputs/c2-prod-v1/inputs/configs/speed_3_ues_5.json,1,26.2698,22.3294,83.8638,57.7936,,,,dp_r0p1_s3_u5
rq2_e_r0p1_s3_l_anyjev_l0,RQ2,1,waiting_for_c1_ledger,E,L,AnyJev-L0,0.1,3.0,5,105,1012.0,c2-inputs/c2-prod-v1/inputs/streams/rate_0p1_speed_3.json,c2-inputs/c2-prod-v1/inputs/schedules/rq2_e_r0p1_s3_l_anyjev_l0.csv,c2-inputs/c2-prod-v1/inputs/configs/speed_3_ues_5.json,1,26.2698,22.3294,83.8638,57.7936,,,,dp_r0p1_s3_u5
rq2_e_r0p1_s3_l_deepseek_v4_1_flash,RQ2,1,waiting_for_c1_ledger,E,L,DeepSeek-V4.1-Flash,0.1,3.0,5,105,1012.0,c2-inputs/c2-prod-v1/inputs/streams/rate_0p1_speed_3.json,c2-inputs/c2-prod-v1/inputs/schedules/rq2_e_r0p1_s3_l_deepseek_v4_1_flash.csv,c2-inputs/c2-prod-v1/inputs/configs/speed_3_ues_5.json,1,26.2698,22.3294,83.8638,57.7936,,,,dp_r0p1_s3_u5
rq2_e_r0p1_s3_l_glm_5_3_flash,RQ2,1,waiting_for_c1_ledger,E,L,GLM-5.3-Flash,0.1,3.0,5,105,1012.0,c2-inputs/c2-prod-v1/inputs/streams/rate_0p1_speed_3.json,c2-inputs/c2-prod-v1/inputs/schedules/rq2_e_r0p1_s3_l_glm_5_3_flash.csv,c2-inputs/c2-prod-v1/inputs/configs/speed_3_ues_5.json,1,26.2698,22.3294,83.8638,57.7936,,,,dp_r0p1_s3_u5
rq2_e_r0p1_s3_l_jev_1_13_0,RQ2,1,waiting_for_c1_ledger,E,L,Jev-1.13.0,0.1,3.0,5,105,1012.0,c2-inputs/c2-prod-v1/inputs/streams/rate_0p1_speed_3.json,c2-inputs/c2-prod-v1/inputs/schedules/rq2_e_r0p1_s3_l_jev_1_13_0.csv,c2-inputs/c2-prod-v1/inputs/configs/speed_3_ues_5.json,1,26.2698,22.3294,83.8638,57.7936,,,,dp_r0p1_s3_u5
rq2_e_r0p1_s3_l_qwen3_5_4b_json,RQ2,1,waiting_for_c1_ledger,E,L,Qwen3.5-4B-JSON,0.1,3.0,5,105,1012.0,c2-inputs/c2-prod-v1/inputs/streams/rate_0p1_speed_3.json,c2-inputs/c2-prod-v1/inputs/schedules/rq2_e_r0p1_s3_l_qwen3_5_4b_json.csv,c2-inputs/c2-prod-v1/inputs/configs/speed_3_ues_5.json,1,26.2698,22.3294,83.8638,57.7936,,,,dp_r0p1_s3_u5
rq2_e_r0p1_s3_l_qwen3_8_flash,RQ2,1,waiting_for_c1_ledger,E,L,Qwen3.8-Flash,0.1,3.0,5,105,1012.0,c2-inputs/c2-prod-v1/inputs/streams/rate_0p1_speed_3.json,c2-inputs/c2-prod-v1/inputs/schedules/rq2_e_r0p1_s3_l_qwen3_8_flash.csv,c2-inputs/c2-prod-v1/inputs/configs/speed_3_ues_5.json,1,26.2698,22.3294,83.8638,57.7936,,,,dp_r0p1_s3_u5
rq2_e_r0p1_s3_l_semif_qwen3_5_4b,RQ2,1,waiting_for_c1_ledger,E,L,SemIf-Qwen3.5-4B,0.1,3.0,5,105,1012.0,c2-inputs/c2-prod-v1/inputs/streams/rate_0p1_speed_3.json,c2-inputs/c2-prod-v1/inputs/schedules/rq2_e_r0p1_s3_l_semif_qwen3_5_4b.csv,c2-inputs/c2-prod-v1/inputs/configs/speed_3_ues_5.json,1,26.2698,22.3294,83.8638,57.7936,,,,dp_r0p1_s3_u5
rq2_e_r0p1_s3_no_update,RQ2,1,ready_after_pilot,E,no-update,control,0.1,3.0,5,105,1012.0,c2-inputs/c2-prod-v1/inputs/streams/rate_0p1_speed_3.json,c2-inputs/c2-prod-v1/inputs/schedules/rq2_e_r0p1_s3_no_update.csv,c2-inputs/c2-prod-v1/inputs/configs/speed_3_ues_5.json,1,26.2698,22.3294,83.8638,57.7936,,,,dp_r0p1_s3_u5
rq2_e_r0p1_s3_oracle,RQ2,1,ready_after_pilot,E,oracle,control,0.1,3.0,5,105,1012.0,c2-inputs/c2-prod-v1/inputs/streams/rate_0p1_speed_3.json,c2-inputs/c2-prod-v1/inputs/schedules/rq2_e_r0p1_s3_oracle.csv,c2-inputs/c2-prod-v1/inputs/configs/speed_3_ues_5.json,1,26.2698,22.3294,83.8638,57.7936,,,,dp_r0p1_s3_u5
rq2_e_r0p1_s60_fixed_0_1,RQ2,1,ready_after_pilot,E,fixed-0.1,control,0.1,60.0,5,105,1012.0,c2-inputs/c2-prod-v1/inputs/streams/rate_0p1_speed_60.json,c2-inputs/c2-prod-v1/inputs/schedules/rq2_e_r0p1_s60_fixed_0_1.csv,c2-inputs/c2-prod-v1/inputs/configs/speed_60_ues_5.json,1,26.2698,22.3294,83.8638,57.7936,,,,dp_r0p1_s60_u5
rq2_e_r0p1_s60_fixed_1,RQ2,1,ready_after_pilot,E,fixed-1,control,0.1,60.0,5,105,1012.0,c2-inputs/c2-prod-v1/inputs/streams/rate_0p1_speed_60.json,c2-inputs/c2-prod-v1/inputs/schedules/rq2_e_r0p1_s60_fixed_1.csv,c2-inputs/c2-prod-v1/inputs/configs/speed_60_ues_5.json,1,26.2698,22.3294,83.8638,57.7936,,,,dp_r0p1_s60_u5
rq2_e_r0p1_s60_fixed_5,RQ2,1,ready_after_pilot,E,fixed-5,control,0.1,60.0,5,105,1012.0,c2-inputs/c2-prod-v1/inputs/streams/rate_0p1_speed_60.json,c2-inputs/c2-prod-v1/inputs/schedules/rq2_e_r0p1_s60_fixed_5.csv,c2-inputs/c2-prod-v1/inputs/configs/speed_60_ues_5.json,1,26.2698,22.3294,83.8638,57.7936,,,,dp_r0p1_s60_u5
rq2_e_r0p1_s60_l_anyjev_l0,RQ2,1,waiting_for_c1_ledger,E,L,AnyJev-L0,0.1,60.0,5,105,1012.0,c2-inputs/c2-prod-v1/inputs/streams/rate_0p1_speed_60.json,c2-inputs/c2-prod-v1/inputs/schedules/rq2_e_r0p1_s60_l_anyjev_l0.csv,c2-inputs/c2-prod-v1/inputs/configs/speed_60_ues_5.json,1,26.2698,22.3294,83.8638,57.7936,,,,dp_r0p1_s60_u5
rq2_e_r0p1_s60_l_deepseek_v4_1_flash,RQ2,1,waiting_for_c1_ledger,E,L,DeepSeek-V4.1-Flash,0.1,60.0,5,105,1012.0,c2-inputs/c2-prod-v1/inputs/streams/rate_0p1_speed_60.json,c2-inputs/c2-prod-v1/inputs/schedules/rq2_e_r0p1_s60_l_deepseek_v4_1_flash.csv,c2-inputs/c2-prod-v1/inputs/configs/speed_60_ues_5.json,1,26.2698,22.3294,83.8638,57.7936,,,,dp_r0p1_s60_u5
rq2_e_r0p1_s60_l_glm_5_3_flash,RQ2,1,waiting_for_c1_ledger,E,L,GLM-5.3-Flash,0.1,60.0,5,105,1012.0,c2-inputs/c2-prod-v1/inputs/streams/rate_0p1_speed_60.json,c2-inputs/c2-prod-v1/inputs/schedules/rq2_e_r0p1_s60_l_glm_5_3_flash.csv,c2-inputs/c2-prod-v1/inputs/configs/speed_60_ues_5.json,1,26.2698,22.3294,83.8638,57.7936,,,,dp_r0p1_s60_u5
rq2_e_r0p1_s60_l_jev_1_13_0,RQ2,1,waiting_for_c1_ledger,E,L,Jev-1.13.0,0.1,60.0,5,105,1012.0,c2-inputs/c2-prod-v1/inputs/streams/rate_0p1_speed_60.json,c2-inputs/c2-prod-v1/inputs/schedules/rq2_e_r0p1_s60_l_jev_1_13_0.csv,c2-inputs/c2-prod-v1/inputs/configs/speed_60_ues_5.json,1,26.2698,22.3294,83.8638,57.7936,,,,dp_r0p1_s60_u5
rq2_e_r0p1_s60_l_qwen3_5_4b_json,RQ2,1,waiting_for_c1_ledger,E,L,Qwen3.5-4B-JSON,0.1,60.0,5,105,1012.0,c2-inputs/c2-prod-v1/inputs/streams/rate_0p1_speed_60.json,c2-inputs/c2-prod-v1/inputs/schedules/rq2_e_r0p1_s60_l_qwen3_5_4b_json.csv,c2-inputs/c2-prod-v1/inputs/configs/speed_60_ues_5.json,1,26.2698,22.3294,83.8638,57.7936,,,,dp_r0p1_s60_u5
rq2_e_r0p1_s60_l_qwen3_8_flash,RQ2,1,waiting_for_c1_ledger,E,L,Qwen3.8-Flash,0.1,60.0,5,105,1012.0,c2-inputs/c2-prod-v1/inputs/streams/rate_0p1_speed_60.json,c2-inputs/c2-prod-v1/inputs/schedules/rq2_e_r0p1_s60_l_qwen3_8_flash.csv,c2-inputs/c2-prod-v1/inputs/configs/speed_60_ues_5.json,1,26.2698,22.3294,83.8638,57.7936,,,,dp_r0p1_s60_u5
rq2_e_r0p1_s60_l_semif_qwen3_5_4b,RQ2,1,waiting_for_c1_ledger,E,L,SemIf-Qwen3.5-4B,0.1,60.0,5,105,1012.0,c2-inputs/c2-prod-v1/inputs/streams/rate_0p1_speed_60.json,c2-inputs/c2-prod-v1/inputs/schedules/rq2_e_r0p1_s60_l_semif_qwen3_5_4b.csv,c2-inputs/c2-prod-v1/inputs/configs/speed_60_ues_5.json,1,26.2698,22.3294,83.8638,57.7936,,,,dp_r0p1_s60_u5
rq2_e_r0p1_s60_no_update,RQ2,1,ready_after_pilot,E,no-update,control,0.1,60.0,5,105,1012.0,c2-inputs/c2-prod-v1/inputs/streams/rate_0p1_speed_60.json,c2-inputs/c2-prod-v1/inputs/schedules/rq2_e_r0p1_s60_no_update.csv,c2-inputs/c2-prod-v1/inputs/configs/speed_60_ues_5.json,1,26.2698,22.3294,83.8638,57.7936,,,,dp_r0p1_s60_u5
rq2_e_r0p1_s60_oracle,RQ2,1,ready_after_pilot,E,oracle,control,0.1,60.0,5,105,1012.0,c2-inputs/c2-prod-v1/inputs/streams/rate_0p1_speed_60.json,c2-inputs/c2-prod-v1/inputs/schedules/rq2_e_r0p1_s60_oracle.csv,c2-inputs/c2-prod-v1/inputs/configs/speed_60_ues_5.json,1,26.2698,22.3294,83.8638,57.7936,,,,dp_r0p1_s60_u5
rq2_e_r0p3_s120_fixed_0_1,RQ2,1,ready_after_pilot,E,fixed-0.1,control,0.3,120.0,5,105,345.333333,c2-inputs/c2-prod-v1/inputs/streams/rate_0p3_speed_120.json,c2-inputs/c2-prod-v1/inputs/schedules/rq2_e_r0p3_s120_fixed_0_1.csv,c2-inputs/c2-prod-v1/inputs/configs/speed_120_ues_5.json,1,8.9643,7.6196,28.6176,19.7214,,,,dp_r0p3_s120_u5
rq2_e_r0p3_s120_fixed_1,RQ2,1,ready_after_pilot,E,fixed-1,control,0.3,120.0,5,105,345.333333,c2-inputs/c2-prod-v1/inputs/streams/rate_0p3_speed_120.json,c2-inputs/c2-prod-v1/inputs/schedules/rq2_e_r0p3_s120_fixed_1.csv,c2-inputs/c2-prod-v1/inputs/configs/speed_120_ues_5.json,1,8.9643,7.6196,28.6176,19.7214,,,,dp_r0p3_s120_u5
rq2_e_r0p3_s120_fixed_5,RQ2,1,ready_after_pilot,E,fixed-5,control,0.3,120.0,5,105,345.333333,c2-inputs/c2-prod-v1/inputs/streams/rate_0p3_speed_120.json,c2-inputs/c2-prod-v1/inputs/schedules/rq2_e_r0p3_s120_fixed_5.csv,c2-inputs/c2-prod-v1/inputs/configs/speed_120_ues_5.json,1,8.9643,7.6196,28.6176,19.7214,,,,dp_r0p3_s120_u5
rq2_e_r0p3_s120_l_anyjev_l0,RQ2,1,waiting_for_c1_ledger,E,L,AnyJev-L0,0.3,120.0,5,105,345.333333,c2-inputs/c2-prod-v1/inputs/streams/rate_0p3_speed_120.json,c2-inputs/c2-prod-v1/inputs/schedules/rq2_e_r0p3_s120_l_anyjev_l0.csv,c2-inputs/c2-prod-v1/inputs/configs/speed_120_ues_5.json,1,8.9643,7.6196,28.6176,19.7214,,,,dp_r0p3_s120_u5
rq2_e_r0p3_s120_l_deepseek_v4_1_flash,RQ2,1,waiting_for_c1_ledger,E,L,DeepSeek-V4.1-Flash,0.3,120.0,5,105,345.333333,c2-inputs/c2-prod-v1/inputs/streams/rate_0p3_speed_120.json,c2-inputs/c2-prod-v1/inputs/schedules/rq2_e_r0p3_s120_l_deepseek_v4_1_flash.csv,c2-inputs/c2-prod-v1/inputs/configs/speed_120_ues_5.json,1,8.9643,7.6196,28.6176,19.7214,,,,dp_r0p3_s120_u5
rq2_e_r0p3_s120_l_glm_5_3_flash,RQ2,1,waiting_for_c1_ledger,E,L,GLM-5.3-Flash,0.3,120.0,5,105,345.333333,c2-inputs/c2-prod-v1/inputs/streams/rate_0p3_speed_120.json,c2-inputs/c2-prod-v1/inputs/schedules/rq2_e_r0p3_s120_l_glm_5_3_flash.csv,c2-inputs/c2-prod-v1/inputs/configs/speed_120_ues_5.json,1,8.9643,7.6196,28.6176,19.7214,,,,dp_r0p3_s120_u5
rq2_e_r0p3_s120_l_jev_1_13_0,RQ2,1,waiting_for_c1_ledger,E,L,Jev-1.13.0,0.3,120.0,5,105,345.333333,c2-inputs/c2-prod-v1/inputs/streams/rate_0p3_speed_120.json,c2-inputs/c2-prod-v1/inputs/schedules/rq2_e_r0p3_s120_l_jev_1_13_0.csv,c2-inputs/c2-prod-v1/inputs/configs/speed_120_ues_5.json,1,8.9643,7.6196,28.6176,19.7214,,,,dp_r0p3_s120_u5
rq2_e_r0p3_s120_l_qwen3_5_4b_json,RQ2,1,waiting_for_c1_ledger,E,L,Qwen3.5-4B-JSON,0.3,120.0,5,105,345.333333,c2-inputs/c2-prod-v1/inputs/streams/rate_0p3_speed_120.json,c2-inputs/c2-prod-v1/inputs/schedules/rq2_e_r0p3_s120_l_qwen3_5_4b_json.csv,c2-inputs/c2-prod-v1/inputs/configs/speed_120_ues_5.json,1,8.9643,7.6196,28.6176,19.7214,,,,dp_r0p3_s120_u5
rq2_e_r0p3_s120_l_qwen3_8_flash,RQ2,1,waiting_for_c1_ledger,E,L,Qwen3.8-Flash,0.3,120.0,5,105,345.333333,c2-inputs/c2-prod-v1/inputs/streams/rate_0p3_speed_120.json,c2-inputs/c2-prod-v1/inputs/schedules/rq2_e_r0p3_s120_l_qwen3_8_flash.csv,c2-inputs/c2-prod-v1/inputs/configs/speed_120_ues_5.json,1,8.9643,7.6196,28.6176,19.7214,,,,dp_r0p3_s120_u5
rq2_e_r0p3_s120_l_semif_qwen3_5_4b,RQ2,1,waiting_for_c1_ledger,E,L,SemIf-Qwen3.5-4B,0.3,120.0,5,105,345.333333,c2-inputs/c2-prod-v1/inputs/streams/rate_0p3_speed_120.json,c2-inputs/c2-prod-v1/inputs/schedules/rq2_e_r0p3_s120_l_semif_qwen3_5_4b.csv,c2-inputs/c2-prod-v1/inputs/configs/speed_120_ues_5.json,1,8.9643,7.6196,28.6176,19.7214,,,,dp_r0p3_s120_u5
rq2_e_r0p3_s120_no_update,RQ2,1,ready_after_pilot,E,no-update,control,0.3,120.0,5,105,345.333333,c2-inputs/c2-prod-v1/inputs/streams/rate_0p3_speed_120.json,c2-inputs/c2-prod-v1/inputs/schedules/rq2_e_r0p3_s120_no_update.csv,c2-inputs/c2-prod-v1/inputs/configs/speed_120_ues_5.json,1,8.9643,7.6196,28.6176,19.7214,,,,dp_r0p3_s120_u5
rq2_e_r0p3_s120_oracle,RQ2,1,ready_after_pilot,E,oracle,control,0.3,120.0,5,105,345.333333,c2-inputs/c2-prod-v1/inputs/streams/rate_0p3_speed_120.json,c2-inputs/c2-prod-v1/inputs/schedules/rq2_e_r0p3_s120_oracle.csv,c2-inputs/c2-prod-v1/inputs/configs/speed_120_ues_5.json,1,8.9643,7.6196,28.6176,19.7214,,,,dp_r0p3_s120_u5
rq2_e_r0p3_s3_fixed_0_1,RQ2,1,ready_after_pilot,E,fixed-0.1,control,0.3,3.0,5,105,345.333333,c2-inputs/c2-prod-v1/inputs/streams/rate_0p3_speed_3.json,c2-inputs/c2-prod-v1/inputs/schedules/rq2_e_r0p3_s3_fixed_0_1.csv,c2-inputs/c2-prod-v1/inputs/configs/speed_3_ues_5.json,1,8.9643,7.6196,28.6176,19.7214,,,,dp_r0p3_s3_u5
rq2_e_r0p3_s3_fixed_1,RQ2,1,ready_after_pilot,E,fixed-1,control,0.3,3.0,5,105,345.333333,c2-inputs/c2-prod-v1/inputs/streams/rate_0p3_speed_3.json,c2-inputs/c2-prod-v1/inputs/schedules/rq2_e_r0p3_s3_fixed_1.csv,c2-inputs/c2-prod-v1/inputs/configs/speed_3_ues_5.json,1,8.9643,7.6196,28.6176,19.7214,,,,dp_r0p3_s3_u5
rq2_e_r0p3_s3_fixed_5,RQ2,1,ready_after_pilot,E,fixed-5,control,0.3,3.0,5,105,345.333333,c2-inputs/c2-prod-v1/inputs/streams/rate_0p3_speed_3.json,c2-inputs/c2-prod-v1/inputs/schedules/rq2_e_r0p3_s3_fixed_5.csv,c2-inputs/c2-prod-v1/inputs/configs/speed_3_ues_5.json,1,8.9643,7.6196,28.6176,19.7214,,,,dp_r0p3_s3_u5
rq2_e_r0p3_s3_l_anyjev_l0,RQ2,1,waiting_for_c1_ledger,E,L,AnyJev-L0,0.3,3.0,5,105,345.333333,c2-inputs/c2-prod-v1/inputs/streams/rate_0p3_speed_3.json,c2-inputs/c2-prod-v1/inputs/schedules/rq2_e_r0p3_s3_l_anyjev_l0.csv,c2-inputs/c2-prod-v1/inputs/configs/speed_3_ues_5.json,1,8.9643,7.6196,28.6176,19.7214,,,,dp_r0p3_s3_u5
rq2_e_r0p3_s3_l_deepseek_v4_1_flash,RQ2,1,waiting_for_c1_ledger,E,L,DeepSeek-V4.1-Flash,0.3,3.0,5,105,345.333333,c2-inputs/c2-prod-v1/inputs/streams/rate_0p3_speed_3.json,c2-inputs/c2-prod-v1/inputs/schedules/rq2_e_r0p3_s3_l_deepseek_v4_1_flash.csv,c2-inputs/c2-prod-v1/inputs/configs/speed_3_ues_5.json,1,8.9643,7.6196,28.6176,19.7214,,,,dp_r0p3_s3_u5
rq2_e_r0p3_s3_l_glm_5_3_flash,RQ2,1,waiting_for_c1_ledger,E,L,GLM-5.3-Flash,0.3,3.0,5,105,345.333333,c2-inputs/c2-prod-v1/inputs/streams/rate_0p3_speed_3.json,c2-inputs/c2-prod-v1/inputs/schedules/rq2_e_r0p3_s3_l_glm_5_3_flash.csv,c2-inputs/c2-prod-v1/inputs/configs/speed_3_ues_5.json,1,8.9643,7.6196,28.6176,19.7214,,,,dp_r0p3_s3_u5
rq2_e_r0p3_s3_l_jev_1_13_0,RQ2,1,waiting_for_c1_ledger,E,L,Jev-1.13.0,0.3,3.0,5,105,345.333333,c2-inputs/c2-prod-v1/inputs/streams/rate_0p3_speed_3.json,c2-inputs/c2-prod-v1/inputs/schedules/rq2_e_r0p3_s3_l_jev_1_13_0.csv,c2-inputs/c2-prod-v1/inputs/configs/speed_3_ues_5.json,1,8.9643,7.6196,28.6176,19.7214,,,,dp_r0p3_s3_u5
rq2_e_r0p3_s3_l_qwen3_5_4b_json,RQ2,1,waiting_for_c1_ledger,E,L,Qwen3.5-4B-JSON,0.3,3.0,5,105,345.333333,c2-inputs/c2-prod-v1/inputs/streams/rate_0p3_speed_3.json,c2-inputs/c2-prod-v1/inputs/schedules/rq2_e_r0p3_s3_l_qwen3_5_4b_json.csv,c2-inputs/c2-prod-v1/inputs/configs/speed_3_ues_5.json,1,8.9643,7.6196,28.6176,19.7214,,,,dp_r0p3_s3_u5
rq2_e_r0p3_s3_l_qwen3_8_flash,RQ2,1,waiting_for_c1_ledger,E,L,Qwen3.8-Flash,0.3,3.0,5,105,345.333333,c2-inputs/c2-prod-v1/inputs/streams/rate_0p3_speed_3.json,c2-inputs/c2-prod-v1/inputs/schedules/rq2_e_r0p3_s3_l_qwen3_8_flash.csv,c2-inputs/c2-prod-v1/inputs/configs/speed_3_ues_5.json,1,8.9643,7.6196,28.6176,19.7214,,,,dp_r0p3_s3_u5
rq2_e_r0p3_s3_l_semif_qwen3_5_4b,RQ2,1,waiting_for_c1_ledger,E,L,SemIf-Qwen3.5-4B,0.3,3.0,5,105,345.333333,c2-inputs/c2-prod-v1/inputs/streams/rate_0p3_speed_3.json,c2-inputs/c2-prod-v1/inputs/schedules/rq2_e_r0p3_s3_l_semif_qwen3_5_4b.csv,c2-inputs/c2-prod-v1/inputs/configs/speed_3_ues_5.json,1,8.9643,7.6196,28.6176,19.7214,,,,dp_r0p3_s3_u5
rq2_e_r0p3_s3_no_update,RQ2,1,ready_after_pilot,E,no-update,control,0.3,3.0,5,105,345.333333,c2-inputs/c2-prod-v1/inputs/streams/rate_0p3_speed_3.json,c2-inputs/c2-prod-v1/inputs/schedules/rq2_e_r0p3_s3_no_update.csv,c2-inputs/c2-prod-v1/inputs/configs/speed_3_ues_5.json,1,8.9643,7.6196,28.6176,19.7214,,,,dp_r0p3_s3_u5
rq2_e_r0p3_s3_oracle,RQ2,1,ready_after_pilot,E,oracle,control,0.3,3.0,5,105,345.333333,c2-inputs/c2-prod-v1/inputs/streams/rate_0p3_speed_3.json,c2-inputs/c2-prod-v1/inputs/schedules/rq2_e_r0p3_s3_oracle.csv,c2-inputs/c2-prod-v1/inputs/configs/speed_3_ues_5.json,1,8.9643,7.6196,28.6176,19.7214,,,,dp_r0p3_s3_u5
rq2_e_r0p3_s60_fixed_0_1,RQ2,1,ready_after_pilot,E,fixed-0.1,control,0.3,60.0,5,105,345.333333,c2-inputs/c2-prod-v1/inputs/streams/rate_0p3_speed_60.json,c2-inputs/c2-prod-v1/inputs/schedules/rq2_e_r0p3_s60_fixed_0_1.csv,c2-inputs/c2-prod-v1/inputs/configs/speed_60_ues_5.json,1,8.9643,7.6196,28.6176,19.7214,,,,dp_r0p3_s60_u5
rq2_e_r0p3_s60_fixed_1,RQ2,1,ready_after_pilot,E,fixed-1,control,0.3,60.0,5,105,345.333333,c2-inputs/c2-prod-v1/inputs/streams/rate_0p3_speed_60.json,c2-inputs/c2-prod-v1/inputs/schedules/rq2_e_r0p3_s60_fixed_1.csv,c2-inputs/c2-prod-v1/inputs/configs/speed_60_ues_5.json,1,8.9643,7.6196,28.6176,19.7214,,,,dp_r0p3_s60_u5
rq2_e_r0p3_s60_fixed_5,RQ2,1,ready_after_pilot,E,fixed-5,control,0.3,60.0,5,105,345.333333,c2-inputs/c2-prod-v1/inputs/streams/rate_0p3_speed_60.json,c2-inputs/c2-prod-v1/inputs/schedules/rq2_e_r0p3_s60_fixed_5.csv,c2-inputs/c2-prod-v1/inputs/configs/speed_60_ues_5.json,1,8.9643,7.6196,28.6176,19.7214,,,,dp_r0p3_s60_u5
rq2_e_r0p3_s60_l_anyjev_l0,RQ2,1,waiting_for_c1_ledger,E,L,AnyJev-L0,0.3,60.0,5,105,345.333333,c2-inputs/c2-prod-v1/inputs/streams/rate_0p3_speed_60.json,c2-inputs/c2-prod-v1/inputs/schedules/rq2_e_r0p3_s60_l_anyjev_l0.csv,c2-inputs/c2-prod-v1/inputs/configs/speed_60_ues_5.json,1,8.9643,7.6196,28.6176,19.7214,,,,dp_r0p3_s60_u5
rq2_e_r0p3_s60_l_deepseek_v4_1_flash,RQ2,1,waiting_for_c1_ledger,E,L,DeepSeek-V4.1-Flash,0.3,60.0,5,105,345.333333,c2-inputs/c2-prod-v1/inputs/streams/rate_0p3_speed_60.json,c2-inputs/c2-prod-v1/inputs/schedules/rq2_e_r0p3_s60_l_deepseek_v4_1_flash.csv,c2-inputs/c2-prod-v1/inputs/configs/speed_60_ues_5.json,1,8.9643,7.6196,28.6176,19.7214,,,,dp_r0p3_s60_u5
rq2_e_r0p3_s60_l_glm_5_3_flash,RQ2,1,waiting_for_c1_ledger,E,L,GLM-5.3-Flash,0.3,60.0,5,105,345.333333,c2-inputs/c2-prod-v1/inputs/streams/rate_0p3_speed_60.json,c2-inputs/c2-prod-v1/inputs/schedules/rq2_e_r0p3_s60_l_glm_5_3_flash.csv,c2-inputs/c2-prod-v1/inputs/configs/speed_60_ues_5.json,1,8.9643,7.6196,28.6176,19.7214,,,,dp_r0p3_s60_u5
rq2_e_r0p3_s60_l_jev_1_13_0,RQ2,1,waiting_for_c1_ledger,E,L,Jev-1.13.0,0.3,60.0,5,105,345.333333,c2-inputs/c2-prod-v1/inputs/streams/rate_0p3_speed_60.json,c2-inputs/c2-prod-v1/inputs/schedules/rq2_e_r0p3_s60_l_jev_1_13_0.csv,c2-inputs/c2-prod-v1/inputs/configs/speed_60_ues_5.json,1,8.9643,7.6196,28.6176,19.7214,,,,dp_r0p3_s60_u5
rq2_e_r0p3_s60_l_qwen3_5_4b_json,RQ2,1,waiting_for_c1_ledger,E,L,Qwen3.5-4B-JSON,0.3,60.0,5,105,345.333333,c2-inputs/c2-prod-v1/inputs/streams/rate_0p3_speed_60.json,c2-inputs/c2-prod-v1/inputs/schedules/rq2_e_r0p3_s60_l_qwen3_5_4b_json.csv,c2-inputs/c2-prod-v1/inputs/configs/speed_60_ues_5.json,1,8.9643,7.6196,28.6176,19.7214,,,,dp_r0p3_s60_u5
rq2_e_r0p3_s60_l_qwen3_8_flash,RQ2,1,waiting_for_c1_ledger,E,L,Qwen3.8-Flash,0.3,60.0,5,105,345.333333,c2-inputs/c2-prod-v1/inputs/streams/rate_0p3_speed_60.json,c2-inputs/c2-prod-v1/inputs/schedules/rq2_e_r0p3_s60_l_qwen3_8_flash.csv,c2-inputs/c2-prod-v1/inputs/configs/speed_60_ues_5.json,1,8.9643,7.6196,28.6176,19.7214,,,,dp_r0p3_s60_u5
rq2_e_r0p3_s60_l_semif_qwen3_5_4b,RQ2,1,waiting_for_c1_ledger,E,L,SemIf-Qwen3.5-4B,0.3,60.0,5,105,345.333333,c2-inputs/c2-prod-v1/inputs/streams/rate_0p3_speed_60.json,c2-inputs/c2-prod-v1/inputs/schedules/rq2_e_r0p3_s60_l_semif_qwen3_5_4b.csv,c2-inputs/c2-prod-v1/inputs/configs/speed_60_ues_5.json,1,8.9643,7.6196,28.6176,19.7214,,,,dp_r0p3_s60_u5
rq2_e_r0p3_s60_no_update,RQ2,1,ready_after_pilot,E,no-update,control,0.3,60.0,5,105,345.333333,c2-inputs/c2-prod-v1/inputs/streams/rate_0p3_speed_60.json,c2-inputs/c2-prod-v1/inputs/schedules/rq2_e_r0p3_s60_no_update.csv,c2-inputs/c2-prod-v1/inputs/configs/speed_60_ues_5.json,1,8.9643,7.6196,28.6176,19.7214,,,,dp_r0p3_s60_u5
rq2_e_r0p3_s60_oracle,RQ2,1,ready_after_pilot,E,oracle,control,0.3,60.0,5,105,345.333333,c2-inputs/c2-prod-v1/inputs/streams/rate_0p3_speed_60.json,c2-inputs/c2-prod-v1/inputs/schedules/rq2_e_r0p3_s60_oracle.csv,c2-inputs/c2-prod-v1/inputs/configs/speed_60_ues_5.json,1,8.9643,7.6196,28.6176,19.7214,,,,dp_r0p3_s60_u5
rq2_e_r1_s120_fixed_0_1,RQ2,1,ready_after_pilot,E,fixed-0.1,control,1.0,120.0,5,105,112.0,c2-inputs/c2-prod-v1/inputs/streams/rate_1_speed_120.json,c2-inputs/c2-prod-v1/inputs/schedules/rq2_e_r1_s120_fixed_0_1.csv,c2-inputs/c2-prod-v1/inputs/configs/speed_120_ues_5.json,1,2.9073,2.4712,9.2814,6.3961,,,,dp_r1_s120_u5
rq2_e_r1_s120_fixed_1,RQ2,1,ready_after_pilot,E,fixed-1,control,1.0,120.0,5,105,112.0,c2-inputs/c2-prod-v1/inputs/streams/rate_1_speed_120.json,c2-inputs/c2-prod-v1/inputs/schedules/rq2_e_r1_s120_fixed_1.csv,c2-inputs/c2-prod-v1/inputs/configs/speed_120_ues_5.json,1,2.9073,2.4712,9.2814,6.3961,,,,dp_r1_s120_u5
rq2_e_r1_s120_fixed_5,RQ2,1,ready_after_pilot,E,fixed-5,control,1.0,120.0,5,105,112.0,c2-inputs/c2-prod-v1/inputs/streams/rate_1_speed_120.json,c2-inputs/c2-prod-v1/inputs/schedules/rq2_e_r1_s120_fixed_5.csv,c2-inputs/c2-prod-v1/inputs/configs/speed_120_ues_5.json,1,2.9073,2.4712,9.2814,6.3961,,,,dp_r1_s120_u5
rq2_e_r1_s120_l_anyjev_l0,RQ2,1,waiting_for_c1_ledger,E,L,AnyJev-L0,1.0,120.0,5,105,112.0,c2-inputs/c2-prod-v1/inputs/streams/rate_1_speed_120.json,c2-inputs/c2-prod-v1/inputs/schedules/rq2_e_r1_s120_l_anyjev_l0.csv,c2-inputs/c2-prod-v1/inputs/configs/speed_120_ues_5.json,1,2.9073,2.4712,9.2814,6.3961,,,,dp_r1_s120_u5
rq2_e_r1_s120_l_deepseek_v4_1_flash,RQ2,1,waiting_for_c1_ledger,E,L,DeepSeek-V4.1-Flash,1.0,120.0,5,105,112.0,c2-inputs/c2-prod-v1/inputs/streams/rate_1_speed_120.json,c2-inputs/c2-prod-v1/inputs/schedules/rq2_e_r1_s120_l_deepseek_v4_1_flash.csv,c2-inputs/c2-prod-v1/inputs/configs/speed_120_ues_5.json,1,2.9073,2.4712,9.2814,6.3961,,,,dp_r1_s120_u5
rq2_e_r1_s120_l_glm_5_3_flash,RQ2,1,waiting_for_c1_ledger,E,L,GLM-5.3-Flash,1.0,120.0,5,105,112.0,c2-inputs/c2-prod-v1/inputs/streams/rate_1_speed_120.json,c2-inputs/c2-prod-v1/inputs/schedules/rq2_e_r1_s120_l_glm_5_3_flash.csv,c2-inputs/c2-prod-v1/inputs/configs/speed_120_ues_5.json,1,2.9073,2.4712,9.2814,6.3961,,,,dp_r1_s120_u5
rq2_e_r1_s120_l_jev_1_13_0,RQ2,1,waiting_for_c1_ledger,E,L,Jev-1.13.0,1.0,120.0,5,105,112.0,c2-inputs/c2-prod-v1/inputs/streams/rate_1_speed_120.json,c2-inputs/c2-prod-v1/inputs/schedules/rq2_e_r1_s120_l_jev_1_13_0.csv,c2-inputs/c2-prod-v1/inputs/configs/speed_120_ues_5.json,1,2.9073,2.4712,9.2814,6.3961,,,,dp_r1_s120_u5
rq2_e_r1_s120_l_qwen3_5_4b_json,RQ2,1,waiting_for_c1_ledger,E,L,Qwen3.5-4B-JSON,1.0,120.0,5,105,112.0,c2-inputs/c2-prod-v1/inputs/streams/rate_1_speed_120.json,c2-inputs/c2-prod-v1/inputs/schedules/rq2_e_r1_s120_l_qwen3_5_4b_json.csv,c2-inputs/c2-prod-v1/inputs/configs/speed_120_ues_5.json,1,2.9073,2.4712,9.2814,6.3961,,,,dp_r1_s120_u5
rq2_e_r1_s120_l_qwen3_8_flash,RQ2,1,waiting_for_c1_ledger,E,L,Qwen3.8-Flash,1.0,120.0,5,105,112.0,c2-inputs/c2-prod-v1/inputs/streams/rate_1_speed_120.json,c2-inputs/c2-prod-v1/inputs/schedules/rq2_e_r1_s120_l_qwen3_8_flash.csv,c2-inputs/c2-prod-v1/inputs/configs/speed_120_ues_5.json,1,2.9073,2.4712,9.2814,6.3961,,,,dp_r1_s120_u5
rq2_e_r1_s120_l_semif_qwen3_5_4b,RQ2,1,waiting_for_c1_ledger,E,L,SemIf-Qwen3.5-4B,1.0,120.0,5,105,112.0,c2-inputs/c2-prod-v1/inputs/streams/rate_1_speed_120.json,c2-inputs/c2-prod-v1/inputs/schedules/rq2_e_r1_s120_l_semif_qwen3_5_4b.csv,c2-inputs/c2-prod-v1/inputs/configs/speed_120_ues_5.json,1,2.9073,2.4712,9.2814,6.3961,,,,dp_r1_s120_u5
rq2_e_r1_s120_no_update,RQ2,1,ready_after_pilot,E,no-update,control,1.0,120.0,5,105,112.0,c2-inputs/c2-prod-v1/inputs/streams/rate_1_speed_120.json,c2-inputs/c2-prod-v1/inputs/schedules/rq2_e_r1_s120_no_update.csv,c2-inputs/c2-prod-v1/inputs/configs/speed_120_ues_5.json,1,2.9073,2.4712,9.2814,6.3961,,,,dp_r1_s120_u5
rq2_e_r1_s120_oracle,RQ2,1,ready_after_pilot,E,oracle,control,1.0,120.0,5,105,112.0,c2-inputs/c2-prod-v1/inputs/streams/rate_1_speed_120.json,c2-inputs/c2-prod-v1/inputs/schedules/rq2_e_r1_s120_oracle.csv,c2-inputs/c2-prod-v1/inputs/configs/speed_120_ues_5.json,1,2.9073,2.4712,9.2814,6.3961,,,,dp_r1_s120_u5
rq2_e_r1_s3_fixed_0_1,RQ2,1,ready_after_pilot,E,fixed-0.1,control,1.0,3.0,5,105,112.0,c2-inputs/c2-prod-v1/inputs/streams/rate_1_speed_3.json,c2-inputs/c2-prod-v1/inputs/schedules/rq2_e_r1_s3_fixed_0_1.csv,c2-inputs/c2-prod-v1/inputs/configs/speed_3_ues_5.json,1,2.9073,2.4712,9.2814,6.3961,,,,dp_r1_s3_u5
rq2_e_r1_s3_fixed_1,RQ2,1,ready_after_pilot,E,fixed-1,control,1.0,3.0,5,105,112.0,c2-inputs/c2-prod-v1/inputs/streams/rate_1_speed_3.json,c2-inputs/c2-prod-v1/inputs/schedules/rq2_e_r1_s3_fixed_1.csv,c2-inputs/c2-prod-v1/inputs/configs/speed_3_ues_5.json,1,2.9073,2.4712,9.2814,6.3961,,,,dp_r1_s3_u5
rq2_e_r1_s3_fixed_5,RQ2,1,ready_after_pilot,E,fixed-5,control,1.0,3.0,5,105,112.0,c2-inputs/c2-prod-v1/inputs/streams/rate_1_speed_3.json,c2-inputs/c2-prod-v1/inputs/schedules/rq2_e_r1_s3_fixed_5.csv,c2-inputs/c2-prod-v1/inputs/configs/speed_3_ues_5.json,1,2.9073,2.4712,9.2814,6.3961,,,,dp_r1_s3_u5
rq2_e_r1_s3_l_anyjev_l0,RQ2,1,waiting_for_c1_ledger,E,L,AnyJev-L0,1.0,3.0,5,105,112.0,c2-inputs/c2-prod-v1/inputs/streams/rate_1_speed_3.json,c2-inputs/c2-prod-v1/inputs/schedules/rq2_e_r1_s3_l_anyjev_l0.csv,c2-inputs/c2-prod-v1/inputs/configs/speed_3_ues_5.json,1,2.9073,2.4712,9.2814,6.3961,,,,dp_r1_s3_u5
rq2_e_r1_s3_l_deepseek_v4_1_flash,RQ2,1,waiting_for_c1_ledger,E,L,DeepSeek-V4.1-Flash,1.0,3.0,5,105,112.0,c2-inputs/c2-prod-v1/inputs/streams/rate_1_speed_3.json,c2-inputs/c2-prod-v1/inputs/schedules/rq2_e_r1_s3_l_deepseek_v4_1_flash.csv,c2-inputs/c2-prod-v1/inputs/configs/speed_3_ues_5.json,1,2.9073,2.4712,9.2814,6.3961,,,,dp_r1_s3_u5
rq2_e_r1_s3_l_glm_5_3_flash,RQ2,1,waiting_for_c1_ledger,E,L,GLM-5.3-Flash,1.0,3.0,5,105,112.0,c2-inputs/c2-prod-v1/inputs/streams/rate_1_speed_3.json,c2-inputs/c2-prod-v1/inputs/schedules/rq2_e_r1_s3_l_glm_5_3_flash.csv,c2-inputs/c2-prod-v1/inputs/configs/speed_3_ues_5.json,1,2.9073,2.4712,9.2814,6.3961,,,,dp_r1_s3_u5
rq2_e_r1_s3_l_jev_1_13_0,RQ2,1,waiting_for_c1_ledger,E,L,Jev-1.13.0,1.0,3.0,5,105,112.0,c2-inputs/c2-prod-v1/inputs/streams/rate_1_speed_3.json,c2-inputs/c2-prod-v1/inputs/schedules/rq2_e_r1_s3_l_jev_1_13_0.csv,c2-inputs/c2-prod-v1/inputs/configs/speed_3_ues_5.json,1,2.9073,2.4712,9.2814,6.3961,,,,dp_r1_s3_u5
rq2_e_r1_s3_l_qwen3_5_4b_json,RQ2,1,waiting_for_c1_ledger,E,L,Qwen3.5-4B-JSON,1.0,3.0,5,105,112.0,c2-inputs/c2-prod-v1/inputs/streams/rate_1_speed_3.json,c2-inputs/c2-prod-v1/inputs/schedules/rq2_e_r1_s3_l_qwen3_5_4b_json.csv,c2-inputs/c2-prod-v1/inputs/configs/speed_3_ues_5.json,1,2.9073,2.4712,9.2814,6.3961,,,,dp_r1_s3_u5
rq2_e_r1_s3_l_qwen3_8_flash,RQ2,1,waiting_for_c1_ledger,E,L,Qwen3.8-Flash,1.0,3.0,5,105,112.0,c2-inputs/c2-prod-v1/inputs/streams/rate_1_speed_3.json,c2-inputs/c2-prod-v1/inputs/schedules/rq2_e_r1_s3_l_qwen3_8_flash.csv,c2-inputs/c2-prod-v1/inputs/configs/speed_3_ues_5.json,1,2.9073,2.4712,9.2814,6.3961,,,,dp_r1_s3_u5
rq2_e_r1_s3_l_semif_qwen3_5_4b,RQ2,1,waiting_for_c1_ledger,E,L,SemIf-Qwen3.5-4B,1.0,3.0,5,105,112.0,c2-inputs/c2-prod-v1/inputs/streams/rate_1_speed_3.json,c2-inputs/c2-prod-v1/inputs/schedules/rq2_e_r1_s3_l_semif_qwen3_5_4b.csv,c2-inputs/c2-prod-v1/inputs/configs/speed_3_ues_5.json,1,2.9073,2.4712,9.2814,6.3961,,,,dp_r1_s3_u5
rq2_e_r1_s3_no_update,RQ2,1,ready_after_pilot,E,no-update,control,1.0,3.0,5,105,112.0,c2-inputs/c2-prod-v1/inputs/streams/rate_1_speed_3.json,c2-inputs/c2-prod-v1/inputs/schedules/rq2_e_r1_s3_no_update.csv,c2-inputs/c2-prod-v1/inputs/configs/speed_3_ues_5.json,1,2.9073,2.4712,9.2814,6.3961,,,,dp_r1_s3_u5
rq2_e_r1_s3_oracle,RQ2,1,ready_after_pilot,E,oracle,control,1.0,3.0,5,105,112.0,c2-inputs/c2-prod-v1/inputs/streams/rate_1_speed_3.json,c2-inputs/c2-prod-v1/inputs/schedules/rq2_e_r1_s3_oracle.csv,c2-inputs/c2-prod-v1/inputs/configs/speed_3_ues_5.json,1,2.9073,2.4712,9.2814,6.3961,,,,dp_r1_s3_u5
rq2_e_r1_s60_fixed_0_1,RQ2,1,ready_after_pilot,E,fixed-0.1,control,1.0,60.0,5,105,112.0,c2-inputs/c2-prod-v1/inputs/streams/rate_1_speed_60.json,c2-inputs/c2-prod-v1/inputs/schedules/rq2_e_r1_s60_fixed_0_1.csv,c2-inputs/c2-prod-v1/inputs/configs/speed_60_ues_5.json,1,2.9073,2.4712,9.2814,6.3961,,,,dp_r1_s60_u5
rq2_e_r1_s60_fixed_1,RQ2,1,ready_after_pilot,E,fixed-1,control,1.0,60.0,5,105,112.0,c2-inputs/c2-prod-v1/inputs/streams/rate_1_speed_60.json,c2-inputs/c2-prod-v1/inputs/schedules/rq2_e_r1_s60_fixed_1.csv,c2-inputs/c2-prod-v1/inputs/configs/speed_60_ues_5.json,1,2.9073,2.4712,9.2814,6.3961,,,,dp_r1_s60_u5
rq2_e_r1_s60_fixed_5,RQ2,1,ready_after_pilot,E,fixed-5,control,1.0,60.0,5,105,112.0,c2-inputs/c2-prod-v1/inputs/streams/rate_1_speed_60.json,c2-inputs/c2-prod-v1/inputs/schedules/rq2_e_r1_s60_fixed_5.csv,c2-inputs/c2-prod-v1/inputs/configs/speed_60_ues_5.json,1,2.9073,2.4712,9.2814,6.3961,,,,dp_r1_s60_u5
rq2_e_r1_s60_l_anyjev_l0,RQ2,1,waiting_for_c1_ledger,E,L,AnyJev-L0,1.0,60.0,5,105,112.0,c2-inputs/c2-prod-v1/inputs/streams/rate_1_speed_60.json,c2-inputs/c2-prod-v1/inputs/schedules/rq2_e_r1_s60_l_anyjev_l0.csv,c2-inputs/c2-prod-v1/inputs/configs/speed_60_ues_5.json,1,2.9073,2.4712,9.2814,6.3961,,,,dp_r1_s60_u5
rq2_e_r1_s60_l_deepseek_v4_1_flash,RQ2,1,waiting_for_c1_ledger,E,L,DeepSeek-V4.1-Flash,1.0,60.0,5,105,112.0,c2-inputs/c2-prod-v1/inputs/streams/rate_1_speed_60.json,c2-inputs/c2-prod-v1/inputs/schedules/rq2_e_r1_s60_l_deepseek_v4_1_flash.csv,c2-inputs/c2-prod-v1/inputs/configs/speed_60_ues_5.json,1,2.9073,2.4712,9.2814,6.3961,,,,dp_r1_s60_u5
rq2_e_r1_s60_l_glm_5_3_flash,RQ2,1,waiting_for_c1_ledger,E,L,GLM-5.3-Flash,1.0,60.0,5,105,112.0,c2-inputs/c2-prod-v1/inputs/streams/rate_1_speed_60.json,c2-inputs/c2-prod-v1/inputs/schedules/rq2_e_r1_s60_l_glm_5_3_flash.csv,c2-inputs/c2-prod-v1/inputs/configs/speed_60_ues_5.json,1,2.9073,2.4712,9.2814,6.3961,,,,dp_r1_s60_u5
rq2_e_r1_s60_l_jev_1_13_0,RQ2,1,waiting_for_c1_ledger,E,L,Jev-1.13.0,1.0,60.0,5,105,112.0,c2-inputs/c2-prod-v1/inputs/streams/rate_1_speed_60.json,c2-inputs/c2-prod-v1/inputs/schedules/rq2_e_r1_s60_l_jev_1_13_0.csv,c2-inputs/c2-prod-v1/inputs/configs/speed_60_ues_5.json,1,2.9073,2.4712,9.2814,6.3961,,,,dp_r1_s60_u5
rq2_e_r1_s60_l_qwen3_5_4b_json,RQ2,1,waiting_for_c1_ledger,E,L,Qwen3.5-4B-JSON,1.0,60.0,5,105,112.0,c2-inputs/c2-prod-v1/inputs/streams/rate_1_speed_60.json,c2-inputs/c2-prod-v1/inputs/schedules/rq2_e_r1_s60_l_qwen3_5_4b_json.csv,c2-inputs/c2-prod-v1/inputs/configs/speed_60_ues_5.json,1,2.9073,2.4712,9.2814,6.3961,,,,dp_r1_s60_u5
rq2_e_r1_s60_l_qwen3_8_flash,RQ2,1,waiting_for_c1_ledger,E,L,Qwen3.8-Flash,1.0,60.0,5,105,112.0,c2-inputs/c2-prod-v1/inputs/streams/rate_1_speed_60.json,c2-inputs/c2-prod-v1/inputs/schedules/rq2_e_r1_s60_l_qwen3_8_flash.csv,c2-inputs/c2-prod-v1/inputs/configs/speed_60_ues_5.json,1,2.9073,2.4712,9.2814,6.3961,,,,dp_r1_s60_u5
rq2_e_r1_s60_l_semif_qwen3_5_4b,RQ2,1,waiting_for_c1_ledger,E,L,SemIf-Qwen3.5-4B,1.0,60.0,5,105,112.0,c2-inputs/c2-prod-v1/inputs/streams/rate_1_speed_60.json,c2-inputs/c2-prod-v1/inputs/schedules/rq2_e_r1_s60_l_semif_qwen3_5_4b.csv,c2-inputs/c2-prod-v1/inputs/configs/speed_60_ues_5.json,1,2.9073,2.4712,9.2814,6.3961,,,,dp_r1_s60_u5
rq2_e_r1_s60_no_update,RQ2,1,ready_after_pilot,E,no-update,control,1.0,60.0,5,105,112.0,c2-inputs/c2-prod-v1/inputs/streams/rate_1_speed_60.json,c2-inputs/c2-prod-v1/inputs/schedules/rq2_e_r1_s60_no_update.csv,c2-inputs/c2-prod-v1/inputs/configs/speed_60_ues_5.json,1,2.9073,2.4712,9.2814,6.3961,,,,dp_r1_s60_u5
rq2_e_r1_s60_oracle,RQ2,1,ready_after_pilot,E,oracle,control,1.0,60.0,5,105,112.0,c2-inputs/c2-prod-v1/inputs/streams/rate_1_speed_60.json,c2-inputs/c2-prod-v1/inputs/schedules/rq2_e_r1_s60_oracle.csv,c2-inputs/c2-prod-v1/inputs/configs/speed_60_ues_5.json,1,2.9073,2.4712,9.2814,6.3961,,,,dp_r1_s60_u5
rq1_p_10_r0p3_s30_l_anyjev_l0,RQ1,2,waiting_for_c1_ledger,P-10,L,AnyJev-L0,0.3,30.0,5,105,345.333333,c2-inputs/c2-prod-v1/inputs/streams/rate_0p3_speed_30.json,c2-inputs/c2-prod-v1/inputs/schedules/rq1_p_10_r0p3_s30_l_anyjev_l0.csv,c2-inputs/c2-prod-v1/inputs/configs/speed_30_ues_5.json,1,8.9643,7.6196,28.6176,19.7214,,,,dp_r0p3_s30_u5
rq1_p_10_r0p3_s30_l_deepseek_v4_1_flash,RQ1,2,waiting_for_c1_ledger,P-10,L,DeepSeek-V4.1-Flash,0.3,30.0,5,105,345.333333,c2-inputs/c2-prod-v1/inputs/streams/rate_0p3_speed_30.json,c2-inputs/c2-prod-v1/inputs/schedules/rq1_p_10_r0p3_s30_l_deepseek_v4_1_flash.csv,c2-inputs/c2-prod-v1/inputs/configs/speed_30_ues_5.json,1,8.9643,7.6196,28.6176,19.7214,,,,dp_r0p3_s30_u5
rq1_p_10_r0p3_s30_l_glm_5_3_flash,RQ1,2,waiting_for_c1_ledger,P-10,L,GLM-5.3-Flash,0.3,30.0,5,105,345.333333,c2-inputs/c2-prod-v1/inputs/streams/rate_0p3_speed_30.json,c2-inputs/c2-prod-v1/inputs/schedules/rq1_p_10_r0p3_s30_l_glm_5_3_flash.csv,c2-inputs/c2-prod-v1/inputs/configs/speed_30_ues_5.json,1,8.9643,7.6196,28.6176,19.7214,,,,dp_r0p3_s30_u5
rq1_p_10_r0p3_s30_l_jev_1_13_0,RQ1,2,waiting_for_c1_ledger,P-10,L,Jev-1.13.0,0.3,30.0,5,105,345.333333,c2-inputs/c2-prod-v1/inputs/streams/rate_0p3_speed_30.json,c2-inputs/c2-prod-v1/inputs/schedules/rq1_p_10_r0p3_s30_l_jev_1_13_0.csv,c2-inputs/c2-prod-v1/inputs/configs/speed_30_ues_5.json,1,8.9643,7.6196,28.6176,19.7214,,,,dp_r0p3_s30_u5
rq1_p_10_r0p3_s30_l_qwen3_5_4b_json,RQ1,2,waiting_for_c1_ledger,P-10,L,Qwen3.5-4B-JSON,0.3,30.0,5,105,345.333333,c2-inputs/c2-prod-v1/inputs/streams/rate_0p3_speed_30.json,c2-inputs/c2-prod-v1/inputs/schedules/rq1_p_10_r0p3_s30_l_qwen3_5_4b_json.csv,c2-inputs/c2-prod-v1/inputs/configs/speed_30_ues_5.json,1,8.9643,7.6196,28.6176,19.7214,,,,dp_r0p3_s30_u5
rq1_p_10_r0p3_s30_l_qwen3_8_flash,RQ1,2,waiting_for_c1_ledger,P-10,L,Qwen3.8-Flash,0.3,30.0,5,105,345.333333,c2-inputs/c2-prod-v1/inputs/streams/rate_0p3_speed_30.json,c2-inputs/c2-prod-v1/inputs/schedules/rq1_p_10_r0p3_s30_l_qwen3_8_flash.csv,c2-inputs/c2-prod-v1/inputs/configs/speed_30_ues_5.json,1,8.9643,7.6196,28.6176,19.7214,,,,dp_r0p3_s30_u5
rq1_p_10_r0p3_s30_l_semif_qwen3_5_4b,RQ1,2,waiting_for_c1_ledger,P-10,L,SemIf-Qwen3.5-4B,0.3,30.0,5,105,345.333333,c2-inputs/c2-prod-v1/inputs/streams/rate_0p3_speed_30.json,c2-inputs/c2-prod-v1/inputs/schedules/rq1_p_10_r0p3_s30_l_semif_qwen3_5_4b.csv,c2-inputs/c2-prod-v1/inputs/configs/speed_30_ues_5.json,1,8.9643,7.6196,28.6176,19.7214,,,,dp_r0p3_s30_u5
rq1_p_1_r0p3_s30_l_anyjev_l0,RQ1,2,waiting_for_c1_ledger,P-1,L,AnyJev-L0,0.3,30.0,5,105,345.333333,c2-inputs/c2-prod-v1/inputs/streams/rate_0p3_speed_30.json,c2-inputs/c2-prod-v1/inputs/schedules/rq1_p_1_r0p3_s30_l_anyjev_l0.csv,c2-inputs/c2-prod-v1/inputs/configs/speed_30_ues_5.json,1,8.9643,7.6196,28.6176,19.7214,,,,dp_r0p3_s30_u5
rq1_p_1_r0p3_s30_l_deepseek_v4_1_flash,RQ1,2,waiting_for_c1_ledger,P-1,L,DeepSeek-V4.1-Flash,0.3,30.0,5,105,345.333333,c2-inputs/c2-prod-v1/inputs/streams/rate_0p3_speed_30.json,c2-inputs/c2-prod-v1/inputs/schedules/rq1_p_1_r0p3_s30_l_deepseek_v4_1_flash.csv,c2-inputs/c2-prod-v1/inputs/configs/speed_30_ues_5.json,1,8.9643,7.6196,28.6176,19.7214,,,,dp_r0p3_s30_u5
rq1_p_1_r0p3_s30_l_glm_5_3_flash,RQ1,2,waiting_for_c1_ledger,P-1,L,GLM-5.3-Flash,0.3,30.0,5,105,345.333333,c2-inputs/c2-prod-v1/inputs/streams/rate_0p3_speed_30.json,c2-inputs/c2-prod-v1/inputs/schedules/rq1_p_1_r0p3_s30_l_glm_5_3_flash.csv,c2-inputs/c2-prod-v1/inputs/configs/speed_30_ues_5.json,1,8.9643,7.6196,28.6176,19.7214,,,,dp_r0p3_s30_u5
rq1_p_1_r0p3_s30_l_jev_1_13_0,RQ1,2,waiting_for_c1_ledger,P-1,L,Jev-1.13.0,0.3,30.0,5,105,345.333333,c2-inputs/c2-prod-v1/inputs/streams/rate_0p3_speed_30.json,c2-inputs/c2-prod-v1/inputs/schedules/rq1_p_1_r0p3_s30_l_jev_1_13_0.csv,c2-inputs/c2-prod-v1/inputs/configs/speed_30_ues_5.json,1,8.9643,7.6196,28.6176,19.7214,,,,dp_r0p3_s30_u5
rq1_p_1_r0p3_s30_l_qwen3_5_4b_json,RQ1,2,waiting_for_c1_ledger,P-1,L,Qwen3.5-4B-JSON,0.3,30.0,5,105,345.333333,c2-inputs/c2-prod-v1/inputs/streams/rate_0p3_speed_30.json,c2-inputs/c2-prod-v1/inputs/schedules/rq1_p_1_r0p3_s30_l_qwen3_5_4b_json.csv,c2-inputs/c2-prod-v1/inputs/configs/speed_30_ues_5.json,1,8.9643,7.6196,28.6176,19.7214,,,,dp_r0p3_s30_u5
rq1_p_1_r0p3_s30_l_qwen3_8_flash,RQ1,2,waiting_for_c1_ledger,P-1,L,Qwen3.8-Flash,0.3,30.0,5,105,345.333333,c2-inputs/c2-prod-v1/inputs/streams/rate_0p3_speed_30.json,c2-inputs/c2-prod-v1/inputs/schedules/rq1_p_1_r0p3_s30_l_qwen3_8_flash.csv,c2-inputs/c2-prod-v1/inputs/configs/speed_30_ues_5.json,1,8.9643,7.6196,28.6176,19.7214,,,,dp_r0p3_s30_u5
rq1_p_1_r0p3_s30_l_semif_qwen3_5_4b,RQ1,2,waiting_for_c1_ledger,P-1,L,SemIf-Qwen3.5-4B,0.3,30.0,5,105,345.333333,c2-inputs/c2-prod-v1/inputs/streams/rate_0p3_speed_30.json,c2-inputs/c2-prod-v1/inputs/schedules/rq1_p_1_r0p3_s30_l_semif_qwen3_5_4b.csv,c2-inputs/c2-prod-v1/inputs/configs/speed_30_ues_5.json,1,8.9643,7.6196,28.6176,19.7214,,,,dp_r0p3_s30_u5
rq2_e_r0p1_s120_a_anyjev_l0,RQ2,2,waiting_for_c1_ledger,E,A,AnyJev-L0,0.1,120.0,5,105,1012.0,c2-inputs/c2-prod-v1/inputs/streams/rate_0p1_speed_120.json,c2-inputs/c2-prod-v1/inputs/schedules/rq2_e_r0p1_s120_a_anyjev_l0.csv,c2-inputs/c2-prod-v1/inputs/configs/speed_120_ues_5.json,1,26.2698,22.3294,83.8638,57.7936,exploratory A/N decomposition,,,dp_r0p1_s120_u5
rq2_e_r0p1_s120_a_deepseek_v4_1_flash,RQ2,2,waiting_for_c1_ledger,E,A,DeepSeek-V4.1-Flash,0.1,120.0,5,105,1012.0,c2-inputs/c2-prod-v1/inputs/streams/rate_0p1_speed_120.json,c2-inputs/c2-prod-v1/inputs/schedules/rq2_e_r0p1_s120_a_deepseek_v4_1_flash.csv,c2-inputs/c2-prod-v1/inputs/configs/speed_120_ues_5.json,1,26.2698,22.3294,83.8638,57.7936,exploratory A/N decomposition,,,dp_r0p1_s120_u5
rq2_e_r0p1_s120_a_glm_5_3_flash,RQ2,2,waiting_for_c1_ledger,E,A,GLM-5.3-Flash,0.1,120.0,5,105,1012.0,c2-inputs/c2-prod-v1/inputs/streams/rate_0p1_speed_120.json,c2-inputs/c2-prod-v1/inputs/schedules/rq2_e_r0p1_s120_a_glm_5_3_flash.csv,c2-inputs/c2-prod-v1/inputs/configs/speed_120_ues_5.json,1,26.2698,22.3294,83.8638,57.7936,exploratory A/N decomposition,,,dp_r0p1_s120_u5
rq2_e_r0p1_s120_a_jev_1_13_0,RQ2,2,waiting_for_c1_ledger,E,A,Jev-1.13.0,0.1,120.0,5,105,1012.0,c2-inputs/c2-prod-v1/inputs/streams/rate_0p1_speed_120.json,c2-inputs/c2-prod-v1/inputs/schedules/rq2_e_r0p1_s120_a_jev_1_13_0.csv,c2-inputs/c2-prod-v1/inputs/configs/speed_120_ues_5.json,1,26.2698,22.3294,83.8638,57.7936,exploratory A/N decomposition,,,dp_r0p1_s120_u5
rq2_e_r0p1_s120_a_qwen3_5_4b_json,RQ2,2,waiting_for_c1_ledger,E,A,Qwen3.5-4B-JSON,0.1,120.0,5,105,1012.0,c2-inputs/c2-prod-v1/inputs/streams/rate_0p1_speed_120.json,c2-inputs/c2-prod-v1/inputs/schedules/rq2_e_r0p1_s120_a_qwen3_5_4b_json.csv,c2-inputs/c2-prod-v1/inputs/configs/speed_120_ues_5.json,1,26.2698,22.3294,83.8638,57.7936,exploratory A/N decomposition,,,dp_r0p1_s120_u5
rq2_e_r0p1_s120_a_qwen3_8_flash,RQ2,2,waiting_for_c1_ledger,E,A,Qwen3.8-Flash,0.1,120.0,5,105,1012.0,c2-inputs/c2-prod-v1/inputs/streams/rate_0p1_speed_120.json,c2-inputs/c2-prod-v1/inputs/schedules/rq2_e_r0p1_s120_a_qwen3_8_flash.csv,c2-inputs/c2-prod-v1/inputs/configs/speed_120_ues_5.json,1,26.2698,22.3294,83.8638,57.7936,exploratory A/N decomposition,,,dp_r0p1_s120_u5
rq2_e_r0p1_s120_a_semif_qwen3_5_4b,RQ2,2,waiting_for_c1_ledger,E,A,SemIf-Qwen3.5-4B,0.1,120.0,5,105,1012.0,c2-inputs/c2-prod-v1/inputs/streams/rate_0p1_speed_120.json,c2-inputs/c2-prod-v1/inputs/schedules/rq2_e_r0p1_s120_a_semif_qwen3_5_4b.csv,c2-inputs/c2-prod-v1/inputs/configs/speed_120_ues_5.json,1,26.2698,22.3294,83.8638,57.7936,exploratory A/N decomposition,,,dp_r0p1_s120_u5
rq2_e_r0p1_s120_n_anyjev_l0,RQ2,2,waiting_for_c1_ledger,E,N,AnyJev-L0,0.1,120.0,5,105,1012.0,c2-inputs/c2-prod-v1/inputs/streams/rate_0p1_speed_120.json,c2-inputs/c2-prod-v1/inputs/schedules/rq2_e_r0p1_s120_n_anyjev_l0.csv,c2-inputs/c2-prod-v1/inputs/configs/speed_120_ues_5.json,1,26.2698,22.3294,83.8638,57.7936,exploratory A/N decomposition,,,dp_r0p1_s120_u5
rq2_e_r0p1_s120_n_deepseek_v4_1_flash,RQ2,2,waiting_for_c1_ledger,E,N,DeepSeek-V4.1-Flash,0.1,120.0,5,105,1012.0,c2-inputs/c2-prod-v1/inputs/streams/rate_0p1_speed_120.json,c2-inputs/c2-prod-v1/inputs/schedules/rq2_e_r0p1_s120_n_deepseek_v4_1_flash.csv,c2-inputs/c2-prod-v1/inputs/configs/speed_120_ues_5.json,1,26.2698,22.3294,83.8638,57.7936,exploratory A/N decomposition,,,dp_r0p1_s120_u5
rq2_e_r0p1_s120_n_glm_5_3_flash,RQ2,2,waiting_for_c1_ledger,E,N,GLM-5.3-Flash,0.1,120.0,5,105,1012.0,c2-inputs/c2-prod-v1/inputs/streams/rate_0p1_speed_120.json,c2-inputs/c2-prod-v1/inputs/schedules/rq2_e_r0p1_s120_n_glm_5_3_flash.csv,c2-inputs/c2-prod-v1/inputs/configs/speed_120_ues_5.json,1,26.2698,22.3294,83.8638,57.7936,exploratory A/N decomposition,,,dp_r0p1_s120_u5
rq2_e_r0p1_s120_n_jev_1_13_0,RQ2,2,waiting_for_c1_ledger,E,N,Jev-1.13.0,0.1,120.0,5,105,1012.0,c2-inputs/c2-prod-v1/inputs/streams/rate_0p1_speed_120.json,c2-inputs/c2-prod-v1/inputs/schedules/rq2_e_r0p1_s120_n_jev_1_13_0.csv,c2-inputs/c2-prod-v1/inputs/configs/speed_120_ues_5.json,1,26.2698,22.3294,83.8638,57.7936,exploratory A/N decomposition,,,dp_r0p1_s120_u5
rq2_e_r0p1_s120_n_qwen3_5_4b_json,RQ2,2,waiting_for_c1_ledger,E,N,Qwen3.5-4B-JSON,0.1,120.0,5,105,1012.0,c2-inputs/c2-prod-v1/inputs/streams/rate_0p1_speed_120.json,c2-inputs/c2-prod-v1/inputs/schedules/rq2_e_r0p1_s120_n_qwen3_5_4b_json.csv,c2-inputs/c2-prod-v1/inputs/configs/speed_120_ues_5.json,1,26.2698,22.3294,83.8638,57.7936,exploratory A/N decomposition,,,dp_r0p1_s120_u5
rq2_e_r0p1_s120_n_qwen3_8_flash,RQ2,2,waiting_for_c1_ledger,E,N,Qwen3.8-Flash,0.1,120.0,5,105,1012.0,c2-inputs/c2-prod-v1/inputs/streams/rate_0p1_speed_120.json,c2-inputs/c2-prod-v1/inputs/schedules/rq2_e_r0p1_s120_n_qwen3_8_flash.csv,c2-inputs/c2-prod-v1/inputs/configs/speed_120_ues_5.json,1,26.2698,22.3294,83.8638,57.7936,exploratory A/N decomposition,,,dp_r0p1_s120_u5
rq2_e_r0p1_s120_n_semif_qwen3_5_4b,RQ2,2,waiting_for_c1_ledger,E,N,SemIf-Qwen3.5-4B,0.1,120.0,5,105,1012.0,c2-inputs/c2-prod-v1/inputs/streams/rate_0p1_speed_120.json,c2-inputs/c2-prod-v1/inputs/schedules/rq2_e_r0p1_s120_n_semif_qwen3_5_4b.csv,c2-inputs/c2-prod-v1/inputs/configs/speed_120_ues_5.json,1,26.2698,22.3294,83.8638,57.7936,exploratory A/N decomposition,,,dp_r0p1_s120_u5
rq2_e_r0p1_s3_a_anyjev_l0,RQ2,2,waiting_for_c1_ledger,E,A,AnyJev-L0,0.1,3.0,5,105,1012.0,c2-inputs/c2-prod-v1/inputs/streams/rate_0p1_speed_3.json,c2-inputs/c2-prod-v1/inputs/schedules/rq2_e_r0p1_s3_a_anyjev_l0.csv,c2-inputs/c2-prod-v1/inputs/configs/speed_3_ues_5.json,1,26.2698,22.3294,83.8638,57.7936,exploratory A/N decomposition,,,dp_r0p1_s3_u5
rq2_e_r0p1_s3_a_deepseek_v4_1_flash,RQ2,2,waiting_for_c1_ledger,E,A,DeepSeek-V4.1-Flash,0.1,3.0,5,105,1012.0,c2-inputs/c2-prod-v1/inputs/streams/rate_0p1_speed_3.json,c2-inputs/c2-prod-v1/inputs/schedules/rq2_e_r0p1_s3_a_deepseek_v4_1_flash.csv,c2-inputs/c2-prod-v1/inputs/configs/speed_3_ues_5.json,1,26.2698,22.3294,83.8638,57.7936,exploratory A/N decomposition,,,dp_r0p1_s3_u5
rq2_e_r0p1_s3_a_glm_5_3_flash,RQ2,2,waiting_for_c1_ledger,E,A,GLM-5.3-Flash,0.1,3.0,5,105,1012.0,c2-inputs/c2-prod-v1/inputs/streams/rate_0p1_speed_3.json,c2-inputs/c2-prod-v1/inputs/schedules/rq2_e_r0p1_s3_a_glm_5_3_flash.csv,c2-inputs/c2-prod-v1/inputs/configs/speed_3_ues_5.json,1,26.2698,22.3294,83.8638,57.7936,exploratory A/N decomposition,,,dp_r0p1_s3_u5
rq2_e_r0p1_s3_a_jev_1_13_0,RQ2,2,waiting_for_c1_ledger,E,A,Jev-1.13.0,0.1,3.0,5,105,1012.0,c2-inputs/c2-prod-v1/inputs/streams/rate_0p1_speed_3.json,c2-inputs/c2-prod-v1/inputs/schedules/rq2_e_r0p1_s3_a_jev_1_13_0.csv,c2-inputs/c2-prod-v1/inputs/configs/speed_3_ues_5.json,1,26.2698,22.3294,83.8638,57.7936,exploratory A/N decomposition,,,dp_r0p1_s3_u5
rq2_e_r0p1_s3_a_qwen3_5_4b_json,RQ2,2,waiting_for_c1_ledger,E,A,Qwen3.5-4B-JSON,0.1,3.0,5,105,1012.0,c2-inputs/c2-prod-v1/inputs/streams/rate_0p1_speed_3.json,c2-inputs/c2-prod-v1/inputs/schedules/rq2_e_r0p1_s3_a_qwen3_5_4b_json.csv,c2-inputs/c2-prod-v1/inputs/configs/speed_3_ues_5.json,1,26.2698,22.3294,83.8638,57.7936,exploratory A/N decomposition,,,dp_r0p1_s3_u5
rq2_e_r0p1_s3_a_qwen3_8_flash,RQ2,2,waiting_for_c1_ledger,E,A,Qwen3.8-Flash,0.1,3.0,5,105,1012.0,c2-inputs/c2-prod-v1/inputs/streams/rate_0p1_speed_3.json,c2-inputs/c2-prod-v1/inputs/schedules/rq2_e_r0p1_s3_a_qwen3_8_flash.csv,c2-inputs/c2-prod-v1/inputs/configs/speed_3_ues_5.json,1,26.2698,22.3294,83.8638,57.7936,exploratory A/N decomposition,,,dp_r0p1_s3_u5
rq2_e_r0p1_s3_a_semif_qwen3_5_4b,RQ2,2,waiting_for_c1_ledger,E,A,SemIf-Qwen3.5-4B,0.1,3.0,5,105,1012.0,c2-inputs/c2-prod-v1/inputs/streams/rate_0p1_speed_3.json,c2-inputs/c2-prod-v1/inputs/schedules/rq2_e_r0p1_s3_a_semif_qwen3_5_4b.csv,c2-inputs/c2-prod-v1/inputs/configs/speed_3_ues_5.json,1,26.2698,22.3294,83.8638,57.7936,exploratory A/N decomposition,,,dp_r0p1_s3_u5
rq2_e_r0p1_s3_n_anyjev_l0,RQ2,2,waiting_for_c1_ledger,E,N,AnyJev-L0,0.1,3.0,5,105,1012.0,c2-inputs/c2-prod-v1/inputs/streams/rate_0p1_speed_3.json,c2-inputs/c2-prod-v1/inputs/schedules/rq2_e_r0p1_s3_n_anyjev_l0.csv,c2-inputs/c2-prod-v1/inputs/configs/speed_3_ues_5.json,1,26.2698,22.3294,83.8638,57.7936,exploratory A/N decomposition,,,dp_r0p1_s3_u5
rq2_e_r0p1_s3_n_deepseek_v4_1_flash,RQ2,2,waiting_for_c1_ledger,E,N,DeepSeek-V4.1-Flash,0.1,3.0,5,105,1012.0,c2-inputs/c2-prod-v1/inputs/streams/rate_0p1_speed_3.json,c2-inputs/c2-prod-v1/inputs/schedules/rq2_e_r0p1_s3_n_deepseek_v4_1_flash.csv,c2-inputs/c2-prod-v1/inputs/configs/speed_3_ues_5.json,1,26.2698,22.3294,83.8638,57.7936,exploratory A/N decomposition,,,dp_r0p1_s3_u5
rq2_e_r0p1_s3_n_glm_5_3_flash,RQ2,2,waiting_for_c1_ledger,E,N,GLM-5.3-Flash,0.1,3.0,5,105,1012.0,c2-inputs/c2-prod-v1/inputs/streams/rate_0p1_speed_3.json,c2-inputs/c2-prod-v1/inputs/schedules/rq2_e_r0p1_s3_n_glm_5_3_flash.csv,c2-inputs/c2-prod-v1/inputs/configs/speed_3_ues_5.json,1,26.2698,22.3294,83.8638,57.7936,exploratory A/N decomposition,,,dp_r0p1_s3_u5
rq2_e_r0p1_s3_n_jev_1_13_0,RQ2,2,waiting_for_c1_ledger,E,N,Jev-1.13.0,0.1,3.0,5,105,1012.0,c2-inputs/c2-prod-v1/inputs/streams/rate_0p1_speed_3.json,c2-inputs/c2-prod-v1/inputs/schedules/rq2_e_r0p1_s3_n_jev_1_13_0.csv,c2-inputs/c2-prod-v1/inputs/configs/speed_3_ues_5.json,1,26.2698,22.3294,83.8638,57.7936,exploratory A/N decomposition,,,dp_r0p1_s3_u5
rq2_e_r0p1_s3_n_qwen3_5_4b_json,RQ2,2,waiting_for_c1_ledger,E,N,Qwen3.5-4B-JSON,0.1,3.0,5,105,1012.0,c2-inputs/c2-prod-v1/inputs/streams/rate_0p1_speed_3.json,c2-inputs/c2-prod-v1/inputs/schedules/rq2_e_r0p1_s3_n_qwen3_5_4b_json.csv,c2-inputs/c2-prod-v1/inputs/configs/speed_3_ues_5.json,1,26.2698,22.3294,83.8638,57.7936,exploratory A/N decomposition,,,dp_r0p1_s3_u5
rq2_e_r0p1_s3_n_qwen3_8_flash,RQ2,2,waiting_for_c1_ledger,E,N,Qwen3.8-Flash,0.1,3.0,5,105,1012.0,c2-inputs/c2-prod-v1/inputs/streams/rate_0p1_speed_3.json,c2-inputs/c2-prod-v1/inputs/schedules/rq2_e_r0p1_s3_n_qwen3_8_flash.csv,c2-inputs/c2-prod-v1/inputs/configs/speed_3_ues_5.json,1,26.2698,22.3294,83.8638,57.7936,exploratory A/N decomposition,,,dp_r0p1_s3_u5
rq2_e_r0p1_s3_n_semif_qwen3_5_4b,RQ2,2,waiting_for_c1_ledger,E,N,SemIf-Qwen3.5-4B,0.1,3.0,5,105,1012.0,c2-inputs/c2-prod-v1/inputs/streams/rate_0p1_speed_3.json,c2-inputs/c2-prod-v1/inputs/schedules/rq2_e_r0p1_s3_n_semif_qwen3_5_4b.csv,c2-inputs/c2-prod-v1/inputs/configs/speed_3_ues_5.json,1,26.2698,22.3294,83.8638,57.7936,exploratory A/N decomposition,,,dp_r0p1_s3_u5
rq2_e_r0p1_s60_a_anyjev_l0,RQ2,2,waiting_for_c1_ledger,E,A,AnyJev-L0,0.1,60.0,5,105,1012.0,c2-inputs/c2-prod-v1/inputs/streams/rate_0p1_speed_60.json,c2-inputs/c2-prod-v1/inputs/schedules/rq2_e_r0p1_s60_a_anyjev_l0.csv,c2-inputs/c2-prod-v1/inputs/configs/speed_60_ues_5.json,1,26.2698,22.3294,83.8638,57.7936,exploratory A/N decomposition,,,dp_r0p1_s60_u5
rq2_e_r0p1_s60_a_deepseek_v4_1_flash,RQ2,2,waiting_for_c1_ledger,E,A,DeepSeek-V4.1-Flash,0.1,60.0,5,105,1012.0,c2-inputs/c2-prod-v1/inputs/streams/rate_0p1_speed_60.json,c2-inputs/c2-prod-v1/inputs/schedules/rq2_e_r0p1_s60_a_deepseek_v4_1_flash.csv,c2-inputs/c2-prod-v1/inputs/configs/speed_60_ues_5.json,1,26.2698,22.3294,83.8638,57.7936,exploratory A/N decomposition,,,dp_r0p1_s60_u5
rq2_e_r0p1_s60_a_glm_5_3_flash,RQ2,2,waiting_for_c1_ledger,E,A,GLM-5.3-Flash,0.1,60.0,5,105,1012.0,c2-inputs/c2-prod-v1/inputs/streams/rate_0p1_speed_60.json,c2-inputs/c2-prod-v1/inputs/schedules/rq2_e_r0p1_s60_a_glm_5_3_flash.csv,c2-inputs/c2-prod-v1/inputs/configs/speed_60_ues_5.json,1,26.2698,22.3294,83.8638,57.7936,exploratory A/N decomposition,,,dp_r0p1_s60_u5
rq2_e_r0p1_s60_a_jev_1_13_0,RQ2,2,waiting_for_c1_ledger,E,A,Jev-1.13.0,0.1,60.0,5,105,1012.0,c2-inputs/c2-prod-v1/inputs/streams/rate_0p1_speed_60.json,c2-inputs/c2-prod-v1/inputs/schedules/rq2_e_r0p1_s60_a_jev_1_13_0.csv,c2-inputs/c2-prod-v1/inputs/configs/speed_60_ues_5.json,1,26.2698,22.3294,83.8638,57.7936,exploratory A/N decomposition,,,dp_r0p1_s60_u5
rq2_e_r0p1_s60_a_qwen3_5_4b_json,RQ2,2,waiting_for_c1_ledger,E,A,Qwen3.5-4B-JSON,0.1,60.0,5,105,1012.0,c2-inputs/c2-prod-v1/inputs/streams/rate_0p1_speed_60.json,c2-inputs/c2-prod-v1/inputs/schedules/rq2_e_r0p1_s60_a_qwen3_5_4b_json.csv,c2-inputs/c2-prod-v1/inputs/configs/speed_60_ues_5.json,1,26.2698,22.3294,83.8638,57.7936,exploratory A/N decomposition,,,dp_r0p1_s60_u5
rq2_e_r0p1_s60_a_qwen3_8_flash,RQ2,2,waiting_for_c1_ledger,E,A,Qwen3.8-Flash,0.1,60.0,5,105,1012.0,c2-inputs/c2-prod-v1/inputs/streams/rate_0p1_speed_60.json,c2-inputs/c2-prod-v1/inputs/schedules/rq2_e_r0p1_s60_a_qwen3_8_flash.csv,c2-inputs/c2-prod-v1/inputs/configs/speed_60_ues_5.json,1,26.2698,22.3294,83.8638,57.7936,exploratory A/N decomposition,,,dp_r0p1_s60_u5
rq2_e_r0p1_s60_a_semif_qwen3_5_4b,RQ2,2,waiting_for_c1_ledger,E,A,SemIf-Qwen3.5-4B,0.1,60.0,5,105,1012.0,c2-inputs/c2-prod-v1/inputs/streams/rate_0p1_speed_60.json,c2-inputs/c2-prod-v1/inputs/schedules/rq2_e_r0p1_s60_a_semif_qwen3_5_4b.csv,c2-inputs/c2-prod-v1/inputs/configs/speed_60_ues_5.json,1,26.2698,22.3294,83.8638,57.7936,exploratory A/N decomposition,,,dp_r0p1_s60_u5
rq2_e_r0p1_s60_n_anyjev_l0,RQ2,2,waiting_for_c1_ledger,E,N,AnyJev-L0,0.1,60.0,5,105,1012.0,c2-inputs/c2-prod-v1/inputs/streams/rate_0p1_speed_60.json,c2-inputs/c2-prod-v1/inputs/schedules/rq2_e_r0p1_s60_n_anyjev_l0.csv,c2-inputs/c2-prod-v1/inputs/configs/speed_60_ues_5.json,1,26.2698,22.3294,83.8638,57.7936,exploratory A/N decomposition,,,dp_r0p1_s60_u5
rq2_e_r0p1_s60_n_deepseek_v4_1_flash,RQ2,2,waiting_for_c1_ledger,E,N,DeepSeek-V4.1-Flash,0.1,60.0,5,105,1012.0,c2-inputs/c2-prod-v1/inputs/streams/rate_0p1_speed_60.json,c2-inputs/c2-prod-v1/inputs/schedules/rq2_e_r0p1_s60_n_deepseek_v4_1_flash.csv,c2-inputs/c2-prod-v1/inputs/configs/speed_60_ues_5.json,1,26.2698,22.3294,83.8638,57.7936,exploratory A/N decomposition,,,dp_r0p1_s60_u5
rq2_e_r0p1_s60_n_glm_5_3_flash,RQ2,2,waiting_for_c1_ledger,E,N,GLM-5.3-Flash,0.1,60.0,5,105,1012.0,c2-inputs/c2-prod-v1/inputs/streams/rate_0p1_speed_60.json,c2-inputs/c2-prod-v1/inputs/schedules/rq2_e_r0p1_s60_n_glm_5_3_flash.csv,c2-inputs/c2-prod-v1/inputs/configs/speed_60_ues_5.json,1,26.2698,22.3294,83.8638,57.7936,exploratory A/N decomposition,,,dp_r0p1_s60_u5
rq2_e_r0p1_s60_n_jev_1_13_0,RQ2,2,waiting_for_c1_ledger,E,N,Jev-1.13.0,0.1,60.0,5,105,1012.0,c2-inputs/c2-prod-v1/inputs/streams/rate_0p1_speed_60.json,c2-inputs/c2-prod-v1/inputs/schedules/rq2_e_r0p1_s60_n_jev_1_13_0.csv,c2-inputs/c2-prod-v1/inputs/configs/speed_60_ues_5.json,1,26.2698,22.3294,83.8638,57.7936,exploratory A/N decomposition,,,dp_r0p1_s60_u5
rq2_e_r0p1_s60_n_qwen3_5_4b_json,RQ2,2,waiting_for_c1_ledger,E,N,Qwen3.5-4B-JSON,0.1,60.0,5,105,1012.0,c2-inputs/c2-prod-v1/inputs/streams/rate_0p1_speed_60.json,c2-inputs/c2-prod-v1/inputs/schedules/rq2_e_r0p1_s60_n_qwen3_5_4b_json.csv,c2-inputs/c2-prod-v1/inputs/configs/speed_60_ues_5.json,1,26.2698,22.3294,83.8638,57.7936,exploratory A/N decomposition,,,dp_r0p1_s60_u5
rq2_e_r0p1_s60_n_qwen3_8_flash,RQ2,2,waiting_for_c1_ledger,E,N,Qwen3.8-Flash,0.1,60.0,5,105,1012.0,c2-inputs/c2-prod-v1/inputs/streams/rate_0p1_speed_60.json,c2-inputs/c2-prod-v1/inputs/schedules/rq2_e_r0p1_s60_n_qwen3_8_flash.csv,c2-inputs/c2-prod-v1/inputs/configs/speed_60_ues_5.json,1,26.2698,22.3294,83.8638,57.7936,exploratory A/N decomposition,,,dp_r0p1_s60_u5
rq2_e_r0p1_s60_n_semif_qwen3_5_4b,RQ2,2,waiting_for_c1_ledger,E,N,SemIf-Qwen3.5-4B,0.1,60.0,5,105,1012.0,c2-inputs/c2-prod-v1/inputs/streams/rate_0p1_speed_60.json,c2-inputs/c2-prod-v1/inputs/schedules/rq2_e_r0p1_s60_n_semif_qwen3_5_4b.csv,c2-inputs/c2-prod-v1/inputs/configs/speed_60_ues_5.json,1,26.2698,22.3294,83.8638,57.7936,exploratory A/N decomposition,,,dp_r0p1_s60_u5
rq2_e_r0p3_s120_a_anyjev_l0,RQ2,2,waiting_for_c1_ledger,E,A,AnyJev-L0,0.3,120.0,5,105,345.333333,c2-inputs/c2-prod-v1/inputs/streams/rate_0p3_speed_120.json,c2-inputs/c2-prod-v1/inputs/schedules/rq2_e_r0p3_s120_a_anyjev_l0.csv,c2-inputs/c2-prod-v1/inputs/configs/speed_120_ues_5.json,1,8.9643,7.6196,28.6176,19.7214,exploratory A/N decomposition,,,dp_r0p3_s120_u5
rq2_e_r0p3_s120_a_deepseek_v4_1_flash,RQ2,2,waiting_for_c1_ledger,E,A,DeepSeek-V4.1-Flash,0.3,120.0,5,105,345.333333,c2-inputs/c2-prod-v1/inputs/streams/rate_0p3_speed_120.json,c2-inputs/c2-prod-v1/inputs/schedules/rq2_e_r0p3_s120_a_deepseek_v4_1_flash.csv,c2-inputs/c2-prod-v1/inputs/configs/speed_120_ues_5.json,1,8.9643,7.6196,28.6176,19.7214,exploratory A/N decomposition,,,dp_r0p3_s120_u5
rq2_e_r0p3_s120_a_glm_5_3_flash,RQ2,2,waiting_for_c1_ledger,E,A,GLM-5.3-Flash,0.3,120.0,5,105,345.333333,c2-inputs/c2-prod-v1/inputs/streams/rate_0p3_speed_120.json,c2-inputs/c2-prod-v1/inputs/schedules/rq2_e_r0p3_s120_a_glm_5_3_flash.csv,c2-inputs/c2-prod-v1/inputs/configs/speed_120_ues_5.json,1,8.9643,7.6196,28.6176,19.7214,exploratory A/N decomposition,,,dp_r0p3_s120_u5
rq2_e_r0p3_s120_a_jev_1_13_0,RQ2,2,waiting_for_c1_ledger,E,A,Jev-1.13.0,0.3,120.0,5,105,345.333333,c2-inputs/c2-prod-v1/inputs/streams/rate_0p3_speed_120.json,c2-inputs/c2-prod-v1/inputs/schedules/rq2_e_r0p3_s120_a_jev_1_13_0.csv,c2-inputs/c2-prod-v1/inputs/configs/speed_120_ues_5.json,1,8.9643,7.6196,28.6176,19.7214,exploratory A/N decomposition,,,dp_r0p3_s120_u5
rq2_e_r0p3_s120_a_qwen3_5_4b_json,RQ2,2,waiting_for_c1_ledger,E,A,Qwen3.5-4B-JSON,0.3,120.0,5,105,345.333333,c2-inputs/c2-prod-v1/inputs/streams/rate_0p3_speed_120.json,c2-inputs/c2-prod-v1/inputs/schedules/rq2_e_r0p3_s120_a_qwen3_5_4b_json.csv,c2-inputs/c2-prod-v1/inputs/configs/speed_120_ues_5.json,1,8.9643,7.6196,28.6176,19.7214,exploratory A/N decomposition,,,dp_r0p3_s120_u5
rq2_e_r0p3_s120_a_qwen3_8_flash,RQ2,2,waiting_for_c1_ledger,E,A,Qwen3.8-Flash,0.3,120.0,5,105,345.333333,c2-inputs/c2-prod-v1/inputs/streams/rate_0p3_speed_120.json,c2-inputs/c2-prod-v1/inputs/schedules/rq2_e_r0p3_s120_a_qwen3_8_flash.csv,c2-inputs/c2-prod-v1/inputs/configs/speed_120_ues_5.json,1,8.9643,7.6196,28.6176,19.7214,exploratory A/N decomposition,,,dp_r0p3_s120_u5
rq2_e_r0p3_s120_a_semif_qwen3_5_4b,RQ2,2,waiting_for_c1_ledger,E,A,SemIf-Qwen3.5-4B,0.3,120.0,5,105,345.333333,c2-inputs/c2-prod-v1/inputs/streams/rate_0p3_speed_120.json,c2-inputs/c2-prod-v1/inputs/schedules/rq2_e_r0p3_s120_a_semif_qwen3_5_4b.csv,c2-inputs/c2-prod-v1/inputs/configs/speed_120_ues_5.json,1,8.9643,7.6196,28.6176,19.7214,exploratory A/N decomposition,,,dp_r0p3_s120_u5
rq2_e_r0p3_s120_n_anyjev_l0,RQ2,2,waiting_for_c1_ledger,E,N,AnyJev-L0,0.3,120.0,5,105,345.333333,c2-inputs/c2-prod-v1/inputs/streams/rate_0p3_speed_120.json,c2-inputs/c2-prod-v1/inputs/schedules/rq2_e_r0p3_s120_n_anyjev_l0.csv,c2-inputs/c2-prod-v1/inputs/configs/speed_120_ues_5.json,1,8.9643,7.6196,28.6176,19.7214,exploratory A/N decomposition,,,dp_r0p3_s120_u5
rq2_e_r0p3_s120_n_deepseek_v4_1_flash,RQ2,2,waiting_for_c1_ledger,E,N,DeepSeek-V4.1-Flash,0.3,120.0,5,105,345.333333,c2-inputs/c2-prod-v1/inputs/streams/rate_0p3_speed_120.json,c2-inputs/c2-prod-v1/inputs/schedules/rq2_e_r0p3_s120_n_deepseek_v4_1_flash.csv,c2-inputs/c2-prod-v1/inputs/configs/speed_120_ues_5.json,1,8.9643,7.6196,28.6176,19.7214,exploratory A/N decomposition,,,dp_r0p3_s120_u5
rq2_e_r0p3_s120_n_glm_5_3_flash,RQ2,2,waiting_for_c1_ledger,E,N,GLM-5.3-Flash,0.3,120.0,5,105,345.333333,c2-inputs/c2-prod-v1/inputs/streams/rate_0p3_speed_120.json,c2-inputs/c2-prod-v1/inputs/schedules/rq2_e_r0p3_s120_n_glm_5_3_flash.csv,c2-inputs/c2-prod-v1/inputs/configs/speed_120_ues_5.json,1,8.9643,7.6196,28.6176,19.7214,exploratory A/N decomposition,,,dp_r0p3_s120_u5
rq2_e_r0p3_s120_n_jev_1_13_0,RQ2,2,waiting_for_c1_ledger,E,N,Jev-1.13.0,0.3,120.0,5,105,345.333333,c2-inputs/c2-prod-v1/inputs/streams/rate_0p3_speed_120.json,c2-inputs/c2-prod-v1/inputs/schedules/rq2_e_r0p3_s120_n_jev_1_13_0.csv,c2-inputs/c2-prod-v1/inputs/configs/speed_120_ues_5.json,1,8.9643,7.6196,28.6176,19.7214,exploratory A/N decomposition,,,dp_r0p3_s120_u5
rq2_e_r0p3_s120_n_qwen3_5_4b_json,RQ2,2,waiting_for_c1_ledger,E,N,Qwen3.5-4B-JSON,0.3,120.0,5,105,345.333333,c2-inputs/c2-prod-v1/inputs/streams/rate_0p3_speed_120.json,c2-inputs/c2-prod-v1/inputs/schedules/rq2_e_r0p3_s120_n_qwen3_5_4b_json.csv,c2-inputs/c2-prod-v1/inputs/configs/speed_120_ues_5.json,1,8.9643,7.6196,28.6176,19.7214,exploratory A/N decomposition,,,dp_r0p3_s120_u5
rq2_e_r0p3_s120_n_qwen3_8_flash,RQ2,2,waiting_for_c1_ledger,E,N,Qwen3.8-Flash,0.3,120.0,5,105,345.333333,c2-inputs/c2-prod-v1/inputs/streams/rate_0p3_speed_120.json,c2-inputs/c2-prod-v1/inputs/schedules/rq2_e_r0p3_s120_n_qwen3_8_flash.csv,c2-inputs/c2-prod-v1/inputs/configs/speed_120_ues_5.json,1,8.9643,7.6196,28.6176,19.7214,exploratory A/N decomposition,,,dp_r0p3_s120_u5
rq2_e_r0p3_s120_n_semif_qwen3_5_4b,RQ2,2,waiting_for_c1_ledger,E,N,SemIf-Qwen3.5-4B,0.3,120.0,5,105,345.333333,c2-inputs/c2-prod-v1/inputs/streams/rate_0p3_speed_120.json,c2-inputs/c2-prod-v1/inputs/schedules/rq2_e_r0p3_s120_n_semif_qwen3_5_4b.csv,c2-inputs/c2-prod-v1/inputs/configs/speed_120_ues_5.json,1,8.9643,7.6196,28.6176,19.7214,exploratory A/N decomposition,,,dp_r0p3_s120_u5
rq2_e_r0p3_s30_a_anyjev_l0,RQ2,2,waiting_for_c1_ledger,E,A,AnyJev-L0,0.3,30.0,5,105,345.333333,c2-inputs/c2-prod-v1/inputs/streams/rate_0p3_speed_30.json,c2-inputs/c2-prod-v1/inputs/schedules/rq2_e_r0p3_s30_a_anyjev_l0.csv,c2-inputs/c2-prod-v1/inputs/configs/speed_30_ues_5.json,1,8.9643,7.6196,28.6176,19.7214,exploratory A/N decomposition at base point,,,dp_r0p3_s30_u5
rq2_e_r0p3_s30_a_deepseek_v4_1_flash,RQ2,2,waiting_for_c1_ledger,E,A,DeepSeek-V4.1-Flash,0.3,30.0,5,105,345.333333,c2-inputs/c2-prod-v1/inputs/streams/rate_0p3_speed_30.json,c2-inputs/c2-prod-v1/inputs/schedules/rq2_e_r0p3_s30_a_deepseek_v4_1_flash.csv,c2-inputs/c2-prod-v1/inputs/configs/speed_30_ues_5.json,1,8.9643,7.6196,28.6176,19.7214,exploratory A/N decomposition at base point,,,dp_r0p3_s30_u5
rq2_e_r0p3_s30_a_glm_5_3_flash,RQ2,2,waiting_for_c1_ledger,E,A,GLM-5.3-Flash,0.3,30.0,5,105,345.333333,c2-inputs/c2-prod-v1/inputs/streams/rate_0p3_speed_30.json,c2-inputs/c2-prod-v1/inputs/schedules/rq2_e_r0p3_s30_a_glm_5_3_flash.csv,c2-inputs/c2-prod-v1/inputs/configs/speed_30_ues_5.json,1,8.9643,7.6196,28.6176,19.7214,exploratory A/N decomposition at base point,,,dp_r0p3_s30_u5
rq2_e_r0p3_s30_a_jev_1_13_0,RQ2,2,waiting_for_c1_ledger,E,A,Jev-1.13.0,0.3,30.0,5,105,345.333333,c2-inputs/c2-prod-v1/inputs/streams/rate_0p3_speed_30.json,c2-inputs/c2-prod-v1/inputs/schedules/rq2_e_r0p3_s30_a_jev_1_13_0.csv,c2-inputs/c2-prod-v1/inputs/configs/speed_30_ues_5.json,1,8.9643,7.6196,28.6176,19.7214,exploratory A/N decomposition at base point,,,dp_r0p3_s30_u5
rq2_e_r0p3_s30_a_qwen3_5_4b_json,RQ2,2,waiting_for_c1_ledger,E,A,Qwen3.5-4B-JSON,0.3,30.0,5,105,345.333333,c2-inputs/c2-prod-v1/inputs/streams/rate_0p3_speed_30.json,c2-inputs/c2-prod-v1/inputs/schedules/rq2_e_r0p3_s30_a_qwen3_5_4b_json.csv,c2-inputs/c2-prod-v1/inputs/configs/speed_30_ues_5.json,1,8.9643,7.6196,28.6176,19.7214,exploratory A/N decomposition at base point,,,dp_r0p3_s30_u5
rq2_e_r0p3_s30_a_qwen3_8_flash,RQ2,2,waiting_for_c1_ledger,E,A,Qwen3.8-Flash,0.3,30.0,5,105,345.333333,c2-inputs/c2-prod-v1/inputs/streams/rate_0p3_speed_30.json,c2-inputs/c2-prod-v1/inputs/schedules/rq2_e_r0p3_s30_a_qwen3_8_flash.csv,c2-inputs/c2-prod-v1/inputs/configs/speed_30_ues_5.json,1,8.9643,7.6196,28.6176,19.7214,exploratory A/N decomposition at base point,,,dp_r0p3_s30_u5
rq2_e_r0p3_s30_a_semif_qwen3_5_4b,RQ2,2,waiting_for_c1_ledger,E,A,SemIf-Qwen3.5-4B,0.3,30.0,5,105,345.333333,c2-inputs/c2-prod-v1/inputs/streams/rate_0p3_speed_30.json,c2-inputs/c2-prod-v1/inputs/schedules/rq2_e_r0p3_s30_a_semif_qwen3_5_4b.csv,c2-inputs/c2-prod-v1/inputs/configs/speed_30_ues_5.json,1,8.9643,7.6196,28.6176,19.7214,exploratory A/N decomposition at base point,,,dp_r0p3_s30_u5
rq2_e_r0p3_s30_n_anyjev_l0,RQ2,2,waiting_for_c1_ledger,E,N,AnyJev-L0,0.3,30.0,5,105,345.333333,c2-inputs/c2-prod-v1/inputs/streams/rate_0p3_speed_30.json,c2-inputs/c2-prod-v1/inputs/schedules/rq2_e_r0p3_s30_n_anyjev_l0.csv,c2-inputs/c2-prod-v1/inputs/configs/speed_30_ues_5.json,1,8.9643,7.6196,28.6176,19.7214,exploratory A/N decomposition at base point,,,dp_r0p3_s30_u5
rq2_e_r0p3_s30_n_deepseek_v4_1_flash,RQ2,2,waiting_for_c1_ledger,E,N,DeepSeek-V4.1-Flash,0.3,30.0,5,105,345.333333,c2-inputs/c2-prod-v1/inputs/streams/rate_0p3_speed_30.json,c2-inputs/c2-prod-v1/inputs/schedules/rq2_e_r0p3_s30_n_deepseek_v4_1_flash.csv,c2-inputs/c2-prod-v1/inputs/configs/speed_30_ues_5.json,1,8.9643,7.6196,28.6176,19.7214,exploratory A/N decomposition at base point,,,dp_r0p3_s30_u5
rq2_e_r0p3_s30_n_glm_5_3_flash,RQ2,2,waiting_for_c1_ledger,E,N,GLM-5.3-Flash,0.3,30.0,5,105,345.333333,c2-inputs/c2-prod-v1/inputs/streams/rate_0p3_speed_30.json,c2-inputs/c2-prod-v1/inputs/schedules/rq2_e_r0p3_s30_n_glm_5_3_flash.csv,c2-inputs/c2-prod-v1/inputs/configs/speed_30_ues_5.json,1,8.9643,7.6196,28.6176,19.7214,exploratory A/N decomposition at base point,,,dp_r0p3_s30_u5
rq2_e_r0p3_s30_n_jev_1_13_0,RQ2,2,waiting_for_c1_ledger,E,N,Jev-1.13.0,0.3,30.0,5,105,345.333333,c2-inputs/c2-prod-v1/inputs/streams/rate_0p3_speed_30.json,c2-inputs/c2-prod-v1/inputs/schedules/rq2_e_r0p3_s30_n_jev_1_13_0.csv,c2-inputs/c2-prod-v1/inputs/configs/speed_30_ues_5.json,1,8.9643,7.6196,28.6176,19.7214,exploratory A/N decomposition at base point,,,dp_r0p3_s30_u5
rq2_e_r0p3_s30_n_qwen3_5_4b_json,RQ2,2,waiting_for_c1_ledger,E,N,Qwen3.5-4B-JSON,0.3,30.0,5,105,345.333333,c2-inputs/c2-prod-v1/inputs/streams/rate_0p3_speed_30.json,c2-inputs/c2-prod-v1/inputs/schedules/rq2_e_r0p3_s30_n_qwen3_5_4b_json.csv,c2-inputs/c2-prod-v1/inputs/configs/speed_30_ues_5.json,1,8.9643,7.6196,28.6176,19.7214,exploratory A/N decomposition at base point,,,dp_r0p3_s30_u5
rq2_e_r0p3_s30_n_qwen3_8_flash,RQ2,2,waiting_for_c1_ledger,E,N,Qwen3.8-Flash,0.3,30.0,5,105,345.333333,c2-inputs/c2-prod-v1/inputs/streams/rate_0p3_speed_30.json,c2-inputs/c2-prod-v1/inputs/schedules/rq2_e_r0p3_s30_n_qwen3_8_flash.csv,c2-inputs/c2-prod-v1/inputs/configs/speed_30_ues_5.json,1,8.9643,7.6196,28.6176,19.7214,exploratory A/N decomposition at base point,,,dp_r0p3_s30_u5
rq2_e_r0p3_s30_n_semif_qwen3_5_4b,RQ2,2,waiting_for_c1_ledger,E,N,SemIf-Qwen3.5-4B,0.3,30.0,5,105,345.333333,c2-inputs/c2-prod-v1/inputs/streams/rate_0p3_speed_30.json,c2-inputs/c2-prod-v1/inputs/schedules/rq2_e_r0p3_s30_n_semif_qwen3_5_4b.csv,c2-inputs/c2-prod-v1/inputs/configs/speed_30_ues_5.json,1,8.9643,7.6196,28.6176,19.7214,exploratory A/N decomposition at base point,,,dp_r0p3_s30_u5
rq2_e_r0p3_s3_a_anyjev_l0,RQ2,2,waiting_for_c1_ledger,E,A,AnyJev-L0,0.3,3.0,5,105,345.333333,c2-inputs/c2-prod-v1/inputs/streams/rate_0p3_speed_3.json,c2-inputs/c2-prod-v1/inputs/schedules/rq2_e_r0p3_s3_a_anyjev_l0.csv,c2-inputs/c2-prod-v1/inputs/configs/speed_3_ues_5.json,1,8.9643,7.6196,28.6176,19.7214,exploratory A/N decomposition,,,dp_r0p3_s3_u5
rq2_e_r0p3_s3_a_deepseek_v4_1_flash,RQ2,2,waiting_for_c1_ledger,E,A,DeepSeek-V4.1-Flash,0.3,3.0,5,105,345.333333,c2-inputs/c2-prod-v1/inputs/streams/rate_0p3_speed_3.json,c2-inputs/c2-prod-v1/inputs/schedules/rq2_e_r0p3_s3_a_deepseek_v4_1_flash.csv,c2-inputs/c2-prod-v1/inputs/configs/speed_3_ues_5.json,1,8.9643,7.6196,28.6176,19.7214,exploratory A/N decomposition,,,dp_r0p3_s3_u5
rq2_e_r0p3_s3_a_glm_5_3_flash,RQ2,2,waiting_for_c1_ledger,E,A,GLM-5.3-Flash,0.3,3.0,5,105,345.333333,c2-inputs/c2-prod-v1/inputs/streams/rate_0p3_speed_3.json,c2-inputs/c2-prod-v1/inputs/schedules/rq2_e_r0p3_s3_a_glm_5_3_flash.csv,c2-inputs/c2-prod-v1/inputs/configs/speed_3_ues_5.json,1,8.9643,7.6196,28.6176,19.7214,exploratory A/N decomposition,,,dp_r0p3_s3_u5
rq2_e_r0p3_s3_a_jev_1_13_0,RQ2,2,waiting_for_c1_ledger,E,A,Jev-1.13.0,0.3,3.0,5,105,345.333333,c2-inputs/c2-prod-v1/inputs/streams/rate_0p3_speed_3.json,c2-inputs/c2-prod-v1/inputs/schedules/rq2_e_r0p3_s3_a_jev_1_13_0.csv,c2-inputs/c2-prod-v1/inputs/configs/speed_3_ues_5.json,1,8.9643,7.6196,28.6176,19.7214,exploratory A/N decomposition,,,dp_r0p3_s3_u5
rq2_e_r0p3_s3_a_qwen3_5_4b_json,RQ2,2,waiting_for_c1_ledger,E,A,Qwen3.5-4B-JSON,0.3,3.0,5,105,345.333333,c2-inputs/c2-prod-v1/inputs/streams/rate_0p3_speed_3.json,c2-inputs/c2-prod-v1/inputs/schedules/rq2_e_r0p3_s3_a_qwen3_5_4b_json.csv,c2-inputs/c2-prod-v1/inputs/configs/speed_3_ues_5.json,1,8.9643,7.6196,28.6176,19.7214,exploratory A/N decomposition,,,dp_r0p3_s3_u5
rq2_e_r0p3_s3_a_qwen3_8_flash,RQ2,2,waiting_for_c1_ledger,E,A,Qwen3.8-Flash,0.3,3.0,5,105,345.333333,c2-inputs/c2-prod-v1/inputs/streams/rate_0p3_speed_3.json,c2-inputs/c2-prod-v1/inputs/schedules/rq2_e_r0p3_s3_a_qwen3_8_flash.csv,c2-inputs/c2-prod-v1/inputs/configs/speed_3_ues_5.json,1,8.9643,7.6196,28.6176,19.7214,exploratory A/N decomposition,,,dp_r0p3_s3_u5
rq2_e_r0p3_s3_a_semif_qwen3_5_4b,RQ2,2,waiting_for_c1_ledger,E,A,SemIf-Qwen3.5-4B,0.3,3.0,5,105,345.333333,c2-inputs/c2-prod-v1/inputs/streams/rate_0p3_speed_3.json,c2-inputs/c2-prod-v1/inputs/schedules/rq2_e_r0p3_s3_a_semif_qwen3_5_4b.csv,c2-inputs/c2-prod-v1/inputs/configs/speed_3_ues_5.json,1,8.9643,7.6196,28.6176,19.7214,exploratory A/N decomposition,,,dp_r0p3_s3_u5
rq2_e_r0p3_s3_n_anyjev_l0,RQ2,2,waiting_for_c1_ledger,E,N,AnyJev-L0,0.3,3.0,5,105,345.333333,c2-inputs/c2-prod-v1/inputs/streams/rate_0p3_speed_3.json,c2-inputs/c2-prod-v1/inputs/schedules/rq2_e_r0p3_s3_n_anyjev_l0.csv,c2-inputs/c2-prod-v1/inputs/configs/speed_3_ues_5.json,1,8.9643,7.6196,28.6176,19.7214,exploratory A/N decomposition,,,dp_r0p3_s3_u5
rq2_e_r0p3_s3_n_deepseek_v4_1_flash,RQ2,2,waiting_for_c1_ledger,E,N,DeepSeek-V4.1-Flash,0.3,3.0,5,105,345.333333,c2-inputs/c2-prod-v1/inputs/streams/rate_0p3_speed_3.json,c2-inputs/c2-prod-v1/inputs/schedules/rq2_e_r0p3_s3_n_deepseek_v4_1_flash.csv,c2-inputs/c2-prod-v1/inputs/configs/speed_3_ues_5.json,1,8.9643,7.6196,28.6176,19.7214,exploratory A/N decomposition,,,dp_r0p3_s3_u5
rq2_e_r0p3_s3_n_glm_5_3_flash,RQ2,2,waiting_for_c1_ledger,E,N,GLM-5.3-Flash,0.3,3.0,5,105,345.333333,c2-inputs/c2-prod-v1/inputs/streams/rate_0p3_speed_3.json,c2-inputs/c2-prod-v1/inputs/schedules/rq2_e_r0p3_s3_n_glm_5_3_flash.csv,c2-inputs/c2-prod-v1/inputs/configs/speed_3_ues_5.json,1,8.9643,7.6196,28.6176,19.7214,exploratory A/N decomposition,,,dp_r0p3_s3_u5
rq2_e_r0p3_s3_n_jev_1_13_0,RQ2,2,waiting_for_c1_ledger,E,N,Jev-1.13.0,0.3,3.0,5,105,345.333333,c2-inputs/c2-prod-v1/inputs/streams/rate_0p3_speed_3.json,c2-inputs/c2-prod-v1/inputs/schedules/rq2_e_r0p3_s3_n_jev_1_13_0.csv,c2-inputs/c2-prod-v1/inputs/configs/speed_3_ues_5.json,1,8.9643,7.6196,28.6176,19.7214,exploratory A/N decomposition,,,dp_r0p3_s3_u5
rq2_e_r0p3_s3_n_qwen3_5_4b_json,RQ2,2,waiting_for_c1_ledger,E,N,Qwen3.5-4B-JSON,0.3,3.0,5,105,345.333333,c2-inputs/c2-prod-v1/inputs/streams/rate_0p3_speed_3.json,c2-inputs/c2-prod-v1/inputs/schedules/rq2_e_r0p3_s3_n_qwen3_5_4b_json.csv,c2-inputs/c2-prod-v1/inputs/configs/speed_3_ues_5.json,1,8.9643,7.6196,28.6176,19.7214,exploratory A/N decomposition,,,dp_r0p3_s3_u5
rq2_e_r0p3_s3_n_qwen3_8_flash,RQ2,2,waiting_for_c1_ledger,E,N,Qwen3.8-Flash,0.3,3.0,5,105,345.333333,c2-inputs/c2-prod-v1/inputs/streams/rate_0p3_speed_3.json,c2-inputs/c2-prod-v1/inputs/schedules/rq2_e_r0p3_s3_n_qwen3_8_flash.csv,c2-inputs/c2-prod-v1/inputs/configs/speed_3_ues_5.json,1,8.9643,7.6196,28.6176,19.7214,exploratory A/N decomposition,,,dp_r0p3_s3_u5
rq2_e_r0p3_s3_n_semif_qwen3_5_4b,RQ2,2,waiting_for_c1_ledger,E,N,SemIf-Qwen3.5-4B,0.3,3.0,5,105,345.333333,c2-inputs/c2-prod-v1/inputs/streams/rate_0p3_speed_3.json,c2-inputs/c2-prod-v1/inputs/schedules/rq2_e_r0p3_s3_n_semif_qwen3_5_4b.csv,c2-inputs/c2-prod-v1/inputs/configs/speed_3_ues_5.json,1,8.9643,7.6196,28.6176,19.7214,exploratory A/N decomposition,,,dp_r0p3_s3_u5
rq2_e_r0p3_s60_a_anyjev_l0,RQ2,2,waiting_for_c1_ledger,E,A,AnyJev-L0,0.3,60.0,5,105,345.333333,c2-inputs/c2-prod-v1/inputs/streams/rate_0p3_speed_60.json,c2-inputs/c2-prod-v1/inputs/schedules/rq2_e_r0p3_s60_a_anyjev_l0.csv,c2-inputs/c2-prod-v1/inputs/configs/speed_60_ues_5.json,1,8.9643,7.6196,28.6176,19.7214,exploratory A/N decomposition,,,dp_r0p3_s60_u5
rq2_e_r0p3_s60_a_deepseek_v4_1_flash,RQ2,2,waiting_for_c1_ledger,E,A,DeepSeek-V4.1-Flash,0.3,60.0,5,105,345.333333,c2-inputs/c2-prod-v1/inputs/streams/rate_0p3_speed_60.json,c2-inputs/c2-prod-v1/inputs/schedules/rq2_e_r0p3_s60_a_deepseek_v4_1_flash.csv,c2-inputs/c2-prod-v1/inputs/configs/speed_60_ues_5.json,1,8.9643,7.6196,28.6176,19.7214,exploratory A/N decomposition,,,dp_r0p3_s60_u5
rq2_e_r0p3_s60_a_glm_5_3_flash,RQ2,2,waiting_for_c1_ledger,E,A,GLM-5.3-Flash,0.3,60.0,5,105,345.333333,c2-inputs/c2-prod-v1/inputs/streams/rate_0p3_speed_60.json,c2-inputs/c2-prod-v1/inputs/schedules/rq2_e_r0p3_s60_a_glm_5_3_flash.csv,c2-inputs/c2-prod-v1/inputs/configs/speed_60_ues_5.json,1,8.9643,7.6196,28.6176,19.7214,exploratory A/N decomposition,,,dp_r0p3_s60_u5
rq2_e_r0p3_s60_a_jev_1_13_0,RQ2,2,waiting_for_c1_ledger,E,A,Jev-1.13.0,0.3,60.0,5,105,345.333333,c2-inputs/c2-prod-v1/inputs/streams/rate_0p3_speed_60.json,c2-inputs/c2-prod-v1/inputs/schedules/rq2_e_r0p3_s60_a_jev_1_13_0.csv,c2-inputs/c2-prod-v1/inputs/configs/speed_60_ues_5.json,1,8.9643,7.6196,28.6176,19.7214,exploratory A/N decomposition,,,dp_r0p3_s60_u5
rq2_e_r0p3_s60_a_qwen3_5_4b_json,RQ2,2,waiting_for_c1_ledger,E,A,Qwen3.5-4B-JSON,0.3,60.0,5,105,345.333333,c2-inputs/c2-prod-v1/inputs/streams/rate_0p3_speed_60.json,c2-inputs/c2-prod-v1/inputs/schedules/rq2_e_r0p3_s60_a_qwen3_5_4b_json.csv,c2-inputs/c2-prod-v1/inputs/configs/speed_60_ues_5.json,1,8.9643,7.6196,28.6176,19.7214,exploratory A/N decomposition,,,dp_r0p3_s60_u5
rq2_e_r0p3_s60_a_qwen3_8_flash,RQ2,2,waiting_for_c1_ledger,E,A,Qwen3.8-Flash,0.3,60.0,5,105,345.333333,c2-inputs/c2-prod-v1/inputs/streams/rate_0p3_speed_60.json,c2-inputs/c2-prod-v1/inputs/schedules/rq2_e_r0p3_s60_a_qwen3_8_flash.csv,c2-inputs/c2-prod-v1/inputs/configs/speed_60_ues_5.json,1,8.9643,7.6196,28.6176,19.7214,exploratory A/N decomposition,,,dp_r0p3_s60_u5
rq2_e_r0p3_s60_a_semif_qwen3_5_4b,RQ2,2,waiting_for_c1_ledger,E,A,SemIf-Qwen3.5-4B,0.3,60.0,5,105,345.333333,c2-inputs/c2-prod-v1/inputs/streams/rate_0p3_speed_60.json,c2-inputs/c2-prod-v1/inputs/schedules/rq2_e_r0p3_s60_a_semif_qwen3_5_4b.csv,c2-inputs/c2-prod-v1/inputs/configs/speed_60_ues_5.json,1,8.9643,7.6196,28.6176,19.7214,exploratory A/N decomposition,,,dp_r0p3_s60_u5
rq2_e_r0p3_s60_n_anyjev_l0,RQ2,2,waiting_for_c1_ledger,E,N,AnyJev-L0,0.3,60.0,5,105,345.333333,c2-inputs/c2-prod-v1/inputs/streams/rate_0p3_speed_60.json,c2-inputs/c2-prod-v1/inputs/schedules/rq2_e_r0p3_s60_n_anyjev_l0.csv,c2-inputs/c2-prod-v1/inputs/configs/speed_60_ues_5.json,1,8.9643,7.6196,28.6176,19.7214,exploratory A/N decomposition,,,dp_r0p3_s60_u5
rq2_e_r0p3_s60_n_deepseek_v4_1_flash,RQ2,2,waiting_for_c1_ledger,E,N,DeepSeek-V4.1-Flash,0.3,60.0,5,105,345.333333,c2-inputs/c2-prod-v1/inputs/streams/rate_0p3_speed_60.json,c2-inputs/c2-prod-v1/inputs/schedules/rq2_e_r0p3_s60_n_deepseek_v4_1_flash.csv,c2-inputs/c2-prod-v1/inputs/configs/speed_60_ues_5.json,1,8.9643,7.6196,28.6176,19.7214,exploratory A/N decomposition,,,dp_r0p3_s60_u5
rq2_e_r0p3_s60_n_glm_5_3_flash,RQ2,2,waiting_for_c1_ledger,E,N,GLM-5.3-Flash,0.3,60.0,5,105,345.333333,c2-inputs/c2-prod-v1/inputs/streams/rate_0p3_speed_60.json,c2-inputs/c2-prod-v1/inputs/schedules/rq2_e_r0p3_s60_n_glm_5_3_flash.csv,c2-inputs/c2-prod-v1/inputs/configs/speed_60_ues_5.json,1,8.9643,7.6196,28.6176,19.7214,exploratory A/N decomposition,,,dp_r0p3_s60_u5
rq2_e_r0p3_s60_n_jev_1_13_0,RQ2,2,waiting_for_c1_ledger,E,N,Jev-1.13.0,0.3,60.0,5,105,345.333333,c2-inputs/c2-prod-v1/inputs/streams/rate_0p3_speed_60.json,c2-inputs/c2-prod-v1/inputs/schedules/rq2_e_r0p3_s60_n_jev_1_13_0.csv,c2-inputs/c2-prod-v1/inputs/configs/speed_60_ues_5.json,1,8.9643,7.6196,28.6176,19.7214,exploratory A/N decomposition,,,dp_r0p3_s60_u5
rq2_e_r0p3_s60_n_qwen3_5_4b_json,RQ2,2,waiting_for_c1_ledger,E,N,Qwen3.5-4B-JSON,0.3,60.0,5,105,345.333333,c2-inputs/c2-prod-v1/inputs/streams/rate_0p3_speed_60.json,c2-inputs/c2-prod-v1/inputs/schedules/rq2_e_r0p3_s60_n_qwen3_5_4b_json.csv,c2-inputs/c2-prod-v1/inputs/configs/speed_60_ues_5.json,1,8.9643,7.6196,28.6176,19.7214,exploratory A/N decomposition,,,dp_r0p3_s60_u5
rq2_e_r0p3_s60_n_qwen3_8_flash,RQ2,2,waiting_for_c1_ledger,E,N,Qwen3.8-Flash,0.3,60.0,5,105,345.333333,c2-inputs/c2-prod-v1/inputs/streams/rate_0p3_speed_60.json,c2-inputs/c2-prod-v1/inputs/schedules/rq2_e_r0p3_s60_n_qwen3_8_flash.csv,c2-inputs/c2-prod-v1/inputs/configs/speed_60_ues_5.json,1,8.9643,7.6196,28.6176,19.7214,exploratory A/N decomposition,,,dp_r0p3_s60_u5
rq2_e_r0p3_s60_n_semif_qwen3_5_4b,RQ2,2,waiting_for_c1_ledger,E,N,SemIf-Qwen3.5-4B,0.3,60.0,5,105,345.333333,c2-inputs/c2-prod-v1/inputs/streams/rate_0p3_speed_60.json,c2-inputs/c2-prod-v1/inputs/schedules/rq2_e_r0p3_s60_n_semif_qwen3_5_4b.csv,c2-inputs/c2-prod-v1/inputs/configs/speed_60_ues_5.json,1,8.9643,7.6196,28.6176,19.7214,exploratory A/N decomposition,,,dp_r0p3_s60_u5
rq2_e_r1_s120_a_anyjev_l0,RQ2,2,waiting_for_c1_ledger,E,A,AnyJev-L0,1.0,120.0,5,105,112.0,c2-inputs/c2-prod-v1/inputs/streams/rate_1_speed_120.json,c2-inputs/c2-prod-v1/inputs/schedules/rq2_e_r1_s120_a_anyjev_l0.csv,c2-inputs/c2-prod-v1/inputs/configs/speed_120_ues_5.json,1,2.9073,2.4712,9.2814,6.3961,exploratory A/N decomposition,,,dp_r1_s120_u5
rq2_e_r1_s120_a_deepseek_v4_1_flash,RQ2,2,waiting_for_c1_ledger,E,A,DeepSeek-V4.1-Flash,1.0,120.0,5,105,112.0,c2-inputs/c2-prod-v1/inputs/streams/rate_1_speed_120.json,c2-inputs/c2-prod-v1/inputs/schedules/rq2_e_r1_s120_a_deepseek_v4_1_flash.csv,c2-inputs/c2-prod-v1/inputs/configs/speed_120_ues_5.json,1,2.9073,2.4712,9.2814,6.3961,exploratory A/N decomposition,,,dp_r1_s120_u5
rq2_e_r1_s120_a_glm_5_3_flash,RQ2,2,waiting_for_c1_ledger,E,A,GLM-5.3-Flash,1.0,120.0,5,105,112.0,c2-inputs/c2-prod-v1/inputs/streams/rate_1_speed_120.json,c2-inputs/c2-prod-v1/inputs/schedules/rq2_e_r1_s120_a_glm_5_3_flash.csv,c2-inputs/c2-prod-v1/inputs/configs/speed_120_ues_5.json,1,2.9073,2.4712,9.2814,6.3961,exploratory A/N decomposition,,,dp_r1_s120_u5
rq2_e_r1_s120_a_jev_1_13_0,RQ2,2,waiting_for_c1_ledger,E,A,Jev-1.13.0,1.0,120.0,5,105,112.0,c2-inputs/c2-prod-v1/inputs/streams/rate_1_speed_120.json,c2-inputs/c2-prod-v1/inputs/schedules/rq2_e_r1_s120_a_jev_1_13_0.csv,c2-inputs/c2-prod-v1/inputs/configs/speed_120_ues_5.json,1,2.9073,2.4712,9.2814,6.3961,exploratory A/N decomposition,,,dp_r1_s120_u5
rq2_e_r1_s120_a_qwen3_5_4b_json,RQ2,2,waiting_for_c1_ledger,E,A,Qwen3.5-4B-JSON,1.0,120.0,5,105,112.0,c2-inputs/c2-prod-v1/inputs/streams/rate_1_speed_120.json,c2-inputs/c2-prod-v1/inputs/schedules/rq2_e_r1_s120_a_qwen3_5_4b_json.csv,c2-inputs/c2-prod-v1/inputs/configs/speed_120_ues_5.json,1,2.9073,2.4712,9.2814,6.3961,exploratory A/N decomposition,,,dp_r1_s120_u5
rq2_e_r1_s120_a_qwen3_8_flash,RQ2,2,waiting_for_c1_ledger,E,A,Qwen3.8-Flash,1.0,120.0,5,105,112.0,c2-inputs/c2-prod-v1/inputs/streams/rate_1_speed_120.json,c2-inputs/c2-prod-v1/inputs/schedules/rq2_e_r1_s120_a_qwen3_8_flash.csv,c2-inputs/c2-prod-v1/inputs/configs/speed_120_ues_5.json,1,2.9073,2.4712,9.2814,6.3961,exploratory A/N decomposition,,,dp_r1_s120_u5
rq2_e_r1_s120_a_semif_qwen3_5_4b,RQ2,2,waiting_for_c1_ledger,E,A,SemIf-Qwen3.5-4B,1.0,120.0,5,105,112.0,c2-inputs/c2-prod-v1/inputs/streams/rate_1_speed_120.json,c2-inputs/c2-prod-v1/inputs/schedules/rq2_e_r1_s120_a_semif_qwen3_5_4b.csv,c2-inputs/c2-prod-v1/inputs/configs/speed_120_ues_5.json,1,2.9073,2.4712,9.2814,6.3961,exploratory A/N decomposition,,,dp_r1_s120_u5
rq2_e_r1_s120_n_anyjev_l0,RQ2,2,waiting_for_c1_ledger,E,N,AnyJev-L0,1.0,120.0,5,105,112.0,c2-inputs/c2-prod-v1/inputs/streams/rate_1_speed_120.json,c2-inputs/c2-prod-v1/inputs/schedules/rq2_e_r1_s120_n_anyjev_l0.csv,c2-inputs/c2-prod-v1/inputs/configs/speed_120_ues_5.json,1,2.9073,2.4712,9.2814,6.3961,exploratory A/N decomposition,,,dp_r1_s120_u5
rq2_e_r1_s120_n_deepseek_v4_1_flash,RQ2,2,waiting_for_c1_ledger,E,N,DeepSeek-V4.1-Flash,1.0,120.0,5,105,112.0,c2-inputs/c2-prod-v1/inputs/streams/rate_1_speed_120.json,c2-inputs/c2-prod-v1/inputs/schedules/rq2_e_r1_s120_n_deepseek_v4_1_flash.csv,c2-inputs/c2-prod-v1/inputs/configs/speed_120_ues_5.json,1,2.9073,2.4712,9.2814,6.3961,exploratory A/N decomposition,,,dp_r1_s120_u5
rq2_e_r1_s120_n_glm_5_3_flash,RQ2,2,waiting_for_c1_ledger,E,N,GLM-5.3-Flash,1.0,120.0,5,105,112.0,c2-inputs/c2-prod-v1/inputs/streams/rate_1_speed_120.json,c2-inputs/c2-prod-v1/inputs/schedules/rq2_e_r1_s120_n_glm_5_3_flash.csv,c2-inputs/c2-prod-v1/inputs/configs/speed_120_ues_5.json,1,2.9073,2.4712,9.2814,6.3961,exploratory A/N decomposition,,,dp_r1_s120_u5
rq2_e_r1_s120_n_jev_1_13_0,RQ2,2,waiting_for_c1_ledger,E,N,Jev-1.13.0,1.0,120.0,5,105,112.0,c2-inputs/c2-prod-v1/inputs/streams/rate_1_speed_120.json,c2-inputs/c2-prod-v1/inputs/schedules/rq2_e_r1_s120_n_jev_1_13_0.csv,c2-inputs/c2-prod-v1/inputs/configs/speed_120_ues_5.json,1,2.9073,2.4712,9.2814,6.3961,exploratory A/N decomposition,,,dp_r1_s120_u5
rq2_e_r1_s120_n_qwen3_5_4b_json,RQ2,2,waiting_for_c1_ledger,E,N,Qwen3.5-4B-JSON,1.0,120.0,5,105,112.0,c2-inputs/c2-prod-v1/inputs/streams/rate_1_speed_120.json,c2-inputs/c2-prod-v1/inputs/schedules/rq2_e_r1_s120_n_qwen3_5_4b_json.csv,c2-inputs/c2-prod-v1/inputs/configs/speed_120_ues_5.json,1,2.9073,2.4712,9.2814,6.3961,exploratory A/N decomposition,,,dp_r1_s120_u5
rq2_e_r1_s120_n_qwen3_8_flash,RQ2,2,waiting_for_c1_ledger,E,N,Qwen3.8-Flash,1.0,120.0,5,105,112.0,c2-inputs/c2-prod-v1/inputs/streams/rate_1_speed_120.json,c2-inputs/c2-prod-v1/inputs/schedules/rq2_e_r1_s120_n_qwen3_8_flash.csv,c2-inputs/c2-prod-v1/inputs/configs/speed_120_ues_5.json,1,2.9073,2.4712,9.2814,6.3961,exploratory A/N decomposition,,,dp_r1_s120_u5
rq2_e_r1_s120_n_semif_qwen3_5_4b,RQ2,2,waiting_for_c1_ledger,E,N,SemIf-Qwen3.5-4B,1.0,120.0,5,105,112.0,c2-inputs/c2-prod-v1/inputs/streams/rate_1_speed_120.json,c2-inputs/c2-prod-v1/inputs/schedules/rq2_e_r1_s120_n_semif_qwen3_5_4b.csv,c2-inputs/c2-prod-v1/inputs/configs/speed_120_ues_5.json,1,2.9073,2.4712,9.2814,6.3961,exploratory A/N decomposition,,,dp_r1_s120_u5
rq2_e_r1_s3_a_anyjev_l0,RQ2,2,waiting_for_c1_ledger,E,A,AnyJev-L0,1.0,3.0,5,105,112.0,c2-inputs/c2-prod-v1/inputs/streams/rate_1_speed_3.json,c2-inputs/c2-prod-v1/inputs/schedules/rq2_e_r1_s3_a_anyjev_l0.csv,c2-inputs/c2-prod-v1/inputs/configs/speed_3_ues_5.json,1,2.9073,2.4712,9.2814,6.3961,exploratory A/N decomposition,,,dp_r1_s3_u5
rq2_e_r1_s3_a_deepseek_v4_1_flash,RQ2,2,waiting_for_c1_ledger,E,A,DeepSeek-V4.1-Flash,1.0,3.0,5,105,112.0,c2-inputs/c2-prod-v1/inputs/streams/rate_1_speed_3.json,c2-inputs/c2-prod-v1/inputs/schedules/rq2_e_r1_s3_a_deepseek_v4_1_flash.csv,c2-inputs/c2-prod-v1/inputs/configs/speed_3_ues_5.json,1,2.9073,2.4712,9.2814,6.3961,exploratory A/N decomposition,,,dp_r1_s3_u5
rq2_e_r1_s3_a_glm_5_3_flash,RQ2,2,waiting_for_c1_ledger,E,A,GLM-5.3-Flash,1.0,3.0,5,105,112.0,c2-inputs/c2-prod-v1/inputs/streams/rate_1_speed_3.json,c2-inputs/c2-prod-v1/inputs/schedules/rq2_e_r1_s3_a_glm_5_3_flash.csv,c2-inputs/c2-prod-v1/inputs/configs/speed_3_ues_5.json,1,2.9073,2.4712,9.2814,6.3961,exploratory A/N decomposition,,,dp_r1_s3_u5
rq2_e_r1_s3_a_jev_1_13_0,RQ2,2,waiting_for_c1_ledger,E,A,Jev-1.13.0,1.0,3.0,5,105,112.0,c2-inputs/c2-prod-v1/inputs/streams/rate_1_speed_3.json,c2-inputs/c2-prod-v1/inputs/schedules/rq2_e_r1_s3_a_jev_1_13_0.csv,c2-inputs/c2-prod-v1/inputs/configs/speed_3_ues_5.json,1,2.9073,2.4712,9.2814,6.3961,exploratory A/N decomposition,,,dp_r1_s3_u5
rq2_e_r1_s3_a_qwen3_5_4b_json,RQ2,2,waiting_for_c1_ledger,E,A,Qwen3.5-4B-JSON,1.0,3.0,5,105,112.0,c2-inputs/c2-prod-v1/inputs/streams/rate_1_speed_3.json,c2-inputs/c2-prod-v1/inputs/schedules/rq2_e_r1_s3_a_qwen3_5_4b_json.csv,c2-inputs/c2-prod-v1/inputs/configs/speed_3_ues_5.json,1,2.9073,2.4712,9.2814,6.3961,exploratory A/N decomposition,,,dp_r1_s3_u5
rq2_e_r1_s3_a_qwen3_8_flash,RQ2,2,waiting_for_c1_ledger,E,A,Qwen3.8-Flash,1.0,3.0,5,105,112.0,c2-inputs/c2-prod-v1/inputs/streams/rate_1_speed_3.json,c2-inputs/c2-prod-v1/inputs/schedules/rq2_e_r1_s3_a_qwen3_8_flash.csv,c2-inputs/c2-prod-v1/inputs/configs/speed_3_ues_5.json,1,2.9073,2.4712,9.2814,6.3961,exploratory A/N decomposition,,,dp_r1_s3_u5
rq2_e_r1_s3_a_semif_qwen3_5_4b,RQ2,2,waiting_for_c1_ledger,E,A,SemIf-Qwen3.5-4B,1.0,3.0,5,105,112.0,c2-inputs/c2-prod-v1/inputs/streams/rate_1_speed_3.json,c2-inputs/c2-prod-v1/inputs/schedules/rq2_e_r1_s3_a_semif_qwen3_5_4b.csv,c2-inputs/c2-prod-v1/inputs/configs/speed_3_ues_5.json,1,2.9073,2.4712,9.2814,6.3961,exploratory A/N decomposition,,,dp_r1_s3_u5
rq2_e_r1_s3_n_anyjev_l0,RQ2,2,waiting_for_c1_ledger,E,N,AnyJev-L0,1.0,3.0,5,105,112.0,c2-inputs/c2-prod-v1/inputs/streams/rate_1_speed_3.json,c2-inputs/c2-prod-v1/inputs/schedules/rq2_e_r1_s3_n_anyjev_l0.csv,c2-inputs/c2-prod-v1/inputs/configs/speed_3_ues_5.json,1,2.9073,2.4712,9.2814,6.3961,exploratory A/N decomposition,,,dp_r1_s3_u5
rq2_e_r1_s3_n_deepseek_v4_1_flash,RQ2,2,waiting_for_c1_ledger,E,N,DeepSeek-V4.1-Flash,1.0,3.0,5,105,112.0,c2-inputs/c2-prod-v1/inputs/streams/rate_1_speed_3.json,c2-inputs/c2-prod-v1/inputs/schedules/rq2_e_r1_s3_n_deepseek_v4_1_flash.csv,c2-inputs/c2-prod-v1/inputs/configs/speed_3_ues_5.json,1,2.9073,2.4712,9.2814,6.3961,exploratory A/N decomposition,,,dp_r1_s3_u5
rq2_e_r1_s3_n_glm_5_3_flash,RQ2,2,waiting_for_c1_ledger,E,N,GLM-5.3-Flash,1.0,3.0,5,105,112.0,c2-inputs/c2-prod-v1/inputs/streams/rate_1_speed_3.json,c2-inputs/c2-prod-v1/inputs/schedules/rq2_e_r1_s3_n_glm_5_3_flash.csv,c2-inputs/c2-prod-v1/inputs/configs/speed_3_ues_5.json,1,2.9073,2.4712,9.2814,6.3961,exploratory A/N decomposition,,,dp_r1_s3_u5
rq2_e_r1_s3_n_jev_1_13_0,RQ2,2,waiting_for_c1_ledger,E,N,Jev-1.13.0,1.0,3.0,5,105,112.0,c2-inputs/c2-prod-v1/inputs/streams/rate_1_speed_3.json,c2-inputs/c2-prod-v1/inputs/schedules/rq2_e_r1_s3_n_jev_1_13_0.csv,c2-inputs/c2-prod-v1/inputs/configs/speed_3_ues_5.json,1,2.9073,2.4712,9.2814,6.3961,exploratory A/N decomposition,,,dp_r1_s3_u5
rq2_e_r1_s3_n_qwen3_5_4b_json,RQ2,2,waiting_for_c1_ledger,E,N,Qwen3.5-4B-JSON,1.0,3.0,5,105,112.0,c2-inputs/c2-prod-v1/inputs/streams/rate_1_speed_3.json,c2-inputs/c2-prod-v1/inputs/schedules/rq2_e_r1_s3_n_qwen3_5_4b_json.csv,c2-inputs/c2-prod-v1/inputs/configs/speed_3_ues_5.json,1,2.9073,2.4712,9.2814,6.3961,exploratory A/N decomposition,,,dp_r1_s3_u5
rq2_e_r1_s3_n_qwen3_8_flash,RQ2,2,waiting_for_c1_ledger,E,N,Qwen3.8-Flash,1.0,3.0,5,105,112.0,c2-inputs/c2-prod-v1/inputs/streams/rate_1_speed_3.json,c2-inputs/c2-prod-v1/inputs/schedules/rq2_e_r1_s3_n_qwen3_8_flash.csv,c2-inputs/c2-prod-v1/inputs/configs/speed_3_ues_5.json,1,2.9073,2.4712,9.2814,6.3961,exploratory A/N decomposition,,,dp_r1_s3_u5
rq2_e_r1_s3_n_semif_qwen3_5_4b,RQ2,2,waiting_for_c1_ledger,E,N,SemIf-Qwen3.5-4B,1.0,3.0,5,105,112.0,c2-inputs/c2-prod-v1/inputs/streams/rate_1_speed_3.json,c2-inputs/c2-prod-v1/inputs/schedules/rq2_e_r1_s3_n_semif_qwen3_5_4b.csv,c2-inputs/c2-prod-v1/inputs/configs/speed_3_ues_5.json,1,2.9073,2.4712,9.2814,6.3961,exploratory A/N decomposition,,,dp_r1_s3_u5
rq2_e_r1_s60_a_anyjev_l0,RQ2,2,waiting_for_c1_ledger,E,A,AnyJev-L0,1.0,60.0,5,105,112.0,c2-inputs/c2-prod-v1/inputs/streams/rate_1_speed_60.json,c2-inputs/c2-prod-v1/inputs/schedules/rq2_e_r1_s60_a_anyjev_l0.csv,c2-inputs/c2-prod-v1/inputs/configs/speed_60_ues_5.json,1,2.9073,2.4712,9.2814,6.3961,exploratory A/N decomposition,,,dp_r1_s60_u5
rq2_e_r1_s60_a_deepseek_v4_1_flash,RQ2,2,waiting_for_c1_ledger,E,A,DeepSeek-V4.1-Flash,1.0,60.0,5,105,112.0,c2-inputs/c2-prod-v1/inputs/streams/rate_1_speed_60.json,c2-inputs/c2-prod-v1/inputs/schedules/rq2_e_r1_s60_a_deepseek_v4_1_flash.csv,c2-inputs/c2-prod-v1/inputs/configs/speed_60_ues_5.json,1,2.9073,2.4712,9.2814,6.3961,exploratory A/N decomposition,,,dp_r1_s60_u5
rq2_e_r1_s60_a_glm_5_3_flash,RQ2,2,waiting_for_c1_ledger,E,A,GLM-5.3-Flash,1.0,60.0,5,105,112.0,c2-inputs/c2-prod-v1/inputs/streams/rate_1_speed_60.json,c2-inputs/c2-prod-v1/inputs/schedules/rq2_e_r1_s60_a_glm_5_3_flash.csv,c2-inputs/c2-prod-v1/inputs/configs/speed_60_ues_5.json,1,2.9073,2.4712,9.2814,6.3961,exploratory A/N decomposition,,,dp_r1_s60_u5
rq2_e_r1_s60_a_jev_1_13_0,RQ2,2,waiting_for_c1_ledger,E,A,Jev-1.13.0,1.0,60.0,5,105,112.0,c2-inputs/c2-prod-v1/inputs/streams/rate_1_speed_60.json,c2-inputs/c2-prod-v1/inputs/schedules/rq2_e_r1_s60_a_jev_1_13_0.csv,c2-inputs/c2-prod-v1/inputs/configs/speed_60_ues_5.json,1,2.9073,2.4712,9.2814,6.3961,exploratory A/N decomposition,,,dp_r1_s60_u5
rq2_e_r1_s60_a_qwen3_5_4b_json,RQ2,2,waiting_for_c1_ledger,E,A,Qwen3.5-4B-JSON,1.0,60.0,5,105,112.0,c2-inputs/c2-prod-v1/inputs/streams/rate_1_speed_60.json,c2-inputs/c2-prod-v1/inputs/schedules/rq2_e_r1_s60_a_qwen3_5_4b_json.csv,c2-inputs/c2-prod-v1/inputs/configs/speed_60_ues_5.json,1,2.9073,2.4712,9.2814,6.3961,exploratory A/N decomposition,,,dp_r1_s60_u5
rq2_e_r1_s60_a_qwen3_8_flash,RQ2,2,waiting_for_c1_ledger,E,A,Qwen3.8-Flash,1.0,60.0,5,105,112.0,c2-inputs/c2-prod-v1/inputs/streams/rate_1_speed_60.json,c2-inputs/c2-prod-v1/inputs/schedules/rq2_e_r1_s60_a_qwen3_8_flash.csv,c2-inputs/c2-prod-v1/inputs/configs/speed_60_ues_5.json,1,2.9073,2.4712,9.2814,6.3961,exploratory A/N decomposition,,,dp_r1_s60_u5
rq2_e_r1_s60_a_semif_qwen3_5_4b,RQ2,2,waiting_for_c1_ledger,E,A,SemIf-Qwen3.5-4B,1.0,60.0,5,105,112.0,c2-inputs/c2-prod-v1/inputs/streams/rate_1_speed_60.json,c2-inputs/c2-prod-v1/inputs/schedules/rq2_e_r1_s60_a_semif_qwen3_5_4b.csv,c2-inputs/c2-prod-v1/inputs/configs/speed_60_ues_5.json,1,2.9073,2.4712,9.2814,6.3961,exploratory A/N decomposition,,,dp_r1_s60_u5
rq2_e_r1_s60_n_anyjev_l0,RQ2,2,waiting_for_c1_ledger,E,N,AnyJev-L0,1.0,60.0,5,105,112.0,c2-inputs/c2-prod-v1/inputs/streams/rate_1_speed_60.json,c2-inputs/c2-prod-v1/inputs/schedules/rq2_e_r1_s60_n_anyjev_l0.csv,c2-inputs/c2-prod-v1/inputs/configs/speed_60_ues_5.json,1,2.9073,2.4712,9.2814,6.3961,exploratory A/N decomposition,,,dp_r1_s60_u5
rq2_e_r1_s60_n_deepseek_v4_1_flash,RQ2,2,waiting_for_c1_ledger,E,N,DeepSeek-V4.1-Flash,1.0,60.0,5,105,112.0,c2-inputs/c2-prod-v1/inputs/streams/rate_1_speed_60.json,c2-inputs/c2-prod-v1/inputs/schedules/rq2_e_r1_s60_n_deepseek_v4_1_flash.csv,c2-inputs/c2-prod-v1/inputs/configs/speed_60_ues_5.json,1,2.9073,2.4712,9.2814,6.3961,exploratory A/N decomposition,,,dp_r1_s60_u5
rq2_e_r1_s60_n_glm_5_3_flash,RQ2,2,waiting_for_c1_ledger,E,N,GLM-5.3-Flash,1.0,60.0,5,105,112.0,c2-inputs/c2-prod-v1/inputs/streams/rate_1_speed_60.json,c2-inputs/c2-prod-v1/inputs/schedules/rq2_e_r1_s60_n_glm_5_3_flash.csv,c2-inputs/c2-prod-v1/inputs/configs/speed_60_ues_5.json,1,2.9073,2.4712,9.2814,6.3961,exploratory A/N decomposition,,,dp_r1_s60_u5
rq2_e_r1_s60_n_jev_1_13_0,RQ2,2,waiting_for_c1_ledger,E,N,Jev-1.13.0,1.0,60.0,5,105,112.0,c2-inputs/c2-prod-v1/inputs/streams/rate_1_speed_60.json,c2-inputs/c2-prod-v1/inputs/schedules/rq2_e_r1_s60_n_jev_1_13_0.csv,c2-inputs/c2-prod-v1/inputs/configs/speed_60_ues_5.json,1,2.9073,2.4712,9.2814,6.3961,exploratory A/N decomposition,,,dp_r1_s60_u5
rq2_e_r1_s60_n_qwen3_5_4b_json,RQ2,2,waiting_for_c1_ledger,E,N,Qwen3.5-4B-JSON,1.0,60.0,5,105,112.0,c2-inputs/c2-prod-v1/inputs/streams/rate_1_speed_60.json,c2-inputs/c2-prod-v1/inputs/schedules/rq2_e_r1_s60_n_qwen3_5_4b_json.csv,c2-inputs/c2-prod-v1/inputs/configs/speed_60_ues_5.json,1,2.9073,2.4712,9.2814,6.3961,exploratory A/N decomposition,,,dp_r1_s60_u5
rq2_e_r1_s60_n_qwen3_8_flash,RQ2,2,waiting_for_c1_ledger,E,N,Qwen3.8-Flash,1.0,60.0,5,105,112.0,c2-inputs/c2-prod-v1/inputs/streams/rate_1_speed_60.json,c2-inputs/c2-prod-v1/inputs/schedules/rq2_e_r1_s60_n_qwen3_8_flash.csv,c2-inputs/c2-prod-v1/inputs/configs/speed_60_ues_5.json,1,2.9073,2.4712,9.2814,6.3961,exploratory A/N decomposition,,,dp_r1_s60_u5
rq2_e_r1_s60_n_semif_qwen3_5_4b,RQ2,2,waiting_for_c1_ledger,E,N,SemIf-Qwen3.5-4B,1.0,60.0,5,105,112.0,c2-inputs/c2-prod-v1/inputs/streams/rate_1_speed_60.json,c2-inputs/c2-prod-v1/inputs/schedules/rq2_e_r1_s60_n_semif_qwen3_5_4b.csv,c2-inputs/c2-prod-v1/inputs/configs/speed_60_ues_5.json,1,2.9073,2.4712,9.2814,6.3961,exploratory A/N decomposition,,,dp_r1_s60_u5
rq3_e_r0p1_s30_n_anyjev_l0,RQ3,2,ready_after_pilot,E,N,AnyJev-L0,0.1,30.0,5,105,812.838093,c2-inputs/c2-prod-v1-rq3-d16/inputs/streams/rq3_anyjev_l0_rate_0p1.json,c2-inputs/c2-prod-v1-rq3-d16/inputs/schedules/rq3_e_r0p1_s30_n_anyjev_l0.csv,c2-inputs/c2-prod-v1-rq3-d16/inputs/configs/speed_30_ues_5.json,1,21.0999,17.9349,67.3594,46.4198,first 100 arrivals from the four-slot live load trace,,,dp_rq3_anyjev_l0_r0p1_u5
rq3_e_r0p1_s30_n_deepseek_v4_1_flash,RQ3,2,ready_after_pilot,E,N,DeepSeek-V4.1-Flash,0.1,30.0,5,105,812.838093,c2-inputs/c2-prod-v1-rq3/inputs/streams/rq3_deepseek_v4_1_flash_rate_0p1.json,c2-inputs/c2-prod-v1-rq3/inputs/schedules/rq3_e_r0p1_s30_n_deepseek_v4_1_flash.csv,c2-inputs/c2-prod-v1-rq3/inputs/configs/speed_30_ues_5.json,1,21.0999,17.9349,67.3594,46.4198,first 100 arrivals from the four-slot live load trace,,,dp_rq3_deepseek_v4_1_flash_r0p1_u5
rq3_e_r0p1_s30_n_glm_5_3_flash,RQ3,2,ready_after_pilot,E,N,GLM-5.3-Flash,0.1,30.0,5,105,812.838093,c2-inputs/c2-prod-v1-rq3/inputs/streams/rq3_glm_5_3_flash_rate_0p1.json,c2-inputs/c2-prod-v1-rq3/inputs/schedules/rq3_e_r0p1_s30_n_glm_5_3_flash.csv,c2-inputs/c2-prod-v1-rq3/inputs/configs/speed_30_ues_5.json,1,21.0999,17.9349,67.3594,46.4198,first 100 arrivals from the four-slot live load trace,,,dp_rq3_glm_5_3_flash_r0p1_u5
rq3_e_r0p1_s30_n_jev_1_13_0,RQ3,2,ready_after_pilot,E,N,Jev-1.13.0,0.1,30.0,5,105,812.838093,c2-inputs/c2-prod-v1-rq3/inputs/streams/rq3_jev_1_13_0_rate_0p1.json,c2-inputs/c2-prod-v1-rq3/inputs/schedules/rq3_e_r0p1_s30_n_jev_1_13_0.csv,c2-inputs/c2-prod-v1-rq3/inputs/configs/speed_30_ues_5.json,1,21.0999,17.9349,67.3594,46.4198,first 100 arrivals from the four-slot live load trace,,,dp_rq3_jev_1_13_0_r0p1_u5
rq3_e_r0p1_s30_n_qwen3_5_4b_json,RQ3,2,ready_after_pilot,E,N,Qwen3.5-4B-JSON,0.1,30.0,5,105,812.838093,c2-inputs/c2-prod-v1-rq3/inputs/streams/rq3_qwen3_5_4b_json_rate_0p1.json,c2-inputs/c2-prod-v1-rq3/inputs/schedules/rq3_e_r0p1_s30_n_qwen3_5_4b_json.csv,c2-inputs/c2-prod-v1-rq3/inputs/configs/speed_30_ues_5.json,1,21.0999,17.9349,67.3594,46.4198,first 100 arrivals from the four-slot live load trace,,,dp_rq3_qwen3_5_4b_json_r0p1_u5
rq3_e_r0p1_s30_n_qwen3_8_flash,RQ3,2,ready_after_pilot,E,N,Qwen3.8-Flash,0.1,30.0,5,105,812.838093,c2-inputs/c2-prod-v1-rq3/inputs/streams/rq3_qwen3_8_flash_rate_0p1.json,c2-inputs/c2-prod-v1-rq3/inputs/schedules/rq3_e_r0p1_s30_n_qwen3_8_flash.csv,c2-inputs/c2-prod-v1-rq3/inputs/configs/speed_30_ues_5.json,1,21.0999,17.9349,67.3594,46.4198,first 100 arrivals from the four-slot live load trace,,,dp_rq3_qwen3_8_flash_r0p1_u5
rq3_e_r0p1_s30_n_semif_qwen3_5_4b,RQ3,2,ready_after_pilot,E,N,SemIf-Qwen3.5-4B,0.1,30.0,5,105,812.838093,c2-inputs/c2-prod-v1-rq3/inputs/streams/rq3_semif_qwen3_5_4b_rate_0p1.json,c2-inputs/c2-prod-v1-rq3/inputs/schedules/rq3_e_r0p1_s30_n_semif_qwen3_5_4b.csv,c2-inputs/c2-prod-v1-rq3/inputs/configs/speed_30_ues_5.json,1,21.0999,17.9349,67.3594,46.4198,first 100 arrivals from the four-slot live load trace,,,dp_rq3_semif_qwen3_5_4b_r0p1_u5
rq3_e_r0p5_s30_n_anyjev_l0,RQ3,2,ready_after_pilot,E,N,AnyJev-L0,0.5,30.0,5,105,172.167619,c2-inputs/c2-prod-v1-rq3-d16/inputs/streams/rq3_anyjev_l0_rate_0p5.json,c2-inputs/c2-prod-v1-rq3-d16/inputs/schedules/rq3_e_r0p5_s30_n_anyjev_l0.csv,c2-inputs/c2-prod-v1-rq3-d16/inputs/configs/speed_30_ues_5.json,1,4.4692,3.7988,14.2674,9.8322,first 100 arrivals from the four-slot live load trace,,,dp_rq3_anyjev_l0_r0p5_u5
rq3_e_r0p5_s30_n_deepseek_v4_1_flash,RQ3,2,ready_after_pilot,E,N,DeepSeek-V4.1-Flash,0.5,30.0,5,105,172.167619,c2-inputs/c2-prod-v1-rq3/inputs/streams/rq3_deepseek_v4_1_flash_rate_0p5.json,c2-inputs/c2-prod-v1-rq3/inputs/schedules/rq3_e_r0p5_s30_n_deepseek_v4_1_flash.csv,c2-inputs/c2-prod-v1-rq3/inputs/configs/speed_30_ues_5.json,1,4.4692,3.7988,14.2674,9.8322,first 100 arrivals from the four-slot live load trace,,,dp_rq3_deepseek_v4_1_flash_r0p5_u5
rq3_e_r0p5_s30_n_glm_5_3_flash,RQ3,2,ready_after_pilot,E,N,GLM-5.3-Flash,0.5,30.0,5,105,172.167619,c2-inputs/c2-prod-v1-rq3/inputs/streams/rq3_glm_5_3_flash_rate_0p5.json,c2-inputs/c2-prod-v1-rq3/inputs/schedules/rq3_e_r0p5_s30_n_glm_5_3_flash.csv,c2-inputs/c2-prod-v1-rq3/inputs/configs/speed_30_ues_5.json,1,4.4692,3.7988,14.2674,9.8322,first 100 arrivals from the four-slot live load trace,,,dp_rq3_glm_5_3_flash_r0p5_u5
rq3_e_r0p5_s30_n_jev_1_13_0,RQ3,2,ready_after_pilot,E,N,Jev-1.13.0,0.5,30.0,5,105,172.167619,c2-inputs/c2-prod-v1-rq3/inputs/streams/rq3_jev_1_13_0_rate_0p5.json,c2-inputs/c2-prod-v1-rq3/inputs/schedules/rq3_e_r0p5_s30_n_jev_1_13_0.csv,c2-inputs/c2-prod-v1-rq3/inputs/configs/speed_30_ues_5.json,1,4.4692,3.7988,14.2674,9.8322,first 100 arrivals from the four-slot live load trace,,,dp_rq3_jev_1_13_0_r0p5_u5
rq3_e_r0p5_s30_n_qwen3_5_4b_json,RQ3,2,ready_after_pilot,E,N,Qwen3.5-4B-JSON,0.5,30.0,5,105,172.167619,c2-inputs/c2-prod-v1-rq3/inputs/streams/rq3_qwen3_5_4b_json_rate_0p5.json,c2-inputs/c2-prod-v1-rq3/inputs/schedules/rq3_e_r0p5_s30_n_qwen3_5_4b_json.csv,c2-inputs/c2-prod-v1-rq3/inputs/configs/speed_30_ues_5.json,1,4.4692,3.7988,14.2674,9.8322,first 100 arrivals from the four-slot live load trace,,,dp_rq3_qwen3_5_4b_json_r0p5_u5
rq3_e_r0p5_s30_n_qwen3_8_flash,RQ3,2,ready_after_pilot,E,N,Qwen3.8-Flash,0.5,30.0,5,105,172.167619,c2-inputs/c2-prod-v1-rq3/inputs/streams/rq3_qwen3_8_flash_rate_0p5.json,c2-inputs/c2-prod-v1-rq3/inputs/schedules/rq3_e_r0p5_s30_n_qwen3_8_flash.csv,c2-inputs/c2-prod-v1-rq3/inputs/configs/speed_30_ues_5.json,1,4.4692,3.7988,14.2674,9.8322,first 100 arrivals from the four-slot live load trace,,,dp_rq3_qwen3_8_flash_r0p5_u5
rq3_e_r0p5_s30_n_semif_qwen3_5_4b,RQ3,2,ready_after_pilot,E,N,SemIf-Qwen3.5-4B,0.5,30.0,5,105,172.167619,c2-inputs/c2-prod-v1-rq3/inputs/streams/rq3_semif_qwen3_5_4b_rate_0p5.json,c2-inputs/c2-prod-v1-rq3/inputs/schedules/rq3_e_r0p5_s30_n_semif_qwen3_5_4b.csv,c2-inputs/c2-prod-v1-rq3/inputs/configs/speed_30_ues_5.json,1,4.4692,3.7988,14.2674,9.8322,first 100 arrivals from the four-slot live load trace,,,dp_rq3_semif_qwen3_5_4b_r0p5_u5
rq3_e_r1_s30_n_anyjev_l0,RQ3,2,ready_after_pilot,E,N,AnyJev-L0,1.0,30.0,5,105,112.0,c2-inputs/c2-prod-v1-rq3-d16/inputs/streams/rq3_anyjev_l0_rate_1.json,c2-inputs/c2-prod-v1-rq3-d16/inputs/schedules/rq3_e_r1_s30_n_anyjev_l0.csv,c2-inputs/c2-prod-v1-rq3-d16/inputs/configs/speed_30_ues_5.json,1,2.9073,2.4712,9.2814,6.3961,first 100 arrivals from the four-slot live load trace,,,dp_rq3_anyjev_l0_r1_u5
rq3_e_r1_s30_n_deepseek_v4_1_flash,RQ3,2,ready_after_pilot,E,N,DeepSeek-V4.1-Flash,1.0,30.0,5,105,112.0,c2-inputs/c2-prod-v1-rq3/inputs/streams/rq3_deepseek_v4_1_flash_rate_1.json,c2-inputs/c2-prod-v1-rq3/inputs/schedules/rq3_e_r1_s30_n_deepseek_v4_1_flash.csv,c2-inputs/c2-prod-v1-rq3/inputs/configs/speed_30_ues_5.json,1,2.9073,2.4712,9.2814,6.3961,first 100 arrivals from the four-slot live load trace,,,dp_rq3_deepseek_v4_1_flash_r1_u5
rq3_e_r1_s30_n_glm_5_3_flash,RQ3,2,ready_after_pilot,E,N,GLM-5.3-Flash,1.0,30.0,5,105,112.0,c2-inputs/c2-prod-v1-rq3/inputs/streams/rq3_glm_5_3_flash_rate_1.json,c2-inputs/c2-prod-v1-rq3/inputs/schedules/rq3_e_r1_s30_n_glm_5_3_flash.csv,c2-inputs/c2-prod-v1-rq3/inputs/configs/speed_30_ues_5.json,1,2.9073,2.4712,9.2814,6.3961,first 100 arrivals from the four-slot live load trace,,,dp_rq3_glm_5_3_flash_r1_u5
rq3_e_r1_s30_n_jev_1_13_0,RQ3,2,ready_after_pilot,E,N,Jev-1.13.0,1.0,30.0,5,105,112.0,c2-inputs/c2-prod-v1-rq3/inputs/streams/rq3_jev_1_13_0_rate_1.json,c2-inputs/c2-prod-v1-rq3/inputs/schedules/rq3_e_r1_s30_n_jev_1_13_0.csv,c2-inputs/c2-prod-v1-rq3/inputs/configs/speed_30_ues_5.json,1,2.9073,2.4712,9.2814,6.3961,first 100 arrivals from the four-slot live load trace,,,dp_rq3_jev_1_13_0_r1_u5
rq3_e_r1_s30_n_qwen3_5_4b_json,RQ3,2,ready_after_pilot,E,N,Qwen3.5-4B-JSON,1.0,30.0,5,105,112.0,c2-inputs/c2-prod-v1-rq3/inputs/streams/rq3_qwen3_5_4b_json_rate_1.json,c2-inputs/c2-prod-v1-rq3/inputs/schedules/rq3_e_r1_s30_n_qwen3_5_4b_json.csv,c2-inputs/c2-prod-v1-rq3/inputs/configs/speed_30_ues_5.json,1,2.9073,2.4712,9.2814,6.3961,first 100 arrivals from the four-slot live load trace,,,dp_rq3_qwen3_5_4b_json_r1_u5
rq3_e_r1_s30_n_qwen3_8_flash,RQ3,2,ready_after_pilot,E,N,Qwen3.8-Flash,1.0,30.0,5,105,112.0,c2-inputs/c2-prod-v1-rq3/inputs/streams/rq3_qwen3_8_flash_rate_1.json,c2-inputs/c2-prod-v1-rq3/inputs/schedules/rq3_e_r1_s30_n_qwen3_8_flash.csv,c2-inputs/c2-prod-v1-rq3/inputs/configs/speed_30_ues_5.json,1,2.9073,2.4712,9.2814,6.3961,first 100 arrivals from the four-slot live load trace,,,dp_rq3_qwen3_8_flash_r1_u5
rq3_e_r1_s30_n_semif_qwen3_5_4b,RQ3,2,ready_after_pilot,E,N,SemIf-Qwen3.5-4B,1.0,30.0,5,105,112.0,c2-inputs/c2-prod-v1-rq3/inputs/streams/rq3_semif_qwen3_5_4b_rate_1.json,c2-inputs/c2-prod-v1-rq3/inputs/schedules/rq3_e_r1_s30_n_semif_qwen3_5_4b.csv,c2-inputs/c2-prod-v1-rq3/inputs/configs/speed_30_ues_5.json,1,2.9073,2.4712,9.2814,6.3961,first 100 arrivals from the four-slot live load trace,,,dp_rq3_semif_qwen3_5_4b_r1_u5
rq3_e_r2_s30_n_anyjev_l0,RQ3,2,ready_after_pilot,E,N,AnyJev-L0,2.0,30.0,5,105,112.0,c2-inputs/c2-prod-v1-rq3-d16/inputs/streams/rq3_anyjev_l0_rate_2.json,c2-inputs/c2-prod-v1-rq3-d16/inputs/schedules/rq3_e_r2_s30_n_anyjev_l0.csv,c2-inputs/c2-prod-v1-rq3-d16/inputs/configs/speed_30_ues_5.json,1,2.9073,2.4712,9.2814,6.3961,first 100 arrivals from the four-slot live load trace,,,dp_rq3_anyjev_l0_r2_u5
rq3_e_r2_s30_n_deepseek_v4_1_flash,RQ3,2,ready_after_pilot,E,N,DeepSeek-V4.1-Flash,2.0,30.0,5,105,112.0,c2-inputs/c2-prod-v1-rq3/inputs/streams/rq3_deepseek_v4_1_flash_rate_2.json,c2-inputs/c2-prod-v1-rq3/inputs/schedules/rq3_e_r2_s30_n_deepseek_v4_1_flash.csv,c2-inputs/c2-prod-v1-rq3/inputs/configs/speed_30_ues_5.json,1,2.9073,2.4712,9.2814,6.3961,first 100 arrivals from the four-slot live load trace,,,dp_rq3_deepseek_v4_1_flash_r2_u5
rq3_e_r2_s30_n_glm_5_3_flash,RQ3,2,ready_after_pilot,E,N,GLM-5.3-Flash,2.0,30.0,5,105,112.0,c2-inputs/c2-prod-v1-rq3/inputs/streams/rq3_glm_5_3_flash_rate_2.json,c2-inputs/c2-prod-v1-rq3/inputs/schedules/rq3_e_r2_s30_n_glm_5_3_flash.csv,c2-inputs/c2-prod-v1-rq3/inputs/configs/speed_30_ues_5.json,1,2.9073,2.4712,9.2814,6.3961,first 100 arrivals from the four-slot live load trace,,,dp_rq3_glm_5_3_flash_r2_u5
rq3_e_r2_s30_n_jev_1_13_0,RQ3,2,ready_after_pilot,E,N,Jev-1.13.0,2.0,30.0,5,105,112.0,c2-inputs/c2-prod-v1-rq3/inputs/streams/rq3_jev_1_13_0_rate_2.json,c2-inputs/c2-prod-v1-rq3/inputs/schedules/rq3_e_r2_s30_n_jev_1_13_0.csv,c2-inputs/c2-prod-v1-rq3/inputs/configs/speed_30_ues_5.json,1,2.9073,2.4712,9.2814,6.3961,first 100 arrivals from the four-slot live load trace,,,dp_rq3_jev_1_13_0_r2_u5
rq3_e_r2_s30_n_qwen3_5_4b_json,RQ3,2,ready_after_pilot,E,N,Qwen3.5-4B-JSON,2.0,30.0,5,105,112.0,c2-inputs/c2-prod-v1-rq3/inputs/streams/rq3_qwen3_5_4b_json_rate_2.json,c2-inputs/c2-prod-v1-rq3/inputs/schedules/rq3_e_r2_s30_n_qwen3_5_4b_json.csv,c2-inputs/c2-prod-v1-rq3/inputs/configs/speed_30_ues_5.json,1,2.9073,2.4712,9.2814,6.3961,first 100 arrivals from the four-slot live load trace,,,dp_rq3_qwen3_5_4b_json_r2_u5
rq3_e_r2_s30_n_qwen3_8_flash,RQ3,2,ready_after_pilot,E,N,Qwen3.8-Flash,2.0,30.0,5,105,112.0,c2-inputs/c2-prod-v1-rq3/inputs/streams/rq3_qwen3_8_flash_rate_2.json,c2-inputs/c2-prod-v1-rq3/inputs/schedules/rq3_e_r2_s30_n_qwen3_8_flash.csv,c2-inputs/c2-prod-v1-rq3/inputs/configs/speed_30_ues_5.json,1,2.9073,2.4712,9.2814,6.3961,first 100 arrivals from the four-slot live load trace,,,dp_rq3_qwen3_8_flash_r2_u5
rq3_e_r2_s30_n_semif_qwen3_5_4b,RQ3,2,ready_after_pilot,E,N,SemIf-Qwen3.5-4B,2.0,30.0,5,105,112.0,c2-inputs/c2-prod-v1-rq3/inputs/streams/rq3_semif_qwen3_5_4b_rate_2.json,c2-inputs/c2-prod-v1-rq3/inputs/schedules/rq3_e_r2_s30_n_semif_qwen3_5_4b.csv,c2-inputs/c2-prod-v1-rq3/inputs/configs/speed_30_ues_5.json,1,2.9073,2.4712,9.2814,6.3961,first 100 arrivals from the four-slot live load trace,,,dp_rq3_semif_qwen3_5_4b_r2_u5
rq3_scale_e_r1_s30_n_anyjev_l0,RQ3,2,ready_after_pilot,E,N,AnyJev-L0,1.0,30.0,20,420,112.0,c2-inputs/c2-prod-v1-rq3-d16/inputs/streams/rq3_anyjev_l0_rate_1.json,c2-inputs/c2-prod-v1-rq3-d16/inputs/schedules/rq3_scale_e_r1_s30_n_anyjev_l0.csv,c2-inputs/c2-prod-v1-rq3-d16/inputs/configs/speed_30_ues_20.json,1,23.2587,19.7699,74.251,51.1691,21 cells x 20 UEs/cell scale point,,,dp_rq3_anyjev_l0_r1_u20
rq3_scale_e_r1_s30_n_deepseek_v4_1_flash,RQ3,2,ready_after_pilot,E,N,DeepSeek-V4.1-Flash,1.0,30.0,20,420,112.0,c2-inputs/c2-prod-v1-rq3/inputs/streams/rq3_deepseek_v4_1_flash_rate_1.json,c2-inputs/c2-prod-v1-rq3/inputs/schedules/rq3_scale_e_r1_s30_n_deepseek_v4_1_flash.csv,c2-inputs/c2-prod-v1-rq3/inputs/configs/speed_30_ues_20.json,1,23.2587,19.7699,74.251,51.1691,21 cells x 20 UEs/cell scale point,,,dp_rq3_deepseek_v4_1_flash_r1_u20
rq3_scale_e_r1_s30_n_glm_5_3_flash,RQ3,2,ready_after_pilot,E,N,GLM-5.3-Flash,1.0,30.0,20,420,112.0,c2-inputs/c2-prod-v1-rq3/inputs/streams/rq3_glm_5_3_flash_rate_1.json,c2-inputs/c2-prod-v1-rq3/inputs/schedules/rq3_scale_e_r1_s30_n_glm_5_3_flash.csv,c2-inputs/c2-prod-v1-rq3/inputs/configs/speed_30_ues_20.json,1,23.2587,19.7699,74.251,51.1691,21 cells x 20 UEs/cell scale point,,,dp_rq3_glm_5_3_flash_r1_u20
rq3_scale_e_r1_s30_n_jev_1_13_0,RQ3,2,ready_after_pilot,E,N,Jev-1.13.0,1.0,30.0,20,420,112.0,c2-inputs/c2-prod-v1-rq3/inputs/streams/rq3_jev_1_13_0_rate_1.json,c2-inputs/c2-prod-v1-rq3/inputs/schedules/rq3_scale_e_r1_s30_n_jev_1_13_0.csv,c2-inputs/c2-prod-v1-rq3/inputs/configs/speed_30_ues_20.json,1,23.2587,19.7699,74.251,51.1691,21 cells x 20 UEs/cell scale point,,,dp_rq3_jev_1_13_0_r1_u20
rq3_scale_e_r1_s30_n_qwen3_5_4b_json,RQ3,2,ready_after_pilot,E,N,Qwen3.5-4B-JSON,1.0,30.0,20,420,112.0,c2-inputs/c2-prod-v1-rq3/inputs/streams/rq3_qwen3_5_4b_json_rate_1.json,c2-inputs/c2-prod-v1-rq3/inputs/schedules/rq3_scale_e_r1_s30_n_qwen3_5_4b_json.csv,c2-inputs/c2-prod-v1-rq3/inputs/configs/speed_30_ues_20.json,1,23.2587,19.7699,74.251,51.1691,21 cells x 20 UEs/cell scale point,,,dp_rq3_qwen3_5_4b_json_r1_u20
rq3_scale_e_r1_s30_n_qwen3_8_flash,RQ3,2,ready_after_pilot,E,N,Qwen3.8-Flash,1.0,30.0,20,420,112.0,c2-inputs/c2-prod-v1-rq3/inputs/streams/rq3_qwen3_8_flash_rate_1.json,c2-inputs/c2-prod-v1-rq3/inputs/schedules/rq3_scale_e_r1_s30_n_qwen3_8_flash.csv,c2-inputs/c2-prod-v1-rq3/inputs/configs/speed_30_ues_20.json,1,23.2587,19.7699,74.251,51.1691,21 cells x 20 UEs/cell scale point,,,dp_rq3_qwen3_8_flash_r1_u20
rq3_scale_e_r1_s30_n_semif_qwen3_5_4b,RQ3,2,ready_after_pilot,E,N,SemIf-Qwen3.5-4B,1.0,30.0,20,420,112.0,c2-inputs/c2-prod-v1-rq3/inputs/streams/rq3_semif_qwen3_5_4b_rate_1.json,c2-inputs/c2-prod-v1-rq3/inputs/schedules/rq3_scale_e_r1_s30_n_semif_qwen3_5_4b.csv,c2-inputs/c2-prod-v1-rq3/inputs/configs/speed_30_ues_20.json,1,23.2587,19.7699,74.251,51.1691,21 cells x 20 UEs/cell scale point,,,dp_rq3_semif_qwen3_5_4b_r1_u20
rq5_e_r0p3_s30_b_requery_1s_anyjev_l0,RQ5,3,waiting_for_c1_ledger_and_pilot,E,b-requery-1s,AnyJev-L0,0.3,30.0,5,105,345.333333,c2-inputs/c2-prod-v1/inputs/streams/rate_0p3_speed_30.json,c2-inputs/c2-prod-v1/inputs/schedules/rq5_e_r0p3_s30_b_requery_1s_anyjev_l0.csv,c2-inputs/c2-prod-v1/inputs/configs/speed_30_ues_5.json,1,8.9643,7.6196,28.6176,19.7214,new arm (b); arms (a)/(c) are zero-incremental-cost references,rq2_e_r0p3_s30_n_anyjev_l0,rq1_e_r0p3_s30_oracle,dp_r0p3_s30_u5
rq5_e_r0p3_s30_b_requery_1s_deepseek_v4_1_flash,RQ5,3,waiting_for_c1_ledger_and_pilot,E,b-requery-1s,DeepSeek-V4.1-Flash,0.3,30.0,5,105,345.333333,c2-inputs/c2-prod-v1/inputs/streams/rate_0p3_speed_30.json,c2-inputs/c2-prod-v1/inputs/schedules/rq5_e_r0p3_s30_b_requery_1s_deepseek_v4_1_flash.csv,c2-inputs/c2-prod-v1/inputs/configs/speed_30_ues_5.json,1,8.9643,7.6196,28.6176,19.7214,new arm (b); arms (a)/(c) are zero-incremental-cost references,rq2_e_r0p3_s30_n_deepseek_v4_1_flash,rq1_e_r0p3_s30_oracle,dp_r0p3_s30_u5
rq5_e_r0p3_s30_b_requery_1s_glm_5_3_flash,RQ5,3,waiting_for_c1_ledger_and_pilot,E,b-requery-1s,GLM-5.3-Flash,0.3,30.0,5,105,345.333333,c2-inputs/c2-prod-v1/inputs/streams/rate_0p3_speed_30.json,c2-inputs/c2-prod-v1/inputs/schedules/rq5_e_r0p3_s30_b_requery_1s_glm_5_3_flash.csv,c2-inputs/c2-prod-v1/inputs/configs/speed_30_ues_5.json,1,8.9643,7.6196,28.6176,19.7214,new arm (b); arms (a)/(c) are zero-incremental-cost references,rq2_e_r0p3_s30_n_glm_5_3_flash,rq1_e_r0p3_s30_oracle,dp_r0p3_s30_u5
rq5_e_r0p3_s30_b_requery_1s_jev_1_13_0,RQ5,3,waiting_for_c1_ledger_and_pilot,E,b-requery-1s,Jev-1.13.0,0.3,30.0,5,105,345.333333,c2-inputs/c2-prod-v1/inputs/streams/rate_0p3_speed_30.json,c2-inputs/c2-prod-v1/inputs/schedules/rq5_e_r0p3_s30_b_requery_1s_jev_1_13_0.csv,c2-inputs/c2-prod-v1/inputs/configs/speed_30_ues_5.json,1,8.9643,7.6196,28.6176,19.7214,new arm (b); arms (a)/(c) are zero-incremental-cost references,rq2_e_r0p3_s30_n_jev_1_13_0,rq1_e_r0p3_s30_oracle,dp_r0p3_s30_u5
rq5_e_r0p3_s30_b_requery_1s_qwen3_5_4b_json,RQ5,3,waiting_for_c1_ledger_and_pilot,E,b-requery-1s,Qwen3.5-4B-JSON,0.3,30.0,5,105,345.333333,c2-inputs/c2-prod-v1/inputs/streams/rate_0p3_speed_30.json,c2-inputs/c2-prod-v1/inputs/schedules/rq5_e_r0p3_s30_b_requery_1s_qwen3_5_4b_json.csv,c2-inputs/c2-prod-v1/inputs/configs/speed_30_ues_5.json,1,8.9643,7.6196,28.6176,19.7214,new arm (b); arms (a)/(c) are zero-incremental-cost references,rq2_e_r0p3_s30_n_qwen3_5_4b_json,rq1_e_r0p3_s30_oracle,dp_r0p3_s30_u5
rq5_e_r0p3_s30_b_requery_1s_qwen3_8_flash,RQ5,3,waiting_for_c1_ledger_and_pilot,E,b-requery-1s,Qwen3.8-Flash,0.3,30.0,5,105,345.333333,c2-inputs/c2-prod-v1/inputs/streams/rate_0p3_speed_30.json,c2-inputs/c2-prod-v1/inputs/schedules/rq5_e_r0p3_s30_b_requery_1s_qwen3_8_flash.csv,c2-inputs/c2-prod-v1/inputs/configs/speed_30_ues_5.json,1,8.9643,7.6196,28.6176,19.7214,new arm (b); arms (a)/(c) are zero-incremental-cost references,rq2_e_r0p3_s30_n_qwen3_8_flash,rq1_e_r0p3_s30_oracle,dp_r0p3_s30_u5
rq5_e_r0p3_s30_b_requery_1s_semif_qwen3_5_4b,RQ5,3,waiting_for_c1_ledger_and_pilot,E,b-requery-1s,SemIf-Qwen3.5-4B,0.3,30.0,5,105,345.333333,c2-inputs/c2-prod-v1/inputs/streams/rate_0p3_speed_30.json,c2-inputs/c2-prod-v1/inputs/schedules/rq5_e_r0p3_s30_b_requery_1s_semif_qwen3_5_4b.csv,c2-inputs/c2-prod-v1/inputs/configs/speed_30_ues_5.json,1,8.9643,7.6196,28.6176,19.7214,new arm (b); arms (a)/(c) are zero-incremental-cost references,rq2_e_r0p3_s30_n_semif_qwen3_5_4b,rq1_e_r0p3_s30_oracle,dp_r0p3_s30_u5
